Completion_Time,Feedback_Rating,Attendance,Performance_Score,Predicted_Score,Performance_Category
3.26,4.09,86.5,70.98,78.11525000000005,Excel
3.92,1.33,59.23,42.16,51.781049999999944,Struggle
5.78,2.87,42.98,49.89,51.76585000000002,Struggle
4.28,1.43,83.16,68.49,62.21320000000002,Average
1.53,1.91,74.1,77.51,74.62100000000008,Average
2.07,2.46,86.93,97.98,91.62264999999978,Excel
1.24,1.8,98.06,72.22,73.1453999999998,Average
5.86,3.38,55.83,55.62,57.001600000000096,Struggle
4.23,3.05,85.48,79.96,73.43985,Average
5.31,2.04,61.52,65.64,59.415299999999945,Struggle
1.0,4.34,0.0,95.37,87.04849999999996,Excel
7.0,1.92,31.05,59.55,51.610099999999974,Struggle
5.9,2.71,56.8,73.69,54.21215000000006,Struggle
1.98,1.33,65.99,68.94,69.30060000000007,Average
2.22,1.01,67.1,73.52,59.634049999999995,Struggle
1.84,1.0,94.98,66.79,67.75175000000021,Average
2.82,1.0,87.09,52.54,57.6361500000001,Struggle
3.92,3.56,98.61,59.46,79.7017,Excel
3.54,1.0,8.47,56.65,57.22739999999986,Struggle
3.05,2.87,26.47,58.19,75.73304999999999,Excel
4.39,1.0,66.38,53.18,53.45044999999999,Struggle
2.24,1.8,42.26,56.06,56.75759999999998,Struggle
3.04,5.0,66.32,86.84,85.51884999999999,Excel
3.03,1.83,83.65,56.18,66.27115000000005,Average
3.42,4.74,76.54,81.34,82.1799000000001,Excel
5.49,1.0,69.27,43.09,43.63420000000005,Struggle
2.03,4.45,57.45,84.88,83.03999999999978,Excel
4.15,3.57,51.11,78.32,70.74244999999992,Average
4.1,2.62,60.94,64.94,64.72375000000005,Average
1.69,5.0,3.33,78.86,96.83912999999997,Excel
4.25,1.82,89.27,50.05,54.169199999999975,Struggle
1.8,5.0,55.62,86.89,90.64419999999998,Excel
1.0,5.0,86.21,100.0,98.1283,Excel
6.45,4.38,69.28,69.46,65.14414999999991,Average
7.0,2.64,24.4,58.41,55.86389999999992,Struggle
5.97,2.18,90.64,55.13,55.44580000000002,Struggle
2.56,5.0,78.98,94.96,82.46064999999993,Excel
1.96,2.97,61.79,63.74,76.20400000000002,Excel
5.41,4.05,94.73,65.78,68.63935000000018,Average
3.89,3.0,52.26,41.81,66.32924999999999,Average
2.08,2.69,60.09,90.93,85.26150000000013,Excel
4.09,1.0,87.6,52.86,53.88395000000002,Struggle
1.21,1.0,1.76,73.71,71.48194999999973,Average
6.33,2.23,64.46,52.61,50.50409999999998,Struggle
2.27,4.86,66.83,77.14,78.1739999999999,Excel
5.04,3.28,92.9,74.13,71.5841499999998,Average
3.26,1.0,65.68,56.28,56.69985000000006,Struggle
4.21,1.8,59.79,45.0,50.035550000000015,Struggle
4.7,3.83,41.66,77.46,74.15959999999977,Average
1.97,5.0,95.51,100.0,99.36370000000001,Excel
7.0,3.24,52.18,57.6,46.30654999999998,Struggle
5.8,3.64,88.29,66.46,65.9103999999998,Average
6.81,5.0,52.53,72.34,69.49415000000008,Average
6.52,1.0,71.27,55.67,50.052500000000045,Struggle
4.31,4.7,87.2,64.48,67.82369999999987,Average
6.17,1.91,98.29,63.22,58.29614999999992,Struggle
2.01,1.79,61.46,76.85,73.80825000000019,Average
1.73,4.9,57.18,77.79,80.10410000000027,Excel
1.24,2.11,6.07,89.23,87.847,Excel
2.88,3.87,83.45,71.0,87.95494999999997,Excel
3.19,2.83,71.9,60.83,63.94254999999995,Average
2.91,2.75,78.66,52.59,57.65510000000007,Struggle
6.22,4.93,4.95,66.57,64.5409499999999,Average
3.55,1.72,88.65,60.7,63.86215000000012,Average
2.59,1.0,95.99,69.42,67.69255000000005,Average
4.32,4.42,44.68,66.73,66.2198499999998,Average
2.24,1.72,64.67,78.72,75.79449999999979,Excel
6.3,2.01,60.28,68.4,59.51129999999986,Struggle
1.92,3.81,70.79,80.42,81.36500000000008,Excel
7.0,3.58,79.73,74.88,64.85699999999986,Average
5.27,5.0,71.0,71.83,74.04039999999998,Average
1.71,2.23,36.28,80.07,77.73059999999982,Excel
1.36,1.54,4.77,85.98,83.07194999999983,Excel
6.23,2.01,84.55,56.38,54.80864999999992,Struggle
5.49,2.93,63.3,84.76,74.50815000000011,Average
5.15,1.9,74.67,49.77,52.01965000000018,Struggle
5.77,1.0,58.26,43.04,42.04365000000001,Struggle
1.26,2.57,70.73,74.32,77.06409999999988,Excel
3.92,1.0,89.31,57.35,57.9770500000001,Struggle
1.58,5.0,70.64,95.12,92.61650000000013,Excel
6.59,1.35,84.83,66.09,52.64180000000006,Struggle
4.47,4.83,75.36,70.45,73.00060000000019,Average
3.07,4.42,37.83,77.46,76.20849999999976,Excel
1.24,3.79,89.81,84.33,85.61255,Excel
3.03,1.93,54.21,48.26,52.82935000000013,Struggle
3.01,4.25,76.24,73.87,74.13170000000015,Average
5.8,4.66,60.44,67.3,65.47599999999989,Average
4.43,1.67,1.95,54.52,57.7845000000002,Struggle
3.92,3.03,75.15,70.27,64.85274999999996,Average
4.1,2.71,74.98,54.45,57.151500000000084,Struggle
1.59,3.49,85.35,73.5,76.3485,Excel
4.95,2.87,52.75,53.12,55.14350000000006,Struggle
5.56,3.29,86.39,55.68,61.90879999999992,Average
4.52,4.19,70.48,79.87,66.96595,Average
5.17,5.0,46.61,78.67,78.57595000000002,Excel
3.75,2.33,78.85,68.34,67.96725000000008,Average
4.45,3.16,44.48,71.42,58.048299999999955,Struggle
3.59,2.87,7.37,75.39,71.8969,Average
1.0,1.0,8.66,81.78,78.48500000000018,Excel
1.43,2.47,59.64,62.92,68.05175000000003,Average
1.33,5.0,0.32,100.0,96.45087999999996,Excel
4.52,4.27,26.77,58.27,63.252199999999974,Average
3.22,4.73,65.42,85.64,83.85024999999987,Excel
4.23,3.15,31.77,53.08,63.50060000000005,Average
6.42,2.81,56.64,67.79,62.916850000000224,Average
3.92,1.0,56.56,55.73,54.492549999999795,Struggle
3.35,1.04,60.68,61.58,58.17179999999997,Struggle
5.27,2.05,91.43,64.25,60.156450000000106,Struggle
2.53,3.08,43.27,70.56,73.81099999999999,Average
1.53,1.0,72.92,62.97,64.98794999999987,Average
2.58,1.0,96.65,66.24,66.80099999999989,Average
1.81,1.0,91.54,60.9,64.85214999999985,Average
6.48,5.0,74.97,64.58,66.94409999999989,Average
5.64,4.57,85.09,56.8,61.09874999999991,Average
5.01,2.18,78.35,48.86,53.41974999999999,Struggle
6.38,1.0,66.83,41.03,39.07474999999992,Struggle
5.76,1.0,66.55,36.92,40.85655000000001,Struggle
2.02,2.87,73.1,79.76,78.01015000000018,Excel
6.23,2.98,66.83,29.18,39.75800000000002,Struggle
3.92,3.82,67.87,71.09,70.76764999999992,Average
5.43,1.8,53.35,40.53,40.26454999999996,Struggle
6.15,1.8,97.66,50.69,50.222199999999965,Struggle
2.73,2.56,98.15,97.99,90.62519999999999,Excel
1.71,4.67,77.79,84.48,87.06029999999973,Excel
2.64,1.09,80.33,63.75,66.14864999999995,Average
3.46,4.0,59.29,80.95,79.83810000000017,Excel
6.35,1.97,84.77,63.24,58.40759999999988,Struggle
6.49,4.0,31.43,62.25,64.65630000000003,Average
1.52,5.0,6.44,86.3,89.8435499999998,Excel
4.44,1.73,83.42,73.85,69.08735000000017,Average
3.62,4.77,65.52,83.1,82.68545000000016,Excel
2.43,1.0,52.49,53.85,57.42949999999998,Struggle
1.35,3.3,91.59,93.27,86.56815,Excel
3.25,3.64,65.52,65.99,69.93449999999993,Average
6.76,1.0,24.38,33.42,36.07115000000005,Struggle
2.95,1.0,53.74,44.75,58.07220000000007,Struggle
4.3,2.87,42.03,52.1,56.23590000000011,Struggle
5.16,3.4,58.9,66.61,63.95065000000009,Average
3.2,3.07,5.95,82.65,79.30519999999981,Excel
6.73,3.01,41.09,52.74,53.237199999999866,Struggle
6.99,1.8,90.23,43.18,45.055750000000096,Struggle
2.89,1.88,58.69,73.36,68.27850000000007,Average
4.32,5.0,74.64,82.74,80.99984999999991,Excel
3.1,1.59,84.4,71.36,69.81890000000013,Average
2.22,2.5,82.6,83.42,77.54124999999995,Excel
1.63,5.0,7.63,92.12,93.12435000000009,Excel
4.43,4.94,70.85,84.51,78.71265000000015,Excel
4.41,2.08,23.9,59.87,60.492350000000116,Struggle
1.01,2.43,74.69,95.39,89.10239999999983,Excel
2.61,4.17,61.66,71.83,83.96724999999996,Excel
6.7,5.0,53.89,62.35,64.27320000000013,Average
2.58,3.56,0.0,55.82,65.0176499999999,Average
1.79,2.87,24.18,68.74,69.2369499999999,Average
4.12,2.81,81.65,48.83,53.49154999999993,Struggle
6.96,3.18,62.99,64.23,58.506399999999864,Struggle
2.23,1.67,59.51,70.24,69.8050999999999,Average
5.18,1.8,50.21,50.92,48.43535000000004,Struggle
5.27,1.0,80.68,47.99,48.47850000000001,Struggle
2.62,4.41,62.43,84.95,84.23820000000018,Excel
4.87,5.0,36.75,70.71,74.75209999999971,Average
3.26,4.81,80.68,70.34,76.28240000000007,Excel
4.69,4.26,97.29,75.15,75.89034999999984,Excel
4.6,4.5,83.74,69.65,70.99069999999989,Average
4.23,1.0,89.15,62.94,59.60435000000006,Struggle
3.92,4.46,66.83,95.14,84.13309999999987,Excel
6.48,1.0,63.61,43.65,41.413349999999916,Struggle
3.25,3.47,72.71,72.52,73.57410000000023,Average
2.34,2.18,90.36,78.81,77.77369999999992,Excel
1.22,2.79,7.59,83.76,84.33150000000009,Excel
4.44,4.43,92.34,66.34,78.65360000000003,Excel
4.6,2.88,99.44,74.19,72.3346500000001,Average
1.0,2.36,8.86,65.59,71.22805000000005,Average
4.42,2.05,52.27,60.79,63.54910000000012,Average
2.24,1.0,57.48,58.69,58.53859999999998,Struggle
4.83,3.34,38.28,47.96,53.04809999999987,Struggle
1.82,2.86,56.55,52.66,57.11254999999992,Struggle
4.92,4.85,93.53,74.93,74.68010000000011,Average
2.88,2.51,51.16,62.03,63.39600000000009,Average
6.73,2.51,65.79,57.36,56.25050000000002,Struggle
1.78,3.71,59.23,82.34,81.53515000000007,Excel
3.16,1.72,96.58,81.88,76.81139999999986,Excel
1.73,3.68,63.2,83.41,81.63904999999995,Excel
6.85,2.35,6.32,53.18,52.688200000000045,Struggle
6.51,2.3,98.62,54.43,56.61135000000009,Struggle
2.82,3.36,74.85,81.54,79.0347500000002,Excel
4.96,1.98,61.72,57.5,50.85860000000002,Struggle
5.75,4.2,59.69,63.01,62.83330000000005,Average
4.76,4.0,61.15,75.25,76.448,Excel
3.73,2.87,85.43,59.25,62.49090000000005,Average
2.1,1.8,20.54,54.91,56.54784999999992,Struggle
1.48,4.32,52.57,76.8,78.76004999999981,Excel
6.49,2.0,80.41,46.14,49.717050000000015,Struggle
5.91,1.0,82.1,39.65,42.305499999999896,Struggle
5.02,4.0,83.26,85.35,82.93895000000009,Excel
3.09,1.0,48.22,60.99,59.92584999999989,Struggle
3.08,3.72,55.6,96.92,87.5397,Excel
3.92,2.87,76.68,70.12,71.7700000000001,Average
6.4,3.85,66.83,62.36,62.979050000000086,Average
5.98,1.8,89.85,52.42,50.97995000000005,Struggle
5.29,1.0,66.87,58.03,53.757065714285766,Struggle
4.64,2.89,20.76,61.65,58.366649999999865,Struggle
1.71,3.29,66.83,64.58,71.63554999999992,Average
2.06,1.22,74.38,73.71,72.26204999999973,Average
6.37,2.87,57.32,44.36,50.696350000000045,Struggle
4.71,2.44,93.39,59.92,64.72205000000008,Average
1.12,1.0,7.29,62.56,64.17454999999997,Average
1.42,3.15,66.83,96.77,88.9830500000002,Excel
4.58,3.27,48.92,55.34,57.33990000000008,Struggle
1.43,1.8,9.28,61.66,64.54034999999992,Average
2.06,4.32,59.61,79.9,80.36274999999989,Excel
4.49,4.0,34.34,84.11,81.6728000000001,Excel
5.11,1.32,52.37,46.04,51.98125000000005,Struggle
5.17,2.27,62.04,42.81,56.73869999999994,Struggle
2.43,3.08,67.27,76.93,75.19830000000012,Excel
4.82,5.0,91.66,82.64,82.39279999999987,Excel
2.81,3.94,28.36,80.19,78.2894000000001,Excel
2.76,4.29,66.83,77.46,76.5717999999997,Excel
5.12,2.06,71.97,47.8,56.19265000000004,Struggle
4.49,3.97,89.24,66.59,68.9887500000001,Average
6.32,2.16,98.81,45.2,51.44265000000003,Struggle
5.15,2.87,61.99,68.47,66.27984999999984,Average
4.61,2.87,57.88,80.61,60.126749999999994,Struggle
1.98,4.0,81.09,100.0,90.08009999999999,Excel
3.06,1.84,68.2,62.31,60.917049999999975,Average
2.65,1.0,66.83,57.38,59.308999999999834,Struggle
2.58,2.98,71.2,74.1,73.30935000000015,Average
7.0,3.63,61.4,61.02,57.542300000000175,Struggle
3.17,3.96,53.5,77.93,78.4083500000001,Excel
6.81,3.37,76.78,47.68,52.02030000000011,Struggle
4.44,3.65,3.74,56.87,62.10110000000016,Average
3.92,1.05,86.9,64.93,63.447100000000134,Average
4.15,3.12,66.37,58.41,63.40794999999992,Average
4.78,3.44,3.34,87.76,77.76770000000016,Excel
3.49,4.5,88.45,70.81,78.48730000000019,Excel
1.75,3.2,28.73,85.78,82.71390000000015,Excel
4.9,2.32,11.96,52.28,53.66580000000009,Struggle
2.77,3.09,55.91,80.96,79.79319999999971,Excel
1.25,1.0,3.33,78.44,75.68980000000006,Excel
5.28,4.0,91.83,76.7,77.39855000000018,Excel
2.03,2.9,64.76,60.79,76.15355000000001,Excel
6.21,2.18,44.04,57.45,57.34325000000007,Struggle
6.43,1.66,89.64,45.35,49.5833500000001,Struggle
6.0,4.5,96.89,64.3,68.11179999999987,Average
3.5,3.07,88.96,72.88,74.66054999999984,Average
1.41,2.87,5.03,78.77,79.30095000000014,Excel
7.0,3.87,62.13,73.31,53.407699999999984,Struggle
3.48,1.44,40.3,60.39,60.60519999999994,Average
6.32,5.0,61.68,58.89,61.981349999999885,Average
6.51,4.0,90.4,74.13,74.13745000000013,Average
6.21,2.68,69.35,37.4,43.30844999999987,Struggle
3.23,3.6,61.59,86.54,82.6363500000003,Excel
2.91,1.01,66.83,55.26,65.05064999999996,Average
5.73,2.87,91.21,45.19,55.24789999999995,Struggle
3.92,3.41,42.07,67.23,64.65719999999979,Average
3.92,2.87,72.01,97.53,86.56215000000013,Excel
4.09,1.0,66.83,49.12,52.85745000000011,Struggle
6.93,1.35,53.51,52.19,47.96754999999993,Struggle
4.81,4.61,97.41,67.83,70.26054999999995,Average
4.85,5.0,78.68,81.03,80.9931500000002,Excel
1.28,1.8,54.1,67.66,62.018650000000086,Average
4.27,3.53,63.06,72.83,70.71959999999994,Average
6.78,1.72,93.29,64.95,61.3672500000001,Average
1.53,3.48,45.62,86.99,85.73304999999995,Excel
4.14,5.0,96.36,90.39,88.89219999999995,Excel
3.92,4.09,53.24,60.4,63.986299999999886,Average
5.43,1.0,55.66,34.07,43.84474999999994,Struggle
5.34,1.88,79.84,59.19,59.07815000000003,Struggle
5.07,2.39,67.7,53.6,63.486900000000006,Average
2.69,2.04,73.21,67.28,70.47370000000015,Average
3.23,2.87,66.4,69.27,68.9631500000002,Average
6.18,1.54,70.24,49.57,50.76564999999991,Struggle
5.43,2.53,91.13,59.18,59.45120000000011,Struggle
6.15,4.0,79.67,73.16,73.3056999999999,Average
3.92,1.15,99.87,50.1,58.58155250000011,Struggle
3.76,2.69,89.34,87.43,77.24665,Excel
4.09,1.0,63.68,68.06,61.75365,Average
5.82,3.29,63.22,58.39,59.15974999999993,Struggle
4.61,5.0,66.79,77.1,76.62290000000016,Excel
4.85,2.24,92.16,58.56,63.20975000000001,Average
6.03,2.52,9.8,44.52,48.91915000000014,Struggle
6.16,1.64,27.5,43.47,45.76160000000001,Struggle
2.77,4.1,69.96,74.49,75.79354999999984,Excel
3.49,3.7,81.99,88.46,82.36169999999974,Excel
1.8,5.0,0.0,88.24,92.03667833333324,Excel
4.25,2.24,60.96,48.52,52.52025000000019,Struggle
1.59,1.23,0.14,68.62,70.27645000000021,Average
3.98,1.71,94.69,69.64,68.02764999999995,Average
4.11,1.19,62.81,49.9,53.500349999999855,Struggle
2.65,1.48,50.2,77.44,72.9967000000001,Average
4.77,2.37,91.73,58.8,62.8049499999999,Average
1.0,4.69,0.07,85.31,87.6465,Excel
1.19,1.0,2.4,65.39,65.59919999999997,Average
6.09,3.87,75.92,47.45,72.39274999999988,Average
3.2,3.51,57.92,89.14,82.29404999999991,Excel
1.87,2.74,66.3,79.46,78.47439999999978,Excel
4.18,2.87,57.83,85.64,80.34279999999985,Excel
5.32,5.0,85.44,76.56,77.4571499999999,Excel
2.2,3.24,76.97,74.23,75.7296499999998,Excel
4.77,1.0,68.51,50.07,51.43299999999992,Struggle
1.79,5.0,18.48,87.01,86.99742000000006,Excel
1.46,5.0,66.13,100.0,97.17379999999996,Excel
4.12,4.0,64.66,73.02,75.4998000000002,Excel
4.71,1.8,82.74,50.93,51.491500000000094,Struggle
4.43,4.79,52.01,74.55,66.78455000000001,Average
5.07,1.83,80.48,55.53,55.699350000000095,Struggle
6.7,1.9,85.86,64.18,57.98860000000006,Struggle
3.83,5.0,68.44,79.91,78.77143749999999,Excel
3.07,3.54,60.77,62.92,68.10435000000007,Average
5.31,5.0,76.88,74.35,74.82995000000014,Average
2.3,2.04,91.66,69.28,69.94225000000016,Average
3.42,4.0,66.18,87.04,84.79350000000022,Excel
1.65,2.93,62.62,70.75,76.99504999999994,Excel
1.53,3.81,1.01,92.23,90.20724999999976,Excel
7.0,2.81,76.31,43.63,48.28444999999995,Struggle
5.7,2.84,67.96,59.05,56.25204999999993,Struggle
5.25,2.13,14.07,55.72,51.89370000000001,Struggle
2.98,2.71,89.08,71.14,81.04924999999979,Excel
1.85,1.0,84.96,67.25,66.94754999999998,Average
2.25,4.62,56.43,80.1,81.83135000000001,Excel
2.46,1.0,99.25,74.15,73.24569999999983,Average
3.95,4.01,80.4,71.83,74.79209999999995,Average
5.23,2.81,0.0,55.53,67.02850000000002,Average
4.66,4.62,69.11,80.73,74.60064999999977,Average
2.57,1.0,94.93,56.25,63.655000000000015,Average
6.72,1.6,62.2,35.67,41.257200000000005,Struggle
5.28,1.0,64.29,50.89,50.81966500000001,Struggle
4.77,2.46,56.12,58.22,57.688749999999935,Struggle
4.73,2.87,87.96,62.15,64.40299999999985,Average
3.86,2.77,79.78,67.59,65.66160000000009,Average
2.75,4.0,80.45,89.55,90.62409999999976,Excel
3.3,3.65,60.92,74.7,71.14040000000001,Average
5.55,4.92,57.72,63.48,64.87329999999982,Average
1.0,1.8,2.6,67.15,64.81359999999982,Average
1.81,3.58,66.83,84.1,76.42380000000004,Excel
1.14,1.0,1.77,73.74,66.67339999999999,Average
1.0,4.95,0.29,88.64,86.94864999999996,Excel
6.07,1.0,61.55,46.52,46.56130000000014,Struggle
5.46,1.0,27.09,53.19,51.40209999999996,Struggle
4.31,3.2,77.56,62.61,61.45070000000004,Average
1.46,4.24,98.48,100.0,97.32475000000005,Excel
3.99,2.31,99.06,59.62,63.7481500000001,Average
4.19,1.26,64.09,71.53,68.27280000000006,Average
1.87,2.37,46.74,62.71,65.49304999999981,Average
3.24,4.62,53.15,75.38,76.38014999999977,Excel
3.17,5.0,93.67,92.46,91.2793999999997,Excel
5.1,2.54,78.43,60.35,61.42020000000016,Average
4.47,3.75,69.26,59.78,68.70660000000002,Average
1.1,5.0,9.09,92.66,91.82015000000027,Excel
3.21,2.08,66.83,79.05,71.34479999999981,Average
5.11,1.0,76.51,65.53,47.548200000000016,Struggle
4.46,4.11,64.15,64.49,66.2686999999999,Average
6.07,1.76,66.83,63.74,59.15459999999988,Struggle
5.38,1.23,33.4,46.39,48.17200000000005,Struggle
1.64,4.08,80.09,93.69,83.19730000000001,Excel
1.08,2.54,96.5,84.07,84.81864999999983,Excel
5.3,1.0,92.83,56.42,54.320950000000046,Struggle
1.17,3.14,0.08,91.55,87.22984999999983,Excel
4.2,2.31,66.83,61.01,60.61515000000014,Average
6.63,1.0,71.16,40.36,42.87989999999995,Struggle
4.73,4.34,62.62,64.06,65.11775,Average
3.66,4.0,99.17,95.43,85.52220000000005,Excel
5.22,4.35,65.19,72.55,71.48244999999986,Average
3.82,4.63,66.19,79.58,76.97524999999997,Excel
4.64,4.27,99.48,84.79,82.75640000000026,Excel
6.66,1.0,56.7,27.63,32.322650000000046,Struggle
3.43,2.32,53.31,66.08,64.74949999999995,Average
7.0,2.27,96.79,69.86,66.5038000000001,Average
6.36,1.47,75.59,52.87,47.23624999999999,Struggle
1.74,2.41,50.13,75.99,73.49089999999987,Average
1.27,3.23,6.28,86.0,86.12234999999998,Excel
1.72,2.26,55.58,71.69,71.2895,Average
1.0,5.0,7.36,96.1,96.22035,Excel
1.22,2.81,65.68,87.78,81.95920000000018,Excel
4.89,4.46,71.94,59.94,62.368050000000046,Average
1.0,5.0,48.91,98.94,96.41879999999988,Excel
3.15,1.0,77.84,75.69,70.46050000000004,Average
5.83,1.51,66.83,42.61,55.705949999999966,Struggle
1.0,2.85,1.52,90.54,87.17040000000031,Excel
6.09,5.0,65.42,67.07,67.6100499999999,Average
3.03,2.11,65.42,86.25,67.22180000000002,Average
1.23,3.95,78.3,87.63,89.35249999999985,Excel
4.91,1.83,65.03,63.56,58.37164999999996,Struggle
5.22,1.02,8.59,54.68,53.15165000000009,Struggle
6.15,3.45,68.06,73.53,67.70585000000017,Average
5.85,5.0,81.13,76.56,75.08654999999993,Average
5.59,1.0,61.54,40.08,42.357999999999976,Struggle
2.41,3.12,96.02,62.74,69.07354999999988,Average
1.77,3.9,78.75,100.0,93.61575000000008,Excel
5.09,2.47,96.0,78.09,65.62549999999985,Average
6.24,4.0,52.32,71.44,69.83790000000008,Average
7.0,3.55,67.13,67.61,64.0206000000001,Average
3.93,2.87,51.14,68.61,67.97425000000003,Average
3.58,2.59,63.61,74.37,69.31640000000019,Average
6.01,4.78,93.1,68.34,72.75584999999988,Average
3.2,2.0,51.83,48.54,69.68904999999992,Average
6.91,1.98,71.81,66.75,58.67069999999999,Struggle
5.86,1.02,55.88,54.57,51.96504999999991,Struggle
3.46,4.39,70.84,75.2,74.3572500000001,Average
5.65,2.01,91.94,66.46,63.20579999999981,Average
5.9,3.77,81.15,65.61,66.79240000000009,Average
1.78,2.49,86.84,74.15,86.8650499999998,Excel
6.76,1.11,1.04,45.88,43.36995000000002,Struggle
4.0,3.24,66.83,55.49,58.32324999999988,Struggle
6.18,1.58,52.26,44.68,46.690100000000065,Struggle
3.4,4.0,71.09,94.21,89.26509999999976,Excel
6.02,1.0,71.32,36.49,39.233099999999894,Struggle
3.77,1.08,95.93,65.01,65.98115000000011,Average
1.09,1.36,9.12,84.2,80.99670000000019,Excel
6.57,2.87,85.32,63.85,58.12364999999999,Struggle
1.93,3.22,70.85,65.47,69.34364999999988,Average
2.83,2.87,61.18,78.35,69.80054999999989,Average
6.62,2.14,86.18,65.83,60.41189999999996,Struggle
6.73,1.0,46.76,47.76,45.3521500000001,Struggle
3.96,1.15,75.07,61.18,64.86930000000008,Average
4.79,2.75,54.83,78.44,70.51845000000007,Average
3.48,4.0,60.41,74.0,76.95920000000002,Excel
3.19,1.79,89.7,87.43,63.24919999999989,Average
2.56,1.0,66.5,65.72,65.80389999999994,Average
3.92,2.87,94.56,67.78,65.85540000000016,Average
5.96,2.24,66.07,61.87,60.35815000000011,Struggle
6.15,3.35,70.3,48.71,54.89099999999992,Struggle
5.94,2.59,90.42,58.5,56.20270000000001,Struggle
1.64,3.2,79.76,81.25,81.75439999999999,Excel
3.75,1.31,13.64,62.62,62.971150000000144,Average
1.22,4.92,96.33,100.0,96.71500000000002,Excel
3.92,2.87,76.8,80.96,75.62664999999981,Excel
3.94,3.89,75.75,67.0,68.76104999999997,Average
6.15,4.0,7.48,65.44,71.6936,Average
3.28,1.0,0.0,51.6,53.25510000000006,Struggle
1.56,5.0,50.37,80.71,84.4790499999997,Excel
1.82,2.41,95.66,66.58,75.4815,Excel
5.63,1.0,70.42,44.42,44.25915000000002,Struggle
5.01,5.0,73.43,66.16,69.33044999999991,Average
1.32,1.0,92.27,78.82,77.7366499999998,Excel
1.4,5.0,80.46,100.0,97.40164999999996,Excel
4.84,2.25,80.48,61.5,61.6964,Average
1.02,1.95,3.23,65.93,71.14185000000015,Average
6.03,2.87,91.7,65.66,61.5117499999999,Average
4.93,4.42,66.83,49.97,55.28369999999992,Struggle
1.05,3.18,52.66,65.0,77.28220000000017,Excel
1.91,3.57,59.58,84.26,79.78349999999999,Excel
6.95,3.04,63.39,62.45,58.24420000000007,Struggle
2.88,3.41,64.12,77.19,73.60400000000006,Average
2.77,5.0,83.53,91.12,88.88040000000008,Excel
5.5,2.87,60.89,41.71,46.00169999999996,Struggle
6.65,4.66,83.83,70.34,70.11990000000007,Average
7.0,4.18,54.56,44.28,46.54885000000001,Struggle
5.66,2.87,22.49,60.76,55.50390000000004,Struggle
2.9,3.7,75.44,66.09,71.51185000000008,Average
1.63,5.0,96.09,100.0,99.37259999999996,Excel
5.56,2.92,92.98,75.21,55.239400000000074,Struggle
4.31,5.0,98.44,94.05,89.24499999999975,Excel
3.85,4.0,82.52,83.29,84.18665000000028,Excel
6.27,3.61,7.99,78.85,54.520749999999964,Struggle
1.32,2.87,52.78,93.02,89.61240000000019,Excel
4.33,1.0,81.14,65.9,61.63359999999986,Average
1.0,1.81,8.93,65.44,69.1616500000001,Average
3.6,4.08,77.19,64.1,78.08389999999997,Excel
1.55,2.87,69.3,64.26,67.54445000000013,Average
3.92,1.1,72.13,81.44,73.80045000000017,Average
2.01,4.62,76.18,80.28,82.17645000000017,Excel
4.58,3.9,56.42,55.05,74.04729999999984,Average
5.33,2.9,67.97,73.48,63.83669999999997,Average
4.13,5.0,53.17,74.97,77.62219999999985,Excel
6.81,2.45,63.22,49.63,49.74859999999998,Struggle
3.04,3.28,55.93,62.84,75.36470000000013,Excel
2.9,3.5,30.66,64.59,68.5657500000001,Average
5.71,2.24,94.56,52.72,60.431950000000015,Struggle
1.9,3.19,74.14,86.29,84.31230000000025,Excel
6.71,2.9,29.94,53.32,52.639699999999884,Struggle
1.53,4.09,6.54,83.77,83.04370000000017,Excel
7.0,5.0,55.79,59.94,59.736600000000074,Struggle
1.75,4.0,6.72,87.14,86.55514999999987,Excel
6.27,1.8,52.6,30.65,33.792549999999935,Struggle
3.72,3.66,47.12,74.06,69.05569999999999,Average
6.77,1.74,90.33,57.61,55.71395000000006,Struggle
1.62,3.78,79.3,78.08,80.96814999999994,Excel
3.96,2.0,80.32,49.51,53.46865000000013,Struggle
6.62,2.75,60.03,45.08,47.79599999999996,Struggle
3.7,1.0,67.19,60.49,60.65129999999989,Average
4.75,1.01,6.08,61.45,57.15895000000009,Struggle
4.88,4.58,66.83,58.98,61.47519999999988,Average
3.32,4.88,92.9,88.52,87.93355000000018,Excel
4.68,1.0,74.18,56.5,49.92694999999989,Struggle
4.36,1.0,91.86,51.73,53.27354999999983,Struggle
6.45,5.0,65.9,67.32,67.79659999999981,Average
1.52,1.8,0.05,61.27,62.61640000000023,Average
2.3,2.75,87.58,97.09,74.72434999999992,Average
6.99,2.51,89.25,58.54,55.524350000000204,Struggle
5.87,3.89,3.17,40.87,48.54320000000005,Struggle
3.67,1.79,66.83,62.47,60.154099999999865,Struggle
4.81,2.64,54.22,40.62,47.980600000000024,Struggle
3.12,3.54,53.43,56.53,61.668500000000165,Average
2.2,2.35,42.71,64.24,67.44304999999984,Average
3.92,3.25,25.56,79.17,73.23865000000005,Average
3.14,1.8,98.04,63.92,65.17265000000005,Average
4.4,2.87,32.33,67.16,53.4812,Struggle
1.45,4.16,51.26,76.05,76.63724999999981,Excel
6.55,2.99,80.14,45.46,50.588199999999915,Struggle
6.92,1.94,64.48,29.47,33.71505000000004,Struggle
4.84,1.0,71.65,46.69,52.219400000000014,Struggle
4.46,2.71,51.0,50.05,53.15139999999991,Struggle
2.95,4.76,53.23,71.47,73.37624999999986,Average
5.46,1.27,16.72,55.16,52.882149999999946,Struggle
5.5,4.99,36.85,75.5,73.1062,Average
2.1,3.53,51.34,74.58,74.82889999999996,Average
6.29,2.61,82.28,51.2,53.639200000000045,Struggle
5.49,3.85,59.26,51.66,57.158399999999936,Struggle
6.83,2.85,60.31,59.33,56.72030000000004,Struggle
5.22,2.89,3.56,49.08,68.30899999999993,Average
5.09,3.09,58.95,41.94,53.326550000000005,Struggle
3.04,4.82,82.86,73.96,84.6473,Excel
6.14,3.91,99.72,52.13,56.35379999999991,Struggle
6.65,1.0,82.61,51.99,39.62215000000007,Struggle
1.73,3.39,9.85,88.82,84.54839999999989,Excel
1.0,3.78,8.78,78.62,80.61040000000027,Excel
3.48,3.28,26.57,73.62,70.67945000000017,Average
5.58,1.18,95.55,70.63,67.34329999999984,Average
7.0,3.76,98.45,65.97,61.617549999999945,Average
2.27,2.87,66.83,81.17,79.82520000000005,Excel
4.16,2.87,42.38,58.72,62.34634999999991,Average
3.03,1.72,88.51,81.93,77.18675000000015,Excel
6.34,4.0,56.62,64.86,65.38005000000005,Average
5.59,3.53,7.32,59.34,60.69250000000008,Average
5.56,2.87,90.95,58.58,56.967749999999896,Struggle
4.11,2.06,56.25,71.96,68.1554499999998,Average
3.29,4.13,98.84,78.6,78.41450000000017,Excel
2.63,2.08,99.28,63.15,66.90209999999983,Average
1.63,3.57,96.84,100.0,94.15684999999999,Excel
6.18,2.72,74.8,34.37,39.12324999999992,Struggle
5.81,2.99,62.3,66.9,62.46719999999984,Average
6.51,3.84,79.1,64.88,65.37549999999983,Average
7.0,4.0,32.39,67.19,69.22370000000012,Average
3.95,1.8,60.3,43.65,51.312449999999934,Struggle
5.87,4.99,71.18,66.83,67.56454999999997,Average
6.43,1.71,45.35,48.91,49.808149999999905,Struggle
6.27,2.12,66.83,40.76,44.345200000000105,Struggle
2.63,1.0,6.68,55.68,56.29975000000013,Struggle
3.82,3.05,50.89,65.65,67.14359999999995,Average
1.54,2.72,87.47,78.71,84.73359999999968,Excel
3.92,1.0,82.03,44.52,47.13030000000019,Struggle
5.0,5.0,53.13,63.66,67.98749999999991,Average
1.88,4.75,76.51,95.9,91.32234999999996,Excel
4.71,3.07,12.25,64.18,50.579200000000036,Struggle
4.82,3.62,54.17,84.79,78.07120000000033,Excel
3.47,1.64,67.9,71.08,68.18179999999995,Average
1.54,4.0,89.39,99.04,98.54475000000028,Excel
5.18,2.87,51.71,74.08,68.07444999999997,Average
4.18,1.19,95.32,60.82,62.95534999999991,Average
5.19,2.87,64.77,56.45,59.25945000000011,Struggle
4.24,1.74,78.07,64.81,64.26350000000006,Average
6.42,1.61,74.1,57.71,54.50769999999994,Struggle
4.8,4.1,16.52,62.52,62.93400000000019,Average
3.9,2.33,78.1,72.45,70.12190000000014,Average
6.42,3.8,70.47,59.91,58.846450000000004,Struggle
3.33,4.64,88.64,74.86,78.33720000000015,Excel
1.31,1.8,70.19,63.63,62.672949999999844,Average
1.28,4.23,8.95,100.0,94.02550000000012,Excel
5.15,1.24,55.07,42.85,45.4426500000001,Struggle
4.6,3.89,56.65,76.48,74.38454999999979,Average
4.98,2.87,28.11,39.89,45.45510000000006,Struggle
2.14,5.0,52.28,83.62,83.87595000000022,Excel
1.81,1.16,77.07,62.05,64.60459999999993,Average
1.0,1.0,6.59,78.73,72.07440000000008,Average
3.15,2.79,80.52,53.56,57.831349999999986,Struggle
4.28,3.62,78.75,73.45,72.11560000000009,Average
3.49,2.4,66.83,92.07,85.29854999999985,Excel
3.97,1.74,66.98,59.71,57.91515000000004,Struggle
6.14,5.0,68.1,71.35,63.98145000000009,Average
3.1,2.36,65.71,75.3,72.15589999999986,Average
4.23,3.32,85.61,78.09,74.71250000000009,Average
5.76,2.38,58.08,69.88,63.03964999999988,Average
3.25,3.79,0.0,57.46,63.589599999999784,Average
4.87,4.02,79.81,55.08,60.29529999999996,Struggle
5.7,3.62,97.12,79.83,75.97484999999996,Excel
6.57,4.0,7.87,74.47,71.06249999999989,Average
1.91,5.0,89.15,97.39,93.42954999999998,Excel
6.08,5.0,57.67,68.51,65.76100000000001,Average
3.96,1.0,44.54,55.96,53.612149999999865,Struggle
2.7,5.0,65.56,93.05,91.03384999999976,Excel
4.01,1.64,91.21,69.14,68.67469999999987,Average
6.49,2.87,61.24,72.98,63.8915499999998,Average
4.45,2.69,66.81,66.81,62.87429999999994,Average
3.08,3.02,61.19,75.39,73.4757999999999,Average
4.66,2.12,72.61,68.28,66.24830000000006,Average
2.19,1.0,94.25,73.79,73.46770000000028,Average
1.53,2.9,67.26,63.43,70.81375000000011,Average
2.15,2.58,36.65,94.26,87.38050000000004,Excel
1.79,4.0,93.02,99.27,97.39305000000022,Excel
2.07,1.36,75.77,66.66,69.72124999999991,Average
1.69,4.91,0.0,86.51,87.85396666666658,Excel
4.74,5.0,93.04,71.0,83.68829999999997,Excel
1.88,1.64,34.73,70.97,67.98215000000003,Average
3.28,1.02,84.08,68.26,65.04290000000013,Average
6.24,3.44,54.28,66.89,51.917549999999984,Struggle
3.53,3.6,58.93,71.43,70.18305000000011,Average
3.92,3.99,70.22,63.72,69.41469999999991,Average
2.38,3.24,47.29,84.94,79.91170000000005,Excel
2.39,1.8,98.29,65.46,66.43284999999976,Average
1.08,1.9,3.45,82.81,80.28379999999993,Excel
2.42,1.0,92.56,70.24,70.17379999999993,Average
2.24,2.63,65.78,63.82,67.43774999999988,Average
1.61,2.65,98.2,93.56,92.40414999999999,Excel
1.16,2.65,51.66,97.86,76.13335000000015,Excel
1.34,3.42,37.3,69.14,73.45639999999992,Average
3.35,1.63,85.08,61.39,71.25680000000001,Average
2.4,5.0,50.83,78.29,81.0540500000002,Excel
3.29,5.0,57.31,82.69,83.47205000000007,Excel
4.17,2.99,91.48,81.49,77.25304999999989,Excel
5.33,4.0,6.2,75.02,76.01735000000015,Excel
1.5,2.95,8.94,84.87,83.40535000000021,Excel
5.51,3.81,1.15,66.37,64.55875000000017,Average
4.89,1.8,95.26,52.57,55.173049999999876,Struggle
1.57,1.39,81.58,79.08,77.67174999999997,Excel
6.68,1.56,69.91,55.19,53.746099999999984,Struggle
6.26,2.05,56.02,51.26,49.90190000000011,Struggle
1.0,3.72,64.69,96.01,90.64334999999997,Excel
2.81,5.0,98.92,94.57,88.29504999999989,Excel
6.08,2.87,71.87,37.97,44.273649999999996,Struggle
5.27,1.0,73.59,43.44,44.181249999999906,Struggle
2.18,1.43,3.21,72.07,71.61320000000009,Average
1.82,2.96,66.83,70.08,78.26569999999994,Excel
3.68,4.26,80.2,81.4,79.46329999999986,Excel
3.52,5.0,6.49,83.84,83.20174999999992,Excel
4.28,5.0,69.47,81.01,75.06804999999994,Average
2.75,2.61,51.45,70.61,68.80964999999996,Average
3.71,4.0,69.44,89.6,83.23010000000014,Excel
5.08,3.9,97.46,66.11,69.89160000000011,Average
1.46,3.43,66.83,80.17,82.05715000000002,Excel
2.91,1.1,97.18,82.05,77.8272999999998,Excel
3.92,2.22,59.81,70.03,67.52825000000016,Average
6.5,2.87,84.23,69.48,65.79114999999982,Average
3.61,2.68,92.23,57.29,59.825550000000085,Struggle
4.08,1.47,80.03,63.99,64.3795999999999,Average
3.92,2.26,56.72,68.92,65.4695,Average
3.41,2.87,69.56,89.85,81.6357000000002,Excel
4.34,2.58,98.56,75.18,74.47485000000012,Average
2.08,2.02,67.56,79.73,70.78649999999992,Average
2.98,4.8,93.39,85.73,87.42629999999981,Excel
3.42,1.86,54.66,53.64,55.64424999999996,Struggle
1.33,1.29,0.0,87.18,80.83915000000012,Excel
3.37,3.58,67.55,81.63,78.57989999999981,Excel
2.71,2.7,52.58,70.15,68.59964999999988,Average
3.01,2.87,55.95,85.87,81.2284000000003,Excel
1.72,2.66,32.94,64.36,68.97080000000008,Average
6.18,1.8,91.89,41.05,45.120450000000034,Struggle
4.78,4.37,17.04,71.12,67.43995000000017,Average
5.11,5.0,64.94,72.34,77.48259999999978,Excel
6.17,2.87,50.51,67.11,62.16050000000006,Average
3.73,2.72,20.94,73.43,70.99170000000015,Average
1.33,5.0,81.02,95.09,94.64775000000007,Excel
4.04,2.31,82.25,82.4,76.36599999999984,Excel
4.83,3.38,45.86,75.79,69.44230000000016,Average
5.07,2.28,60.41,56.51,46.0514,Struggle
3.55,4.13,86.02,66.31,71.75399999999998,Average
1.7,3.74,90.56,97.79,86.52420000000004,Excel
2.27,3.53,56.93,64.99,70.84779999999988,Average
3.09,2.96,74.34,70.03,69.66020000000012,Average
4.89,2.58,62.44,59.11,59.134700000000095,Struggle
3.99,4.06,58.41,59.26,64.1733000000001,Average
3.15,2.68,86.72,78.6,76.21670000000013,Excel
7.0,2.79,46.51,31.27,35.83270000000012,Struggle
5.11,5.0,24.75,79.83,77.52154999999999,Excel
2.45,3.58,65.5,73.68,74.40150000000013,Average
1.63,1.36,98.33,91.86,85.69830000000013,Excel
1.71,1.36,92.43,72.85,74.65200000000013,Average
2.98,1.0,94.0,57.29,59.67370000000014,Struggle
1.73,3.58,73.0,63.66,69.88459999999992,Average
2.07,5.0,81.19,84.48,96.74345000000005,Excel
2.21,3.0,68.84,53.55,61.81299999999991,Average
1.89,2.64,30.91,85.48,80.47794999999982,Excel
5.95,1.8,70.05,43.47,43.07975000000002,Struggle
1.72,3.42,79.7,64.99,70.41654999999984,Average
4.21,3.33,64.36,49.68,66.4843,Average
3.53,2.66,92.4,53.48,60.10999999999981,Struggle
6.68,2.09,57.56,59.78,54.55035000000007,Struggle
1.98,3.5,68.36,97.01,79.83540000000004,Excel
2.89,1.46,21.73,69.7,68.60180000000015,Average
6.65,1.0,70.24,38.73,38.57944999999994,Struggle
6.35,1.14,51.98,39.73,43.701799999999864,Struggle
6.31,2.7,63.63,56.44,56.32020000000004,Struggle
2.28,5.0,20.11,87.18,85.92120000000018,Excel
2.07,1.79,73.91,71.52,72.03545000000022,Average
5.05,5.0,77.18,71.58,73.94580000000012,Average
6.95,4.36,63.75,46.96,47.62034999999994,Struggle
3.89,1.0,76.15,62.79,60.214100000000165,Struggle
4.35,4.42,75.45,68.04,70.5028000000002,Average
2.36,1.8,65.81,55.56,57.00880000000004,Struggle
5.14,4.99,91.51,71.44,73.53155000000004,Average
1.77,2.77,77.28,69.77,70.65665000000017,Average
3.42,3.7,66.61,77.64,77.10079999999984,Excel
3.26,2.87,2.74,58.04,64.28070000000015,Average
4.49,5.0,37.12,87.22,84.14299999999983,Excel
2.16,3.37,99.13,70.42,73.18584999999999,Average
2.12,5.0,84.61,99.68,96.09760000000013,Excel
4.81,4.04,68.91,72.5,69.18410000000004,Average
2.34,4.0,64.04,93.65,86.3008500000001,Excel
4.57,3.71,83.17,63.55,64.50924999999991,Average
1.75,4.71,78.72,89.82,89.97024999999984,Excel
3.77,4.08,81.34,66.2,71.33865000000019,Average
4.14,3.34,94.08,63.12,75.35500000000008,Excel
1.23,1.0,41.71,80.62,73.56045000000026,Average
3.18,1.46,70.35,60.28,60.09015000000009,Struggle
2.08,2.93,95.31,100.0,95.41719999999994,Excel
1.21,1.8,87.84,73.03,71.79370000000016,Average
7.0,2.36,99.07,67.82,63.57105000000002,Average
3.37,3.31,88.74,78.7,77.71980000000013,Excel
5.4,2.95,72.43,59.52,62.4150000000002,Average
2.04,3.45,76.55,82.37,84.28650000000007,Excel
5.02,3.06,95.03,52.08,59.390549999999934,Struggle
5.65,2.22,77.58,67.52,51.244900000000015,Struggle
4.35,3.75,62.77,48.08,70.65409999999996,Average
3.59,5.0,71.78,86.26,80.58030000000004,Excel
3.65,5.0,75.82,77.95,83.13450000000007,Excel
3.19,4.0,54.84,85.18,82.95035000000009,Excel
6.25,1.0,87.19,42.55,41.64254999999992,Struggle
6.36,1.0,55.47,40.61,41.443299999999915,Struggle
6.97,1.0,70.25,38.86,40.473449999999865,Struggle
1.61,1.0,90.23,68.23,68.06159999999979,Average
5.57,3.57,73.38,52.38,56.1452499999999,Struggle
6.24,4.52,92.1,67.41,68.76129999999993,Average
3.92,1.0,32.78,61.1,56.69945000000016,Struggle
1.07,3.84,97.88,87.02,89.04840000000021,Excel
4.99,5.0,60.47,74.13,74.35879999999985,Average
4.29,3.58,51.91,69.33,65.67885000000001,Average
5.7,3.38,93.62,56.08,60.65544999999992,Average
1.97,4.09,87.61,78.6,81.33905000000016,Excel
5.94,2.62,61.6,48.78,51.300800000000024,Struggle
1.86,2.87,99.24,66.05,74.66089999999981,Average
1.5,3.34,75.11,83.52,83.5255000000002,Excel
2.28,3.26,97.55,76.16,82.79494999999996,Excel
5.39,4.0,75.25,68.01,69.58645000000011,Average
4.83,3.83,73.59,74.73,74.60634999999984,Average
4.13,3.24,8.8,70.42,63.842500000000044,Average
3.47,1.0,66.74,66.83,63.65955000000002,Average
6.6,1.0,76.69,46.75,43.83335000000001,Struggle
3.57,3.9,72.63,83.34,74.21795000000004,Average
5.65,1.0,51.84,48.63,45.58644999999995,Struggle
3.85,1.0,28.25,52.39,58.140300000000096,Struggle
3.01,3.38,60.66,55.71,62.44034999999986,Average
3.92,1.0,93.37,57.71,61.632699999999794,Average
2.86,4.91,79.94,89.19,87.70285000000005,Excel
5.67,1.0,6.61,53.43,45.98975000000006,Struggle
3.57,2.91,97.84,72.62,71.03270000000005,Average
1.95,1.0,82.2,77.06,71.2552,Average
6.68,4.12,99.13,70.39,65.84210000000007,Average
3.66,4.0,65.59,79.1,77.30435000000018,Excel
4.36,5.0,59.31,72.29,75.84679999999989,Excel
6.37,1.0,49.56,55.29,49.41570000000007,Struggle
5.1,1.0,73.54,40.01,43.311100000000096,Struggle
1.93,3.51,94.77,77.42,79.27200000000008,Excel
6.72,2.42,78.0,57.88,56.58979999999988,Struggle
4.59,3.03,64.61,62.5,64.10955,Average
2.71,5.0,87.13,82.88,84.24919999999983,Excel
1.76,1.0,75.29,64.66,65.7853999999999,Average
5.55,4.39,58.11,63.66,64.25479999999989,Average
4.56,2.87,78.84,55.04,59.25390000000016,Struggle
4.22,3.8,95.57,87.51,84.07470000000013,Excel
6.03,3.16,92.13,54.2,62.20414999999994,Average
6.04,1.84,79.34,64.4,58.04549999999991,Struggle
1.56,2.79,68.85,62.56,66.07744999999998,Average
2.85,3.43,54.35,58.3,65.84085000000007,Average
2.74,5.0,73.48,85.55,85.64139999999983,Excel
5.45,1.8,87.6,48.39,52.13030000000003,Struggle
1.06,2.18,1.0,93.82,72.72699999999988,Average
4.39,4.32,61.77,71.01,67.02125000000005,Average
5.92,4.15,96.57,68.51,72.48444999999997,Average
6.75,1.41,66.83,52.53,51.05920000000004,Struggle
3.18,3.73,60.38,70.89,71.99069999999989,Average
6.22,4.99,56.84,56.22,60.15899999999994,Struggle
1.17,1.0,57.25,69.48,66.22684999999981,Average
6.46,4.59,55.16,60.78,61.86415000000011,Average
2.21,4.33,80.81,76.43,79.1116000000001,Excel
3.46,1.0,55.78,51.17,53.15840000000001,Struggle
6.03,1.0,92.13,51.95,46.89,Struggle
1.91,1.82,99.65,66.02,70.84840000000011,Average
2.17,1.0,68.32,62.02,64.83070000000015,Average
5.68,3.8,72.68,72.23,70.24434999999983,Average
5.42,3.18,54.01,79.7,70.03360000000016,Average
4.93,2.61,61.49,55.69,53.995399999999975,Struggle
5.32,2.87,94.7,82.81,77.10224999999996,Excel
4.62,4.61,52.88,62.27,64.02065000000017,Average
2.74,4.47,58.45,83.52,75.5081999999999,Excel
2.78,2.83,87.73,79.68,79.85510000000016,Excel
2.06,2.89,84.44,89.97,89.78239999999985,Excel
6.93,2.14,66.83,30.55,39.93875000000008,Struggle
4.55,1.0,75.1,50.55,50.27310000000002,Struggle
3.85,1.0,8.7,59.88,58.32494999999994,Struggle
4.08,3.66,60.94,70.95,69.59205000000014,Average
6.85,1.38,71.91,57.5,51.70225000000011,Struggle
1.77,3.95,52.65,79.48,81.95199999999988,Excel
4.32,2.16,89.11,65.92,67.36725000000007,Average
4.18,3.28,57.15,81.86,78.16000000000005,Excel
4.6,1.32,65.76,42.36,46.03684999999996,Struggle
1.41,3.29,9.22,74.5,76.39429999999992,Excel
6.49,2.16,89.12,58.11,53.71879999999998,Struggle
6.4,2.87,96.69,53.99,57.04124999999995,Struggle
4.59,2.19,68.39,59.72,61.02659999999994,Average
5.17,3.85,45.08,74.34,72.48360000000004,Average
6.35,1.0,80.13,42.83,41.164149999999964,Struggle
5.15,2.2,76.26,57.82,57.20624999999989,Struggle
2.32,2.35,94.52,92.52,88.38260000000022,Excel
4.32,1.0,50.16,37.24,41.65359999999991,Struggle
4.43,5.0,0.0,78.44,80.27625000000013,Excel
3.39,4.0,76.91,94.21,90.78609999999972,Excel
5.13,2.15,58.91,37.49,43.34289999999993,Struggle
6.65,3.77,95.39,53.56,56.4416,Struggle
6.2,1.49,0.34,46.98,50.14934999999985,Struggle
4.03,4.91,73.89,81.83,79.66149999999996,Excel
1.41,2.87,90.74,88.65,86.80364999999998,Excel
7.0,1.58,72.54,60.17,57.121350000000035,Struggle
5.66,4.83,77.93,72.58,71.70999999999997,Average
2.23,3.07,50.14,52.46,61.204749999999805,Average
6.48,3.33,68.29,63.75,63.140450000000016,Average
6.54,2.87,56.94,64.14,60.99834999999993,Average
4.38,4.11,84.48,69.46,69.61954999999972,Average
4.76,2.56,40.58,82.24,75.77374999999988,Excel
3.72,2.8,65.09,77.83,70.2275999999999,Average
1.0,1.8,73.39,70.3,67.87464999999987,Average
3.19,4.32,29.68,62.57,67.23284999999984,Average
5.59,2.78,5.76,61.73,60.44374999999985,Struggle
1.32,1.02,1.41,59.52,63.40760000000013,Average
3.46,2.82,93.27,93.04,85.93790000000018,Excel
3.79,3.11,75.57,57.44,59.99445000000006,Struggle
3.83,4.59,80.95,76.01,75.69120000000015,Excel
6.39,2.82,65.13,51.01,54.30770000000013,Struggle
2.94,1.0,98.33,58.1,62.178750000000136,Average
2.7,4.0,64.09,90.3,88.98174999999979,Excel
5.03,4.21,79.44,75.86,66.64650000000002,Average
3.59,2.9,99.67,77.96,76.58074999999981,Excel
2.84,1.0,64.81,75.16,71.54619999999989,Average
3.78,1.0,42.66,55.93,55.49600000000007,Struggle
1.97,4.05,66.83,84.68,82.59320000000008,Excel
2.03,2.82,62.08,66.48,78.9139500000001,Excel
4.15,2.87,22.51,66.95,65.19620000000013,Average
3.97,5.0,70.28,85.59,82.19062500000007,Excel
6.58,1.3,66.72,58.67,52.55555000000004,Struggle
2.74,4.36,35.37,88.47,76.07560000000007,Excel
4.47,1.6,88.02,72.72,69.43674999999993,Average
5.28,1.9,79.21,62.9,60.993099999999934,Average
1.0,2.87,66.83,91.63,84.72849999999976,Excel
5.07,1.89,3.39,63.15,52.02005,Struggle
1.68,5.0,64.84,91.36,91.63245000000018,Excel
6.41,1.97,99.85,48.91,52.35474999999996,Struggle
2.26,1.0,97.71,74.21,74.00684999999977,Average
3.29,5.0,69.37,88.62,84.6794000000003,Excel
1.32,2.35,90.56,88.87,87.80620000000012,Excel
6.87,5.0,61.03,60.18,60.5133000000001,Average
4.48,5.0,76.63,83.13,81.88189999999982,Excel
4.15,2.01,31.63,41.66,48.744149999999905,Struggle
1.72,1.0,62.98,76.76,62.38305000000011,Average
5.34,2.3,80.55,51.67,56.73705000000004,Struggle
2.61,2.87,52.04,78.2,63.724350000000165,Average
6.88,3.97,98.47,69.37,68.5962500000002,Average
2.08,1.92,61.75,76.57,73.41884999999992,Average
1.77,4.03,69.04,77.02,79.08245000000021,Excel
1.0,3.63,5.58,90.17,81.5298500000002,Excel
4.09,2.34,73.31,50.33,56.09064999999996,Struggle
4.03,5.0,94.11,84.96,85.44354999999992,Excel
1.15,3.22,51.06,87.95,82.23500000000024,Excel
5.35,2.8,4.48,70.57,69.2744999999999,Average
3.58,2.16,48.99,59.08,61.28840000000001,Average
3.72,2.23,71.45,45.65,52.65219999999985,Struggle
4.0,2.03,97.97,72.15,71.13094999999981,Average
3.76,2.94,58.77,44.17,53.63065000000005,Struggle
4.27,3.88,30.12,75.55,72.7616499999998,Average
2.04,2.75,94.03,66.86,82.25204999999993,Excel
2.23,3.01,94.83,91.26,86.99125,Excel
6.42,4.7,93.59,61.65,63.767149999999866,Average
6.7,1.0,75.55,45.28,43.524149999999985,Struggle
3.25,1.0,82.99,57.05,56.10754999999998,Struggle
2.75,3.29,43.82,78.67,74.91045000000004,Average
5.06,3.14,53.47,61.9,58.68604999999998,Struggle
3.3,2.92,41.02,65.3,66.40204999999987,Average
1.0,2.64,7.64,91.7,88.7182000000002,Excel
1.71,3.02,66.25,65.14,69.97739999999988,Average
5.35,2.6,96.61,65.57,66.62344999999989,Average
4.81,2.18,65.2,59.13,61.16104999999985,Average
1.2,2.2,6.19,76.33,79.53789999999998,Excel
2.24,5.0,6.81,92.07,85.32080000000016,Excel
2.73,2.3,65.73,67.7,67.61995000000014,Average
4.6,1.12,81.42,52.13,52.588649999999895,Struggle
1.19,1.55,2.32,81.79,78.67515000000022,Excel
1.7,3.2,41.9,81.71,78.83775000000009,Excel
5.68,1.05,94.11,60.69,58.80860000000001,Struggle
1.99,3.58,52.01,78.49,79.50344999999989,Excel
5.22,2.02,75.05,55.04,54.830600000000175,Struggle
2.21,1.14,59.82,65.86,64.25425000000004,Average
1.97,5.0,94.21,99.11,98.70725000000013,Excel
2.86,2.92,48.13,55.85,62.59950000000014,Average
3.92,4.0,91.64,81.54,80.99510000000032,Excel
6.4,2.17,83.58,45.75,50.36839999999998,Struggle
6.09,5.0,66.83,65.26,66.60505000000009,Average
3.41,4.04,67.34,71.03,71.8488500000002,Average
5.48,5.0,33.68,64.94,66.81044999999999,Average
2.01,1.41,40.56,62.38,66.39834999999982,Average
2.41,1.06,90.71,63.92,69.60955000000007,Average
6.17,3.46,66.83,33.51,45.49540000000009,Struggle
1.19,1.0,0.01,59.27,63.36750000000015,Average
1.2,1.0,75.18,76.03,74.81600000000013,Average
2.66,2.06,91.52,85.14,79.71629999999986,Excel
1.07,3.16,0.0,78.9,81.39929999999984,Excel
2.44,3.96,7.01,90.21,87.72884999999971,Excel
4.25,4.42,85.56,78.43,75.64625000000017,Excel
3.34,4.24,0.28,83.77,79.28200000000014,Excel
5.92,2.45,96.78,61.56,60.34634999999996,Struggle
5.66,1.9,89.23,58.36,53.301499999999926,Struggle
3.04,2.46,82.64,73.44,71.48390000000005,Average
3.01,4.0,71.68,83.41,83.88485000000006,Excel
3.17,1.72,55.61,58.42,61.78985000000002,Average
4.68,2.62,66.83,44.64,49.48175000000003,Struggle
2.54,4.41,99.64,89.57,87.79349999999984,Excel
4.29,1.0,15.32,56.55,56.25499999999997,Struggle
3.46,4.36,50.84,81.32,76.20589999999984,Excel
3.88,3.44,74.81,80.81,75.37530000000004,Excel
4.0,1.8,80.73,49.81,52.97460000000002,Struggle
3.02,2.23,84.48,62.85,67.35850000000013,Average
6.57,3.78,85.99,55.98,58.71664999999984,Struggle
5.72,5.0,77.91,63.08,66.92354999999995,Average
1.45,2.9,61.17,70.07,72.33924999999985,Average
6.41,1.87,76.71,72.69,63.155350000000055,Average
4.24,3.18,84.83,76.76,71.11849999999998,Average
6.69,3.9,61.84,44.97,50.679749999999956,Struggle
5.58,1.0,7.69,39.54,43.72855000000006,Struggle
3.31,4.8,96.1,88.6,87.80435000000013,Excel
1.15,3.46,9.85,77.83,80.48714999999999,Excel
3.08,2.34,70.26,91.41,82.82679999999989,Excel
4.67,1.0,51.92,55.72,49.01434999999998,Struggle
4.66,4.11,12.97,61.89,63.41699999999998,Average
2.83,3.49,64.2,89.39,86.42829999999984,Excel
2.26,5.0,81.46,93.5,91.60870000000001,Excel
5.77,3.29,79.21,53.18,56.91365000000006,Struggle
7.0,3.44,81.69,48.05,58.650999999999975,Struggle
3.92,2.1,85.86,76.33,73.97359999999995,Average
1.87,4.33,50.95,65.79,83.64139999999993,Excel
2.33,2.57,55.25,55.99,60.38219999999987,Struggle
1.12,5.0,8.1,91.06,93.81530000000001,Excel
6.83,1.59,57.74,41.76,44.71990000000008,Struggle
1.74,1.9,15.94,51.44,62.33170000000005,Average
4.08,1.88,82.05,45.69,51.64929999999997,Struggle
2.39,1.49,90.77,87.13,74.70129999999993,Average
4.39,2.65,87.63,73.92,73.26445000000001,Average
4.99,1.24,90.85,61.68,60.498550000000144,Struggle
6.06,1.0,53.94,56.1,50.257400000000125,Struggle
1.82,3.96,86.77,76.36,83.72200000000008,Excel
1.32,5.0,4.6,88.75,89.27334999999998,Excel
2.23,1.8,99.65,63.98,65.46594999999978,Average
6.41,3.72,59.16,63.75,62.09725000000001,Average
6.46,1.8,60.72,38.98,38.38089999999987,Struggle
4.99,3.0,66.83,76.79,71.88300000000021,Average
4.74,1.49,65.48,58.54,56.91565000000015,Struggle
5.16,2.09,99.41,79.72,74.4454999999999,Average
2.27,3.49,89.74,71.14,85.74730000000008,Excel
6.25,2.12,81.45,38.17,42.829450000000044,Struggle
3.59,4.0,76.0,85.11,85.18795000000014,Excel
3.64,3.44,98.53,90.81,87.81229999999996,Excel
3.91,1.61,84.78,62.94,65.86760000000007,Average
1.68,1.81,9.04,97.37,86.10200000000015,Excel
2.12,4.03,65.83,78.78,77.52435,Excel
5.35,2.87,30.85,75.25,67.8858,Average
1.62,3.86,92.74,81.67,86.46414999999998,Excel
4.52,4.69,57.49,62.09,64.03205000000008,Average
2.81,3.74,97.3,83.11,83.73415000000017,Excel
3.32,3.22,52.41,60.68,64.17935000000008,Average
3.92,4.37,96.32,92.04,74.42240000000005,Average
3.14,3.26,66.84,59.13,65.1004,Average
5.47,3.2,53.71,47.52,52.62610000000015,Struggle
3.28,3.11,74.14,75.0,71.56004999999998,Average
4.05,5.0,81.34,70.15,77.01619999999986,Excel
4.1,1.8,4.94,53.02,50.74125000000018,Struggle
4.62,2.36,70.14,67.96,61.51450000000003,Average
6.96,5.0,84.61,72.8,68.85645000000005,Average
5.5,1.79,62.57,46.16,48.91159999999994,Struggle
2.73,3.47,67.52,85.41,79.76589999999997,Excel
1.56,1.96,4.1,89.84,82.44740000000006,Excel
2.14,1.0,68.58,72.91,70.14974999999994,Average
4.21,5.0,55.11,74.8,75.42014999999978,Excel
1.41,2.95,95.0,99.3,94.7806999999998,Excel
4.0,2.63,5.57,60.09,60.89175000000007,Average
4.25,3.08,36.43,65.7,64.4200500000001,Average
2.64,1.77,96.01,88.75,81.54000000000005,Excel
5.69,4.97,2.98,72.32,71.0357499999999,Average
1.19,4.31,27.68,86.34,84.17775000000015,Excel
1.82,1.0,88.47,74.53,73.33870000000017,Average
5.68,3.0,95.65,56.48,57.04594999999985,Struggle
4.26,1.66,53.93,46.16,50.20154999999993,Struggle
4.65,1.0,91.26,44.92,49.819600000000044,Struggle
3.16,1.0,77.37,50.2,57.80995000000005,Struggle
2.53,2.87,83.46,91.58,88.30140000000002,Excel
6.4,5.0,74.64,68.98,68.82654999999977,Average
5.64,3.44,84.89,64.82,63.702449999999914,Average
5.01,5.0,51.7,63.98,66.60399999999977,Average
2.26,4.2,88.14,95.39,91.94299999999984,Excel
4.71,4.52,51.67,60.82,65.19855000000011,Average
3.32,5.0,72.76,90.07,82.27350000000004,Excel
1.15,4.04,57.55,71.45,75.44810000000018,Excel
6.47,3.71,4.21,79.84,75.36565000000004,Excel
1.99,4.59,66.83,82.88,82.48584999999981,Excel
6.69,3.63,39.4,43.71,47.54174999999995,Struggle
3.85,3.06,71.44,74.96,73.77544999999976,Average
2.43,4.73,88.63,81.12,81.74900000000021,Excel
4.44,3.15,35.61,46.89,51.51194999999998,Struggle
6.36,3.16,89.45,66.86,58.900150000000025,Struggle
5.74,1.26,53.68,47.49,49.28619999999991,Struggle
6.24,2.01,59.58,38.92,44.99895000000003,Struggle
4.84,5.0,77.58,77.18,79.07290000000016,Excel
4.82,2.57,97.35,75.37,73.9783500000002,Average
6.42,3.51,53.74,63.2,60.82885000000011,Average
2.21,2.7,52.15,79.18,77.13195000000012,Excel
4.37,3.23,6.15,53.05,58.666899999999984,Struggle
1.85,2.85,82.06,81.9,71.33969999999998,Average
7.0,1.7,69.95,54.22,53.278199999999906,Struggle
6.75,4.64,66.83,72.73,67.50754999999985,Average
1.51,2.81,66.83,62.33,66.95999999999992,Average
5.13,5.0,59.82,70.13,71.86764999999978,Average
7.0,2.7,66.83,70.02,60.96570000000014,Average
1.81,3.48,81.34,82.12,81.82000000000023,Excel
4.17,3.73,84.26,84.9,81.00679999999983,Excel
6.04,2.39,56.21,42.36,50.09359999999996,Struggle
1.64,5.0,4.77,100.0,97.57419999999998,Excel
5.14,2.81,67.05,62.76,58.60145000000004,Struggle
2.95,1.97,85.66,57.06,61.420600000000015,Average
6.74,2.63,76.21,72.73,54.35004999999998,Struggle
7.0,2.74,61.14,52.72,51.635799999999975,Struggle
6.83,4.44,92.31,61.42,64.05690000000008,Average
3.91,3.07,90.91,79.67,77.05010000000001,Excel
6.38,1.0,69.8,36.72,37.04285,Struggle
6.32,3.68,79.43,60.69,61.22440000000006,Average
2.6,4.12,62.89,85.32,84.44999999999995,Excel
5.58,1.86,84.49,45.12,49.47965000000003,Struggle
1.0,2.89,0.0,67.55,71.8185499999998,Average
4.45,1.0,92.2,53.98,54.83624999999981,Struggle
2.38,3.46,34.47,66.99,72.1231999999999,Average
1.84,2.91,14.06,82.06,80.42289999999991,Excel
1.92,5.0,63.43,87.97,90.97154999999992,Excel
5.01,5.0,59.55,74.04,72.6831500000002,Average
3.3,5.0,75.41,77.19,80.33420000000014,Excel
5.38,1.82,60.19,45.07,46.62734999999991,Struggle
1.11,5.0,88.16,100.0,97.03714999999997,Excel
3.01,3.9,62.07,81.51,80.2637500000001,Excel
4.71,2.3,85.35,74.3,69.68429999999985,Average
5.36,3.58,49.36,65.09,63.396800000000106,Average
3.92,2.7,99.31,100.0,88.00975,Excel
4.31,5.0,100.0,81.3,84.16539999999978,Excel
6.14,2.27,93.48,53.12,56.6030500000001,Struggle
4.82,5.0,88.0,78.9,80.04514999999977,Excel
2.74,1.0,7.1,52.13,51.81254999999993,Struggle
1.38,1.55,7.75,76.68,77.02575000000009,Excel
6.18,3.43,97.83,59.82,62.04574999999989,Average
1.54,1.0,5.27,61.94,66.15105000000004,Average
6.05,1.8,76.9,34.61,40.165899999999915,Struggle
4.42,3.13,60.9,46.2,51.617450000000034,Struggle
6.6,1.62,55.9,65.87,60.584400000000116,Average
6.19,3.21,73.32,68.0,61.415400000000005,Average
7.0,3.95,78.79,69.74,68.13449999999986,Average
3.5,1.39,77.55,71.59,70.04615000000008,Average
5.31,1.4,68.69,68.43,49.63310000000001,Struggle
3.58,3.75,77.61,90.54,76.72525000000006,Excel
4.12,3.27,92.31,57.31,64.80754999999996,Average
5.01,2.87,65.99,70.15,69.6318499999999,Average
6.24,2.02,0.0,64.44,61.54455000000001,Average
6.41,1.8,73.52,40.77,42.76760000000015,Struggle
5.37,5.0,63.94,69.86,71.62410000000008,Average
3.33,4.0,0.0,81.49,82.49304999999985,Excel
3.88,1.0,79.93,57.08,56.33624999999998,Struggle
5.77,2.16,79.01,50.05,49.67524999999997,Struggle
2.03,1.0,81.82,55.41,59.21234999999992,Struggle
2.11,3.14,67.59,73.72,77.24059999999984,Excel
2.81,4.64,65.79,68.31,78.81109999999998,Excel
2.63,2.93,80.58,77.82,75.89729999999987,Excel
2.5,2.87,56.64,57.54,60.72890000000015,Average
2.76,3.65,62.65,87.31,78.80455,Excel
1.5,1.0,3.17,65.67,68.9206500000001,Average
1.0,1.8,2.58,58.07,61.09999999999985,Average
7.0,3.8,62.17,41.47,49.434300000000015,Struggle
3.25,2.12,50.98,60.54,61.998450000000204,Average
3.19,3.43,62.27,63.85,66.01165000000013,Average
4.96,1.9,56.74,60.16,56.595549999999974,Struggle
2.05,2.33,53.06,56.81,71.34190000000002,Average
7.0,4.08,71.84,65.66,62.705099999999895,Average
5.9,4.78,95.66,89.06,83.51049999999991,Excel
1.32,2.87,89.56,78.12,83.75755000000018,Excel
3.92,2.87,65.27,58.68,61.72530000000016,Average
5.79,3.27,96.24,67.7,66.91650000000006,Average
6.52,2.87,66.48,57.1,57.22764999999985,Struggle
3.83,2.37,53.63,60.46,60.52669999999987,Average
4.46,4.42,99.7,92.38,86.52704999999993,Excel
2.2,4.04,66.83,84.06,78.02730000000001,Excel
6.86,1.8,73.3,49.59,46.49940000000005,Struggle
2.21,4.39,83.32,83.16,83.70114999999993,Excel
7.0,2.81,66.83,72.72,49.13754999999999,Struggle
4.66,3.98,59.72,73.16,72.37719999999989,Average
4.55,1.0,60.0,42.53,46.12055000000003,Struggle
3.96,2.13,73.48,55.58,57.144599999999954,Struggle
2.12,2.68,95.58,83.96,85.56879999999968,Excel
1.78,3.86,50.5,59.32,84.18174999999995,Excel
2.12,5.0,89.13,92.93,93.76085000000018,Excel
2.48,4.0,66.83,82.13,84.59284999999976,Excel
5.95,2.93,73.91,69.24,62.17399999999992,Average
3.28,5.0,81.89,89.45,87.87670000000024,Excel
1.31,3.69,84.34,72.9,77.62284999999987,Excel
6.82,3.5,52.92,64.85,60.71145000000015,Average
6.07,4.87,66.83,65.25,66.41725,Average
6.14,1.45,79.19,54.45,50.908400000000036,Struggle
6.8,2.87,53.3,56.29,55.99460000000013,Struggle
2.04,1.22,56.75,60.31,62.860299999999945,Average
2.94,2.16,83.18,89.48,84.34284999999981,Excel
5.14,1.13,76.08,60.91,59.959399999999995,Struggle
4.94,3.77,27.97,48.88,55.55964999999989,Struggle
1.79,3.42,76.76,87.98,78.52334999999995,Excel
5.78,1.57,95.63,67.15,64.13929999999976,Average
3.92,1.64,50.78,60.5,61.17970000000007,Average
2.07,2.72,82.13,60.06,72.06540000000001,Average
3.98,2.53,14.55,59.56,62.950650000000124,Average
4.13,4.08,14.84,55.89,62.92129999999992,Average
4.31,4.0,57.53,77.62,77.43575000000021,Excel
1.12,5.0,71.15,93.8,93.29454999999976,Excel
6.46,3.92,56.93,64.99,61.375549999999905,Average
2.48,3.02,64.09,81.57,77.24979999999987,Excel
1.61,3.56,81.28,75.83,77.68249999999996,Excel
5.96,4.78,70.56,68.85,68.19040000000017,Average
6.46,1.62,61.72,40.72,52.19240000000003,Struggle
5.9,3.28,36.48,56.52,55.11040000000018,Struggle
6.35,2.54,89.87,66.71,58.95155,Struggle
5.27,1.87,91.62,50.03,52.11275000000007,Struggle
3.83,3.69,92.33,81.16,79.81219999999993,Excel
1.64,5.0,42.77,92.75,92.7621,Excel
3.21,3.4,89.67,66.03,85.49644999999998,Excel
2.84,1.79,60.61,62.8,62.56319999999993,Average
2.77,3.41,86.92,96.47,92.50489999999992,Excel
4.97,2.1,97.42,77.76,75.43535000000011,Excel
3.92,1.95,50.69,56.41,60.11149999999989,Struggle
1.62,3.9,72.02,69.29,75.0814500000003,Average
2.37,3.52,82.39,90.29,87.28230000000032,Excel
5.58,1.25,85.09,69.5,66.67715000000003,Average
3.92,1.45,2.58,64.6,64.31435000000016,Average
6.38,3.84,29.52,55.4,55.91949999999985,Struggle
3.83,5.0,80.76,89.45,87.56850000000023,Excel
3.39,1.75,58.22,71.02,67.98450000000015,Average
4.78,5.0,66.83,78.77,76.54055000000022,Excel
6.45,4.87,89.16,68.65,69.22029999999981,Average
3.0,5.0,53.99,84.76,84.58715000000015,Excel
5.56,1.66,17.72,49.16,49.7342,Struggle
4.03,3.09,78.74,74.35,72.95125000000016,Average
2.4,2.68,80.18,59.23,70.16085000000008,Average
5.94,2.68,84.34,61.01,56.66195000000006,Struggle
5.76,3.68,69.68,60.07,59.43899999999987,Struggle
5.25,2.19,88.69,65.59,65.58525000000017,Average
5.94,3.45,98.72,77.16,72.45424999999994,Average
6.61,4.0,63.55,63.34,66.4704,Average
5.29,1.0,85.15,46.78,48.51155000000001,Struggle
5.99,2.44,96.42,63.52,62.62350000000018,Average
5.47,2.27,84.31,58.92,61.061250000000065,Average
4.68,2.46,84.06,59.14,65.80230000000003,Average
4.98,5.0,61.19,72.84,73.61440000000003,Average
5.26,1.0,36.98,48.01,49.00875,Struggle
1.73,5.0,78.13,91.91,93.64835000000005,Excel
6.39,1.0,85.01,41.41,41.93019999999993,Struggle
6.63,5.0,99.84,71.49,71.73784999999992,Average
1.26,3.49,0.38,82.1,84.65195000000011,Excel
6.1,1.0,53.26,38.66,37.79764999999997,Struggle
2.05,2.1,53.9,66.79,70.65675000000019,Average
2.77,2.34,87.15,93.34,70.41850000000005,Average
5.79,2.05,56.82,63.02,57.511500000000154,Struggle
1.88,3.92,81.12,76.06,81.71584999999989,Excel
5.59,2.94,40.94,58.34,58.707950000000054,Struggle
5.84,2.05,72.87,34.75,42.008750000000006,Struggle
3.79,2.63,60.78,50.09,56.58750000000009,Struggle
1.0,3.74,5.83,87.27,83.69200000000028,Excel
2.5,2.94,79.31,60.91,65.64704999999992,Average
4.38,2.37,70.93,82.24,75.7893499999999,Excel
7.0,2.87,78.73,67.7,62.61360000000007,Average
4.87,5.0,28.65,77.46,76.54044999999968,Excel
2.71,1.77,58.54,76.19,73.22615000000012,Average
4.64,3.76,99.45,84.41,82.95114999999998,Excel
4.51,3.02,86.28,68.7,69.7278,Average
5.31,3.2,52.46,56.21,57.27204999999989,Struggle
1.71,3.91,85.19,100.0,96.84490000000001,Excel
5.35,4.37,70.61,66.71,65.81524999999984,Average
4.28,2.72,65.36,46.82,53.29409999999993,Struggle
6.6,3.7,57.7,54.42,57.33250000000002,Struggle
3.34,5.0,92.0,94.5,91.7156499999999,Excel
5.19,3.18,53.19,63.96,64.09599999999982,Average
6.83,3.14,41.52,53.78,56.66979999999997,Struggle
1.3,5.0,8.32,86.04,88.24825000000027,Excel
6.39,3.96,36.75,67.91,63.92254999999991,Average
5.55,1.0,75.41,48.93,47.17070000000004,Struggle
1.35,2.67,50.59,84.59,83.19750000000009,Excel
3.25,2.93,65.05,62.84,65.2775,Average
5.14,3.36,96.68,69.8,71.24979999999982,Average
1.85,2.43,35.46,80.76,70.13255,Average
4.92,2.87,68.02,44.15,51.53684999999985,Struggle
3.24,2.63,73.66,61.03,66.03885000000012,Average
4.24,4.29,78.08,72.89,74.42084999999989,Average
1.17,1.0,2.3,72.18,65.71194999999997,Average
6.64,2.86,59.52,45.17,60.61160000000002,Average
7.0,3.34,73.08,75.28,67.10605000000011,Average
6.5,2.11,87.88,53.92,52.26454999999994,Struggle
5.4,1.0,86.13,60.51,57.277550000000105,Struggle
2.12,2.76,54.34,93.71,67.06775000000003,Average
5.63,1.8,51.08,43.21,42.30985000000001,Struggle
1.5,3.36,0.0,76.66,77.74934999999998,Excel
1.46,4.23,0.0,96.47,92.83369999999996,Excel
3.35,2.87,79.22,88.77,82.47535000000022,Excel
3.55,5.0,23.97,80.39,80.1457499999998,Excel
5.27,2.66,31.34,73.29,69.99945000000021,Average
4.68,2.11,84.98,73.71,70.10429999999982,Average
4.12,3.51,86.09,60.69,65.74010000000004,Average
2.62,2.87,58.63,47.23,65.50424999999997,Average
6.54,2.34,51.41,41.12,45.24750000000002,Struggle
3.38,2.37,31.81,53.98,64.50334999999981,Average
3.56,2.87,48.45,75.72,73.6617999999998,Average
2.29,4.44,85.3,88.82,87.96569999999986,Excel
6.01,1.0,90.5,41.28,44.675549999999966,Struggle
5.35,3.35,80.53,72.48,69.01744999999978,Average
1.84,2.79,55.54,58.81,60.51864999999997,Average
1.9,3.53,6.1,79.19,81.05385000000011,Excel
4.8,3.47,59.51,74.26,61.574600000000075,Average
5.06,2.52,95.28,63.71,64.48284999999979,Average
2.2,2.87,93.58,75.96,77.88634999999977,Excel
6.29,1.0,65.11,30.22,37.4312,Struggle
3.92,1.61,7.75,76.85,71.50750000000016,Average
3.66,4.86,92.56,89.46,85.85135000000008,Excel
6.79,2.66,66.83,70.72,65.54644999999987,Average
3.07,1.0,62.53,64.5,52.37089999999992,Struggle
4.62,1.69,97.69,63.47,65.55809999999988,Average
3.74,3.61,72.54,76.45,75.84760000000014,Excel
2.25,5.0,24.02,84.61,85.15270000000024,Excel
3.92,1.07,55.49,42.22,46.52515,Struggle
3.92,2.87,82.38,69.29,68.49420000000022,Average
6.7,4.98,71.89,68.47,68.02719999999988,Average
2.13,3.24,54.72,74.94,76.58390000000007,Excel
2.78,2.24,87.02,60.52,66.5276000000002,Average
1.05,4.31,6.81,95.54,91.28220000000034,Excel
4.8,1.0,86.27,52.29,53.192300000000124,Struggle
2.83,1.04,60.11,62.83,61.26794999999999,Average
6.37,2.92,54.96,58.6,54.22755000000011,Struggle
3.58,2.5,50.54,74.32,69.20614999999987,Average
6.94,4.45,65.26,44.96,50.433549999999926,Struggle
1.83,1.12,69.94,67.83,68.24284999999992,Average
6.1,3.52,91.76,49.15,55.73979999999987,Struggle
6.02,3.5,69.52,73.85,69.52965000000015,Average
5.87,1.8,50.56,33.89,36.52570000000008,Struggle
5.72,2.5,67.62,56.76,54.88240000000012,Struggle
5.68,2.55,74.95,43.84,45.46770000000008,Struggle
4.89,5.0,97.45,82.93,84.21434999999992,Excel
1.38,3.7,62.88,86.32,86.8713499999999,Excel
1.17,1.0,7.52,67.43,65.15540000000003,Average
6.29,3.24,59.26,40.65,45.74494999999988,Struggle
4.67,4.21,58.17,69.58,68.76180000000001,Average
6.06,2.22,63.43,62.6,51.78824999999998,Struggle
3.55,1.87,50.3,66.02,61.75980000000018,Average
1.32,4.39,56.36,91.05,88.62704999999978,Excel
1.52,5.0,76.9,94.63,89.98309999999996,Excel
5.56,3.11,62.38,51.64,62.49585000000002,Average
3.83,4.0,66.83,77.06,77.54309999999995,Excel
1.72,1.8,67.99,59.01,61.70995000000013,Average
3.85,4.11,63.71,56.17,60.57485000000003,Average
1.15,4.0,44.0,95.12,92.38140000000016,Excel
4.63,2.9,73.21,58.96,61.069999999999816,Average
2.57,1.0,56.22,56.08,57.92299999999996,Struggle
6.25,3.81,30.6,50.4,57.387949999999954,Struggle
2.58,2.45,96.6,86.11,84.26570000000014,Excel
3.82,2.55,66.83,73.77,71.04305000000012,Average
1.27,4.71,5.04,90.18,89.50000000000014,Excel
1.76,3.58,84.95,100.0,93.595,Excel
3.26,1.7,54.39,71.64,66.72269999999992,Average
4.07,1.0,85.63,58.98,58.89374999999985,Struggle
4.4,2.73,62.37,86.37,77.13625000000023,Excel
2.69,3.66,76.87,60.9,66.06504999999989,Average
5.57,1.4,66.83,48.11,48.318899999999985,Struggle
6.61,1.0,59.37,33.76,38.14390000000012,Struggle
5.9,4.85,44.63,63.85,63.46805000000014,Average
1.11,1.8,8.94,64.32,65.1030999999999,Average
4.2,1.0,82.6,59.36,57.95575000000007,Struggle
1.16,1.2,51.3,69.24,69.49319999999985,Average
2.05,2.93,77.44,65.51,70.09845000000013,Average
7.0,3.22,79.75,61.95,58.39269999999991,Struggle
1.64,2.27,66.83,90.29,84.42995000000023,Excel
4.44,5.0,60.42,78.64,78.76554999999985,Excel
4.65,3.65,63.81,49.52,57.240750000000126,Struggle
5.14,1.8,64.65,56.99,53.92549999999992,Struggle
4.54,5.0,4.77,83.18,81.39570000000022,Excel
1.33,1.8,9.36,68.93,67.53255000000009,Average
2.94,4.32,66.83,86.88,83.80234999999973,Excel
3.82,1.0,55.98,63.54,53.67369999999995,Struggle
1.8,2.79,87.19,98.48,95.38204999999977,Excel
2.92,1.0,69.75,67.61,65.56530000000004,Average
1.0,2.56,8.07,72.24,75.41234999999989,Excel
1.6,4.63,62.85,81.97,84.84469999999985,Excel
2.97,1.35,97.84,81.38,77.92224999999979,Excel
2.27,1.27,65.52,71.99,70.41569999999994,Average
4.54,4.82,66.5,69.77,70.31990000000023,Average
5.63,1.92,59.48,68.83,62.73279999999994,Average
5.64,1.0,66.83,39.86,42.08034999999993,Struggle
2.67,1.8,63.78,49.88,61.58405000000014,Average
1.65,2.63,66.51,69.02,72.77835000000016,Average
1.17,1.0,45.96,59.38,65.59210000000017,Average
4.35,1.66,2.29,67.84,66.03720000000011,Average
5.2,1.0,70.57,46.96,47.36779999999993,Struggle
1.0,1.73,6.36,75.04,74.58860000000018,Average
6.63,1.0,90.73,50.84,47.83865000000007,Struggle
1.14,2.99,61.29,88.79,82.96450000000029,Excel
4.09,1.26,89.92,58.29,60.87440000000015,Average
5.39,1.89,55.06,34.88,42.34685000000003,Struggle
5.89,2.8,89.98,41.95,44.72764999999993,Struggle
5.55,4.0,56.01,71.78,70.49050000000013,Average
5.89,1.8,56.24,37.91,39.075949999999985,Struggle
3.45,4.63,72.15,88.42,84.50590000000004,Excel
5.75,1.0,90.97,45.47,47.97489999999998,Struggle
1.96,2.23,77.62,68.57,75.3044,Excel
6.45,4.64,93.75,65.68,66.13765000000006,Average
4.76,2.66,99.47,71.69,70.10885000000012,Average
5.43,3.81,54.77,75.16,66.22365000000003,Average
3.94,3.78,80.64,92.89,73.82134999999992,Average
5.18,3.92,87.72,80.57,69.99084999999995,Average
3.71,1.41,61.61,68.18,65.35130000000011,Average
5.47,3.62,58.36,56.21,57.70794999999989,Struggle
1.79,3.22,87.98,73.9,92.31379999999996,Excel
1.42,4.59,36.33,91.95,88.7106000000002,Excel
2.04,3.21,56.75,70.26,72.46885000000009,Average
2.15,4.12,65.74,74.6,74.81760000000014,Average
5.79,2.73,67.93,42.74,49.041599999999924,Struggle
2.64,1.0,98.26,61.35,64.31440000000016,Average
6.4,4.58,84.9,77.52,73.00005000000019,Average
2.66,1.0,56.04,66.14,63.5904499999999,Average
1.87,3.57,98.44,80.46,83.44089999999977,Excel
5.87,1.8,95.16,45.14,46.914900000000024,Struggle
5.43,5.0,75.6,77.34,73.24595000000001,Average
3.61,2.71,95.28,50.9,57.413099999999886,Struggle
3.97,2.34,70.22,80.25,65.87664999999997,Average
3.92,1.8,0.0,45.48,47.953799999999916,Struggle
3.92,3.55,40.55,87.58,82.97454999999995,Excel
6.95,4.72,83.12,60.73,62.87689999999984,Average
6.67,3.26,75.05,42.73,45.53839999999984,Struggle
4.96,3.06,82.95,66.06,66.52014999999997,Average
1.96,3.85,84.3,69.02,73.54720000000019,Average
4.98,2.51,51.12,41.74,46.8432999999999,Struggle
1.26,4.24,52.7,92.29,87.83825000000026,Excel
3.92,1.61,0.0,76.16,68.63160000000013,Average
2.97,2.39,66.83,70.07,69.82114999999986,Average
4.04,1.0,81.63,52.93,54.75175000000015,Struggle
6.15,1.53,77.61,48.37,48.903750000000045,Struggle
5.36,4.0,79.29,78.87,77.68800000000014,Excel
5.09,2.25,65.12,48.64,53.60679999999998,Struggle
3.8,4.0,81.99,88.11,86.38750000000022,Excel
3.18,4.0,91.47,91.3,90.31944999999992,Excel
3.63,3.18,99.9,62.94,77.76040000000006,Excel
6.63,3.31,91.92,42.83,49.29574999999996,Struggle
1.5,5.0,9.83,99.02,90.94934999999994,Excel
6.38,1.57,59.67,49.62,49.30075000000005,Struggle
3.92,1.82,84.07,52.62,56.46795000000008,Struggle
3.8,1.9,96.88,69.16,68.46374999999995,Average
5.77,2.39,60.59,62.28,59.4229000000001,Struggle
4.34,4.0,62.8,78.18,78.25555000000013,Excel
6.46,1.8,57.45,40.16,35.487149999999936,Struggle
5.95,3.04,86.84,41.41,48.64379999999993,Struggle
3.9,3.69,37.33,83.35,78.78180000000019,Excel
2.82,2.0,53.13,80.05,74.4259499999998,Average
4.36,2.36,68.69,71.26,70.12705000000007,Average
6.16,3.88,77.88,70.93,69.9031499999999,Average
1.88,4.32,66.55,71.21,77.32454999999976,Excel
4.29,2.03,67.2,69.76,67.36210000000011,Average
5.04,1.49,66.83,58.06,57.59835000000001,Struggle
5.14,1.78,3.81,47.75,50.37395000000002,Struggle
1.31,2.92,66.85,89.94,86.07395000000005,Excel
5.19,3.48,41.23,63.4,62.649249999999896,Average
6.43,5.0,52.61,80.32,74.78839999999987,Average
1.75,4.0,48.05,69.85,77.00740000000019,Excel
1.97,5.0,3.33,86.8,96.30929000000008,Excel
6.52,3.73,76.44,71.24,68.31034999999984,Average
2.27,3.57,92.01,75.37,80.68005000000024,Excel
5.71,3.19,53.41,59.12,46.67209999999994,Struggle
4.01,2.53,53.91,54.77,61.36389999999999,Average
2.13,4.47,77.81,88.39,87.6419499999998,Excel
5.92,4.4,81.96,56.56,61.693850000000005,Average
3.56,5.0,60.57,78.47,79.38559999999978,Excel
3.69,1.0,87.26,64.85,61.69125000000012,Average
2.83,3.51,82.31,60.12,69.69385000000015,Average
4.41,2.6,2.12,60.98,64.29384999999985,Average
1.81,1.7,66.83,72.89,72.36699999999982,Average
3.6,3.02,87.57,87.79,81.1898000000002,Excel
6.39,3.22,26.3,54.2,52.85955000000006,Struggle
2.91,4.55,7.59,79.53,77.33909999999986,Excel
5.26,1.93,77.59,53.85,56.63770000000014,Struggle
3.22,2.87,5.88,75.22,73.99184999999984,Average
5.45,1.0,0.86,51.16,50.94149999999996,Struggle
2.11,4.0,50.22,84.84,84.89860000000006,Excel
6.5,5.0,41.81,75.4,71.86829999999978,Average
3.34,4.23,60.86,65.47,68.26934999999986,Average
1.96,1.0,87.17,58.95,64.49900000000014,Average
1.88,1.0,66.83,56.61,58.545850000000016,Struggle
1.83,5.0,8.88,90.16,91.28728666666672,Excel
4.54,1.45,91.9,81.07,62.067900000000144,Average
2.79,2.15,91.64,90.86,85.16250000000015,Excel
6.38,1.82,57.63,45.67,43.18445000000004,Struggle
3.99,2.05,81.52,81.23,72.3218999999998,Average
2.91,2.75,66.83,71.23,69.9607999999998,Average
4.7,2.09,64.94,58.81,59.14499999999999,Struggle
5.61,3.98,86.15,71.27,69.65860000000016,Average
2.45,1.0,76.56,63.8,71.48294999999999,Average
1.83,2.61,86.53,74.13,81.40909999999975,Excel
1.14,5.0,2.74,95.07,97.60770000000004,Excel
5.64,1.68,76.43,57.61,55.94994999999998,Struggle
4.78,3.36,64.56,76.43,71.73235000000014,Average
4.1,2.36,98.63,79.42,76.28630000000003,Excel
5.64,1.0,92.86,46.23,54.8454,Struggle
5.85,4.92,86.66,66.2,66.51530000000011,Average
4.13,2.02,62.59,76.63,63.1664,Average
6.0,1.0,67.34,45.4,46.14729999999989,Struggle
2.0,1.28,66.83,70.53,70.33355000000017,Average
2.01,2.47,66.26,70.58,72.68584999999989,Average
2.31,2.09,86.64,59.73,64.13459999999985,Average
3.92,1.0,86.82,67.07,62.86750000000002,Average
4.48,2.46,50.92,59.91,59.263649999999906,Struggle
6.62,2.02,35.59,44.56,44.46495000000011,Struggle
1.0,5.0,2.03,90.56,90.18320000000003,Excel
1.46,2.3,0.0,84.49,81.39359999999989,Excel
3.67,3.83,9.8,69.07,74.48574999999998,Average
6.11,2.12,56.44,52.21,50.61239999999991,Struggle
2.93,4.62,89.53,80.78,83.0975500000002,Excel
4.49,1.04,39.53,55.1,54.03140000000015,Struggle
1.0,5.0,0.0,98.98,97.34974261904745,Excel
1.96,4.72,80.37,84.62,83.98930000000024,Excel
7.0,2.33,58.01,61.09,58.495550000000065,Struggle
7.0,4.06,88.93,49.55,55.87399999999996,Struggle
1.38,2.2,0.57,66.39,75.42219999999999,Excel
7.0,3.49,60.55,54.46,54.559249999999864,Struggle
4.64,1.0,77.91,48.88,49.53579999999998,Struggle
6.6,3.7,48.6,51.61,55.24764999999998,Struggle
4.17,2.87,96.01,59.53,63.98535000000008,Average
4.09,3.31,94.0,77.78,76.74550000000015,Excel
3.78,4.0,74.17,82.31,79.53955000000005,Excel
4.91,4.46,67.96,54.35,56.07710000000011,Struggle
1.67,4.0,4.41,88.34,87.97580000000004,Excel
1.0,3.83,9.78,75.57,80.3523499999999,Excel
2.97,2.78,66.83,68.81,68.81354999999988,Average
5.29,4.52,90.25,81.09,76.55175,Excel
2.17,2.56,65.54,88.99,77.98484999999991,Excel
4.64,4.94,59.5,67.99,68.34559999999986,Average
7.0,1.19,73.77,41.29,45.31565000000003,Struggle
1.23,2.18,53.45,75.83,76.55205000000002,Excel
4.65,2.7,85.06,56.42,61.09635000000005,Average
3.78,2.58,75.92,69.03,66.88640000000018,Average
6.11,1.0,74.82,54.73,50.53989999999989,Struggle
1.62,2.33,65.02,83.88,82.30989999999976,Excel
5.02,2.58,67.62,83.56,58.455599999999976,Struggle
6.3,1.66,54.52,51.71,52.79089999999992,Struggle
6.79,1.0,93.49,40.08,40.595549999999974,Struggle
4.96,4.0,68.84,71.61,74.9576000000001,Average
3.67,1.0,94.03,56.24,59.00284999999986,Struggle
4.84,4.29,86.44,76.72,73.91459999999982,Average
6.6,1.0,27.39,33.94,37.179449999999925,Struggle
4.57,2.4,91.58,64.5,69.1037,Average
1.49,5.0,5.88,100.0,96.44944999999996,Excel
6.61,2.87,51.62,35.49,40.074249999999886,Struggle
5.36,1.0,56.69,49.98,48.2495999999998,Struggle
5.46,1.23,58.37,56.88,54.685449999999854,Struggle
2.56,5.0,51.39,96.82,85.32480000000015,Excel
5.36,4.0,87.33,80.21,78.81029999999973,Excel
3.29,3.55,86.01,58.9,66.16639999999985,Average
5.31,2.92,82.98,45.82,52.054399999999895,Struggle
1.76,1.51,88.31,92.41,86.68919999999997,Excel
5.32,3.15,46.24,57.61,59.021950000000054,Struggle
6.54,3.49,63.04,58.97,59.92284999999995,Struggle
1.45,1.0,5.57,69.09,71.37445000000014,Average
7.0,2.33,50.91,35.71,42.33025000000001,Struggle
3.11,3.55,68.33,79.89,77.33804999999985,Excel
6.38,1.0,86.44,48.16,45.91289999999993,Struggle
6.01,2.43,71.36,70.44,62.89810000000001,Average
4.19,1.03,9.88,41.69,56.683950000000074,Struggle
5.34,1.0,32.04,44.19,45.45304999999991,Struggle
6.34,5.0,50.91,78.26,69.17534999999991,Average
3.44,3.53,98.24,77.89,79.41389999999987,Excel
2.5,5.0,41.83,78.41,81.33994999999994,Excel
4.61,1.0,41.65,48.2,49.634000000000015,Struggle
5.45,3.24,65.92,61.79,64.53360000000022,Average
5.33,4.7,62.83,62.47,64.84944999999988,Average
5.54,3.06,51.05,43.36,48.16874999999998,Struggle
3.85,2.32,66.83,83.88,65.34965,Average
5.98,2.41,72.46,62.55,60.259449999999894,Struggle
1.98,1.56,59.9,74.46,72.62324999999973,Average
3.84,2.23,3.98,64.49,65.76325000000004,Average
1.02,2.31,0.0,90.96,82.88049999999993,Excel
2.77,3.26,94.73,66.19,72.38710000000009,Average
3.55,2.41,96.84,70.57,74.27634999999987,Average
3.59,2.17,80.9,66.27,64.01610000000021,Average
5.54,2.4,16.42,48.47,50.4797,Struggle
2.88,3.04,87.04,89.85,81.60334999999998,Excel
3.91,3.73,55.5,60.17,64.90220000000005,Average
2.47,5.0,57.26,92.8,89.98854999999986,Excel
3.57,1.17,88.97,68.43,66.67335000000011,Average
2.37,1.66,66.83,75.8,73.3642999999998,Average
1.48,3.95,72.32,93.79,88.70455000000032,Excel
4.17,2.98,86.91,66.07,71.37539999999998,Average
5.18,2.99,84.66,70.36,66.40470000000009,Average
4.49,1.0,63.09,42.26,49.27790000000004,Struggle
3.3,1.59,96.24,67.33,68.99144999999999,Average
2.85,1.88,58.98,56.75,65.05614999999999,Average
6.64,3.0,95.24,80.2,73.36720000000015,Average
3.96,3.03,65.63,53.67,56.98295000000005,Struggle
4.25,5.0,9.88,82.53,83.92939999999997,Excel
1.61,2.7,4.97,92.27,86.10995000000015,Excel
3.49,3.16,50.12,53.85,58.18995000000014,Struggle
3.66,2.97,51.95,82.48,76.81394999999982,Excel
3.78,5.0,63.12,83.53,81.46500000000023,Excel
4.27,4.0,94.24,83.72,84.00249999999984,Excel
3.85,1.0,84.57,54.86,56.94625000000003,Struggle
4.79,2.87,83.31,63.97,60.3411499999999,Struggle
5.58,3.14,34.68,49.51,60.421800000000005,Struggle
5.48,2.77,0.0,33.87,46.00395000000003,Struggle
5.49,2.39,66.83,70.15,67.2396499999999,Average
6.79,4.22,58.55,62.13,50.99010000000005,Struggle
1.47,4.13,0.32,76.73,87.98639999999989,Excel
2.28,4.76,80.02,87.49,86.94999999999993,Excel
1.12,3.31,6.12,82.3,81.48564999999984,Excel
4.82,1.5,59.93,56.72,55.2448,Struggle
6.35,1.8,57.03,31.89,32.118750000000055,Struggle
3.92,3.64,56.16,77.59,73.68790000000008,Average
6.2,3.42,72.4,75.14,68.95154999999988,Average
1.31,2.74,26.6,83.13,81.82389999999975,Excel
6.77,1.8,98.85,41.41,44.921199999999935,Struggle
3.04,1.0,66.83,58.38,59.17364999999993,Struggle
1.39,1.0,55.52,52.72,55.35934999999993,Struggle
3.71,1.28,48.96,73.39,69.32994999999988,Average
2.27,3.83,54.0,82.06,81.2577999999999,Excel
2.55,2.87,80.12,63.78,68.19270000000012,Average
3.21,4.15,92.53,92.85,79.85260000000007,Excel
5.83,3.02,52.39,51.95,50.51195000000004,Struggle
3.97,5.0,89.99,75.08,77.19524999999997,Excel
2.75,5.0,69.72,88.92,86.9939000000002,Excel
4.27,2.93,22.66,42.79,49.6819000000001,Struggle
5.7,3.6,23.04,69.1,64.1842500000001,Average
2.55,1.0,66.83,70.11,67.55795000000002,Average
3.96,1.0,66.83,63.93,60.57980000000012,Average
1.58,4.0,93.34,93.78,94.6489000000001,Excel
2.43,5.0,37.49,94.63,87.55755000000005,Excel
4.85,2.03,26.24,58.33,56.83149999999996,Struggle
1.67,3.18,49.95,77.77,76.6941500000002,Excel
3.68,1.83,90.87,80.05,72.87459999999983,Average
5.36,5.0,86.31,77.0,78.68100000000005,Excel
1.45,2.29,74.44,61.0,67.09084999999997,Average
4.34,2.24,54.11,84.45,75.49600000000015,Excel
2.86,1.0,56.02,73.34,56.31299999999994,Struggle
6.53,1.8,95.5,56.4,44.970149999999975,Struggle
3.71,3.5,92.32,70.72,73.26634999999982,Average
6.19,1.04,61.58,60.1,55.196000000000105,Struggle
4.29,4.58,0.82,92.34,83.29909999999998,Excel
1.59,3.99,7.16,87.4,87.27674999999994,Excel
4.67,5.0,83.76,81.02,81.50955000000019,Excel
6.61,1.0,78.03,46.06,43.99300000000013,Struggle
4.28,5.0,67.77,67.8,72.53219999999985,Average
6.34,3.25,78.44,67.39,62.64929999999992,Average
6.71,3.52,62.87,61.04,59.50820000000017,Struggle
2.85,3.23,72.01,77.91,75.61839999999988,Excel
2.17,4.06,64.04,75.77,75.19395000000023,Excel
4.99,4.24,56.14,74.42,70.16210000000007,Average
3.38,5.0,66.09,75.91,78.07429999999994,Excel
5.99,1.0,92.6,45.41,49.093100000000014,Struggle
6.73,5.0,69.05,67.22,68.17404999999982,Average
2.8,2.46,87.4,69.89,69.1189999999999,Average
2.14,1.01,58.76,56.12,59.16040000000012,Struggle
5.49,2.48,71.22,68.63,62.44979999999997,Average
2.94,1.73,55.74,68.79,68.7437000000002,Average
5.81,5.0,56.93,68.79,67.8033500000002,Average
3.4,3.65,80.87,58.58,66.41794999999996,Average
5.51,1.0,80.37,41.75,44.45395000000001,Struggle
1.45,4.58,60.67,76.67,81.01885,Excel
4.49,1.0,73.72,51.96,52.170849999999916,Struggle
3.83,3.82,66.83,82.6,70.86824999999995,Average
4.82,1.0,58.71,54.57,54.166449999999934,Struggle
1.58,2.57,50.96,68.0,70.96445000000001,Average
5.54,1.0,82.6,50.75,48.59769999999999,Struggle
5.72,3.75,52.67,37.76,49.23710000000009,Struggle
2.33,2.13,99.0,99.24,89.44809999999995,Excel
1.33,1.0,80.48,66.8,71.62119999999993,Average
1.0,2.59,4.17,91.79,87.90155000000004,Excel
4.82,4.0,44.85,78.49,78.48229999999991,Excel
5.07,4.52,66.83,72.9,69.80045000000004,Average
4.49,5.0,54.53,75.41,75.6973499999999,Excel
2.83,3.04,74.4,68.63,70.03529999999984,Average
3.51,3.6,81.28,63.83,67.62039999999995,Average
4.08,2.87,59.2,74.88,73.32224999999976,Average
3.75,3.66,78.13,80.06,79.69219999999991,Excel
7.0,3.36,56.66,57.43,53.25595000000003,Struggle
1.96,2.87,50.88,72.86,73.73320000000011,Average
5.65,3.46,81.53,61.09,62.56960000000003,Average
3.09,1.8,82.42,58.04,59.34195000000015,Struggle
3.37,4.94,79.18,83.84,83.51695000000007,Excel
5.17,3.51,59.17,66.31,63.254149999999974,Average
4.98,3.69,0.43,66.15,65.70829999999995,Average
6.7,3.6,52.83,64.61,60.39960000000009,Struggle
1.71,2.14,80.46,75.86,76.25265000000012,Excel
1.76,2.98,77.7,76.66,77.4806,Excel
5.16,4.29,62.0,81.61,76.8738500000001,Excel
4.05,4.99,94.77,86.13,80.29809999999982,Excel
2.85,1.06,92.52,76.02,72.67100000000016,Average
1.44,3.12,99.03,69.9,89.26980000000005,Excel
1.57,1.0,98.81,76.26,76.01625000000007,Excel
6.33,2.87,61.53,68.03,58.44019999999994,Struggle
2.54,1.0,97.82,77.03,75.67760000000014,Excel
3.0,4.15,93.36,87.74,86.80164999999992,Excel
2.78,2.8,0.0,95.22,87.43644999999988,Excel
3.14,5.0,53.77,80.39,80.6070999999999,Excel
1.21,4.11,52.45,72.51,74.66105000000013,Average
3.97,5.0,91.88,87.64,84.49599999999978,Excel
1.43,2.21,45.9,73.18,75.23869999999994,Excel
5.83,1.0,90.73,48.64,48.51670000000002,Struggle
2.59,1.8,65.65,53.06,60.62630000000001,Average
3.96,1.0,69.88,58.92,57.17080000000004,Struggle
6.44,5.0,85.01,76.86,76.0350000000001,Excel
5.19,1.0,95.77,57.36,57.18860000000002,Struggle
3.92,1.0,54.39,43.82,48.455699999999894,Struggle
2.93,5.0,72.57,96.36,92.06485000000016,Excel
3.49,1.9,89.65,55.14,60.962099999999964,Average
4.92,3.94,39.4,66.32,66.74334999999991,Average
6.57,1.29,67.76,43.14,47.79390000000002,Struggle
5.29,2.75,52.32,34.41,58.99789999999995,Struggle
4.06,4.0,50.79,74.71,82.11079999999994,Excel
5.59,2.36,73.85,43.63,48.62369999999996,Struggle
3.47,3.01,54.78,65.62,63.32160000000016,Average
1.0,3.7,5.85,72.02,77.09375000000027,Excel
4.03,1.0,92.34,53.92,55.23505000000004,Struggle
3.92,1.0,66.83,38.28,41.872300000000095,Struggle
1.66,2.26,58.25,68.05,69.70344999999983,Average
4.84,2.09,59.37,38.75,45.075949999999985,Struggle
2.47,3.84,91.43,88.44,81.88410000000003,Excel
4.48,2.74,93.4,69.2,71.6289500000002,Average
1.9,2.87,76.17,72.68,74.65985000000013,Average
4.04,1.0,95.63,73.34,68.62755000000007,Average
5.46,5.0,92.24,77.22,78.17669999999984,Excel
3.46,5.0,86.57,95.45,85.94239999999985,Excel
5.02,3.66,63.17,70.42,67.92830000000008,Average
5.74,4.34,55.27,72.14,69.27119999999985,Average
6.78,2.08,63.54,48.56,49.161150000000035,Struggle
2.12,2.32,53.34,69.05,70.64094999999986,Average
3.69,4.25,66.83,70.72,68.41579999999985,Average
1.84,3.29,57.92,74.14,74.7136999999999,Average
6.58,3.73,94.02,59.82,61.52079999999994,Average
6.18,4.2,61.99,43.83,50.677349999999954,Struggle
3.9,4.74,98.51,96.72,91.9024499999999,Excel
6.44,2.28,79.86,69.67,64.43895000000006,Average
4.62,4.34,61.86,58.58,68.31064999999997,Average
4.6,4.71,74.86,77.03,75.17110000000015,Excel
1.32,1.0,60.95,61.57,60.60509999999987,Average
5.25,1.0,99.2,48.05,50.11104999999992,Struggle
2.09,2.21,0.81,77.18,75.32475000000008,Excel
5.67,3.41,51.31,48.7,50.75905000000001,Struggle
6.11,1.0,97.39,47.94,49.67459999999995,Struggle
5.42,4.06,66.83,78.86,74.95145000000014,Average
1.62,2.24,7.57,73.34,82.00019999999996,Excel
2.87,2.87,83.53,75.37,76.77805000000008,Excel
2.77,1.0,82.35,60.03,61.00890000000008,Average
3.28,2.87,60.94,56.74,59.95439999999988,Struggle
1.86,2.87,87.92,100.0,97.3017,Excel
6.96,1.43,54.35,51.99,43.829499999999896,Struggle
4.41,4.6,74.47,78.91,76.28689999999997,Excel
2.96,2.87,23.11,81.6,78.31755000000013,Excel
3.8,3.29,98.44,68.72,76.36019999999998,Excel
4.11,3.0,87.58,63.31,66.03919999999995,Average
4.76,5.0,57.94,69.86,69.50385000000023,Average
3.6,3.99,67.08,83.83,81.94299999999994,Excel
6.12,2.52,66.83,51.8,53.66069999999999,Struggle
4.34,5.0,88.33,86.19,84.75595000000008,Excel
6.53,5.0,52.94,61.15,63.571399999999855,Average
5.82,3.22,92.02,55.15,56.899849999999844,Struggle
1.98,4.9,97.11,86.0,88.75069999999998,Excel
6.68,3.33,62.07,75.08,66.15979999999999,Average
1.78,3.55,60.65,82.55,80.32024999999977,Excel
5.69,1.0,68.0,41.65,42.473449999999865,Struggle
2.99,3.15,73.86,60.68,64.58615000000005,Average
6.53,1.0,80.23,47.14,41.16365000000003,Struggle
6.65,1.8,66.83,48.25,38.32525000000008,Struggle
5.39,5.0,77.71,70.54,72.99180000000024,Average
5.37,1.0,67.57,42.79,45.94790000000003,Struggle
2.97,2.68,43.17,72.67,74.77190000000002,Average
1.79,1.24,54.07,65.0,64.52144999999997,Average
3.71,2.47,73.31,79.13,73.06354999999976,Average
2.26,2.94,66.83,79.24,77.73089999999988,Excel
5.56,1.8,31.86,45.56,42.76200000000007,Struggle
2.8,2.46,85.27,58.7,65.75580000000008,Average
6.46,3.55,90.99,45.01,50.16620000000009,Struggle
4.97,2.81,83.04,68.56,64.48404999999995,Average
6.25,1.08,50.65,40.12,48.60335000000002,Struggle
1.88,5.0,37.36,86.67,92.84676666666674,Excel
3.92,2.66,30.46,52.03,57.352350000000094,Struggle
6.84,1.0,61.68,30.48,35.220749999999896,Struggle
4.12,3.72,98.13,85.87,84.40600000000019,Excel
4.2,1.0,82.58,56.72,57.95575000000007,Struggle
5.2,2.61,64.85,66.03,63.60550000000013,Average
2.33,3.72,96.48,72.56,77.97854999999991,Excel
3.72,3.08,87.03,72.74,71.95864999999992,Average
2.92,3.09,64.23,76.2,67.39045,Average
2.29,3.71,30.14,94.82,88.93849999999992,Excel
3.6,2.84,59.97,53.35,59.25940000000012,Struggle
1.13,1.0,98.55,80.7,77.7416500000002,Excel
1.43,1.86,2.27,78.95,75.72250000000017,Excel
1.36,2.71,94.8,100.0,94.71370000000003,Excel
6.57,2.61,67.32,63.13,61.13524999999984,Average
4.42,1.0,93.04,58.31,57.69794999999995,Struggle
7.0,1.0,52.69,28.83,33.084549999999965,Struggle
3.1,1.0,99.1,72.47,70.82474999999982,Average
2.7,2.23,95.6,60.65,77.32100000000001,Excel
3.92,1.0,68.16,55.07,53.990999999999914,Struggle
4.14,1.0,66.83,59.53,57.87810000000016,Struggle
1.8,3.34,87.61,93.42,90.6648999999999,Excel
4.75,4.0,95.06,82.66,81.02294999999992,Excel
3.92,4.79,65.36,92.62,86.55770000000018,Excel
4.82,3.3,73.28,57.24,59.22954999999988,Struggle
5.04,2.4,93.25,70.87,69.13450000000016,Average
3.92,3.43,88.93,94.75,86.60869999999997,Excel
1.16,2.27,69.67,67.7,70.66995000000011,Average
6.16,4.56,53.47,67.08,66.06629999999997,Average
3.7,2.87,0.0,61.05,69.02545000000003,Average
1.15,2.62,89.1,70.71,77.82299999999972,Excel
6.82,2.41,60.34,43.18,48.11710000000008,Struggle
1.37,2.9,64.31,59.74,67.14959999999991,Average
5.61,5.0,66.83,67.4,67.73489999999981,Average
7.0,2.87,72.49,38.28,55.94054999999996,Struggle
2.52,3.85,76.03,64.25,71.42284999999998,Average
1.51,1.28,77.24,61.7,65.82555000000016,Average
1.38,4.26,66.58,94.14,91.04594999999978,Excel
2.82,2.87,58.76,64.57,67.41414999999988,Average
1.84,2.29,88.42,88.8,84.34144999999978,Excel
5.4,3.08,36.27,60.94,61.346350000000065,Average
1.1,1.0,75.29,80.97,75.81164999999993,Excel
3.66,1.0,82.23,56.35,55.80595000000003,Struggle
6.86,3.78,70.21,65.26,62.4063000000001,Average
6.3,1.31,85.38,51.17,52.40380000000007,Struggle
4.74,3.02,13.22,38.2,47.243950000000005,Struggle
2.66,3.64,91.93,87.46,84.79794999999996,Excel
3.92,1.64,1.62,60.23,66.27315000000016,Average
3.79,2.03,73.62,57.31,65.32460000000003,Average
3.53,4.5,98.48,80.26,80.55370000000015,Excel
2.07,1.8,77.37,80.75,74.55595000000004,Average
6.79,5.0,72.98,66.89,67.5495499999999,Average
3.7,2.49,66.57,76.11,73.17205000000007,Average
1.84,3.38,82.88,84.39,87.60740000000004,Excel
3.39,5.0,0.0,71.97,74.85474999999981,Average
3.74,1.17,30.58,58.53,58.46945000000002,Struggle
5.54,2.09,51.36,42.27,49.66879999999995,Struggle
5.75,1.75,30.4,51.79,50.61540000000001,Struggle
5.95,2.03,69.79,49.97,53.20114999999999,Struggle
1.04,3.94,2.21,100.0,99.266,Excel
3.56,4.06,64.64,76.21,73.13789999999976,Average
4.1,1.8,99.2,65.4,63.87626749999982,Average
1.3,1.0,1.61,58.16,69.88564999999981,Average
2.08,1.97,35.16,51.88,67.91514999999993,Average
5.18,1.78,9.95,47.03,48.578250000000004,Struggle
1.48,1.0,63.03,64.11,62.99275000000005,Average
4.47,2.93,7.98,58.89,56.16714999999996,Struggle
2.23,4.0,77.98,89.28,90.15900000000005,Excel
1.12,3.75,3.72,94.32,92.24129999999985,Excel
2.72,1.0,59.79,62.43,62.22785000000009,Average
6.7,1.6,0.0,42.32,44.356299999999926,Struggle
6.06,2.83,50.83,48.74,51.94214999999992,Struggle
6.7,2.24,91.98,73.25,67.46185000000003,Average
3.81,3.36,89.0,84.71,81.48854999999968,Excel
1.49,2.64,53.16,87.35,74.19399999999997,Average
4.75,2.84,68.24,68.14,64.13764999999992,Average
4.0,3.58,97.76,87.65,78.28305000000006,Excel
5.59,1.0,69.6,44.51,45.48345000000011,Struggle
2.05,4.86,76.31,80.27,81.63640000000018,Excel
4.21,1.8,67.76,59.7,56.532300000000006,Struggle
1.55,3.53,79.81,79.11,80.3066500000001,Excel
2.53,2.54,98.91,81.87,83.28209999999996,Excel
5.23,1.83,99.88,59.27,58.7134200000002,Struggle
3.98,1.01,9.0,49.69,50.73394999999992,Struggle
3.38,1.0,70.22,52.25,63.607600000000055,Average
3.15,1.0,0.0,53.8,54.479449999999936,Struggle
3.71,1.0,39.25,49.75,53.684149999999974,Struggle
5.42,1.0,99.28,47.36,48.897649999999956,Struggle
5.9,2.87,85.39,49.75,52.35115,Struggle
6.75,1.0,52.27,38.67,39.62565000000004,Struggle
5.57,4.75,50.61,75.55,71.06864999999985,Average
2.93,3.82,76.02,67.31,80.49775000000002,Excel
5.58,2.31,71.91,50.16,53.813049999999905,Struggle
3.27,2.18,76.15,68.37,68.74910000000017,Average
2.03,4.23,59.12,86.02,83.49925000000017,Excel
5.63,3.51,51.1,56.95,57.8011500000001,Struggle
3.92,1.18,8.47,73.33,57.22625000000007,Struggle
6.62,2.87,95.91,62.03,61.72955000000009,Average
3.85,4.66,72.71,86.28,81.39275000000018,Excel
4.81,4.71,97.27,75.95,72.79814999999998,Average
4.81,1.67,86.47,73.28,70.19215000000017,Average
6.18,3.48,77.91,75.9,59.20445000000002,Struggle
4.7,5.0,79.53,80.84,81.67555000000006,Excel
4.79,4.12,76.95,63.38,65.55259999999984,Average
1.07,2.52,85.35,85.69,84.25720000000007,Excel
4.38,1.57,0.0,68.0,64.89500000000007,Average
1.98,2.87,83.46,95.42,92.63454999999988,Excel
5.19,1.8,56.08,35.25,46.25904999999999,Struggle
4.07,4.0,63.28,81.28,80.78510000000023,Excel
5.54,1.8,91.8,51.21,51.356699999999954,Struggle
1.0,3.68,8.28,82.88,88.62165000000009,Excel
1.21,4.0,76.95,99.02,91.4836500000002,Excel
5.25,3.5,51.58,46.7,50.34550000000004,Struggle
1.57,2.71,61.25,85.51,78.98305000000013,Excel
1.14,2.33,85.1,64.72,71.73934999999989,Average
1.5,3.38,3.83,80.5,80.84585,Excel
6.88,1.0,79.92,42.25,41.50524999999999,Struggle
5.81,3.25,71.49,53.18,55.80905000000006,Struggle
2.95,1.0,33.99,65.35,61.704200000000164,Average
3.11,4.77,94.34,97.75,86.1513499999999,Excel
2.98,5.0,58.05,86.98,85.64199999999983,Excel
5.4,2.26,55.18,38.95,51.919999999999945,Struggle
5.38,1.9,50.14,63.86,57.05290000000005,Struggle
1.7,2.01,43.57,60.23,68.81909999999993,Average
2.48,1.92,57.37,51.39,55.506099999999996,Struggle
1.55,1.8,61.0,60.33,60.47604999999996,Struggle
5.45,5.0,50.56,71.97,70.43089999999985,Average
5.63,4.0,61.36,75.59,75.04340000000003,Average
2.85,3.38,66.64,55.86,63.155400000000014,Average
1.0,3.25,5.89,58.21,71.06979999999984,Average
1.49,2.76,80.4,74.28,72.56530000000012,Average
7.0,2.86,78.44,51.91,54.81764999999992,Struggle
3.05,4.08,54.85,71.66,72.55844999999991,Average
5.28,1.0,79.75,54.43,48.826400000000014,Struggle
4.67,3.83,99.93,81.76,81.53635000000008,Excel
3.21,1.0,97.22,66.99,63.586699999999865,Average
1.83,4.0,50.13,84.0,85.54980000000005,Excel
1.67,5.0,89.77,92.82,93.53144999999984,Excel
5.0,3.55,0.0,57.87,60.55120000000013,Average
5.45,4.96,66.83,66.54,66.89925000000018,Average
4.79,4.07,64.8,75.61,73.3078500000001,Average
4.64,1.16,66.09,55.54,46.790649999999935,Struggle
1.0,3.96,7.21,78.03,83.00860000000019,Excel
3.92,4.54,83.05,71.43,73.37615000000017,Average
6.03,1.8,87.45,49.05,49.60535,Struggle
3.02,1.0,62.3,53.46,54.540199999999885,Struggle
7.0,1.0,32.05,45.31,41.070550000000075,Struggle
4.84,2.2,65.42,71.31,67.0919499999999,Average
4.05,3.89,68.14,75.41,72.61114999999995,Average
5.52,3.68,99.98,85.9,68.23304999999998,Average
6.15,3.93,88.9,63.55,66.81694999999989,Average
4.53,2.2,98.75,56.88,72.58065000000008,Average
1.28,2.35,84.66,84.87,82.94055000000012,Excel
3.34,3.91,70.31,85.86,81.56070000000014,Excel
6.78,1.0,69.49,39.06,40.40085000000008,Struggle
2.26,2.49,74.43,60.63,64.49639999999991,Average
3.67,1.0,70.84,49.55,52.201649999999944,Struggle
3.86,4.97,91.42,79.85,81.55135000000011,Excel
4.11,4.0,46.75,88.22,84.58704999999989,Excel
5.11,2.87,64.78,64.62,61.67800000000012,Average
6.64,3.93,88.74,77.77,72.03830000000019,Average
3.92,2.85,92.72,59.3,61.15469999999993,Average
1.9,5.0,71.02,91.55,90.72734999999973,Excel
2.49,5.0,83.39,93.58,92.58420000000007,Excel
6.61,2.06,52.94,37.66,39.05224999999995,Struggle
4.52,4.69,76.47,84.11,77.90225000000014,Excel
2.45,2.95,17.86,62.58,67.59689999999996,Average
5.67,4.36,51.46,71.23,61.875699999999995,Average
6.49,5.0,80.65,70.71,69.96249999999975,Average
6.39,3.83,65.17,66.94,64.19675000000007,Average
6.51,3.05,87.13,65.35,63.366650000000135,Average
2.59,1.8,94.8,61.6,62.37975000000016,Average
5.86,4.73,8.61,54.88,57.482299999999896,Struggle
3.57,3.23,59.46,70.56,67.55134999999996,Average
5.6,3.17,75.73,66.2,63.95100000000013,Average
5.35,4.83,55.61,69.47,66.65859999999985,Average
6.07,2.87,0.0,78.15,67.35109999999992,Average
5.23,1.86,80.47,41.04,47.59250000000008,Struggle
1.93,5.0,75.78,89.33,85.94744999999985,Excel
3.83,5.0,96.32,88.31,87.6772999999999,Excel
7.0,4.96,76.05,62.69,66.19860000000001,Average
6.95,1.32,99.53,47.37,51.371350000000064,Struggle
1.42,2.87,2.41,64.47,68.4112499999999,Average
1.92,1.88,30.55,52.41,58.30599999999992,Struggle
1.41,2.51,73.52,79.09,77.27020000000007,Excel
5.77,3.32,59.12,64.16,61.57759999999995,Average
5.69,5.0,79.86,78.72,76.23774999999982,Excel
2.0,1.59,84.66,78.11,78.20275000000007,Excel
4.36,1.33,9.6,63.37,65.50600000000009,Average
6.52,3.3,54.89,54.44,53.66819999999998,Struggle
5.56,2.3,73.43,68.07,62.053199999999855,Average
4.37,2.75,54.07,81.58,73.0617499999999,Average
4.36,5.0,84.11,82.24,81.10444999999993,Excel
3.57,4.31,89.52,64.78,76.98055000000001,Excel
2.48,5.0,98.12,87.9,90.84454999999988,Excel
4.47,4.23,57.44,69.78,68.47670000000015,Average
4.78,1.96,76.62,57.21,58.78084999999997,Struggle
6.62,1.0,78.38,46.27,44.59055000000016,Struggle
4.51,1.0,8.65,52.5,53.45149999999998,Struggle
5.59,1.8,81.36,46.2,47.91560000000001,Struggle
1.97,3.67,57.28,85.02,83.52490000000023,Excel
3.87,2.24,71.82,53.59,59.36740000000008,Struggle
1.0,1.0,1.68,69.96,64.98410000000001,Average
2.85,1.19,85.01,68.25,69.84265,Average
5.3,2.24,93.15,67.26,65.17220000000015,Average
7.0,1.59,25.84,43.67,43.64725000000003,Struggle
1.74,2.7,97.58,89.96,89.0127499999997,Excel
3.03,1.0,52.96,46.81,58.45290000000007,Struggle
5.92,2.3,99.19,50.11,54.71020000000005,Struggle
2.27,2.8,92.89,86.24,84.36884999999992,Excel
4.73,3.95,83.01,66.11,67.64530000000006,Average
5.78,2.98,86.75,56.48,56.100199999999816,Struggle
4.35,2.87,53.63,41.73,51.32604999999984,Struggle
1.71,3.58,52.07,82.15,74.97515,Average
2.92,3.57,55.09,70.81,72.53649999999999,Average
6.19,1.8,54.37,41.72,40.908450000000066,Struggle
3.85,2.86,46.92,51.15,55.97944999999987,Struggle
1.2,4.0,9.72,93.98,88.54135000000016,Excel
5.68,3.52,93.01,72.96,68.52814999999981,Average
1.36,1.0,6.18,81.68,77.60900000000014,Excel
5.19,2.81,61.99,69.64,67.16739999999986,Average
1.94,3.83,82.64,85.9,85.34139999999992,Excel
6.68,3.92,65.99,66.67,63.653450000000056,Average
2.81,2.71,62.16,66.31,67.2333999999999,Average
2.53,3.52,67.12,66.71,69.09729999999983,Average
1.48,1.0,89.83,60.57,63.856799999999836,Average
2.9,3.71,79.31,95.66,86.5239499999999,Excel
6.16,3.21,0.0,60.06,55.848700000000015,Struggle
6.77,1.61,90.89,44.5,51.19465,Struggle
3.03,5.0,66.83,76.88,81.45594999999979,Excel
3.4,3.66,84.96,88.1,82.80545000000012,Excel
5.24,4.0,71.96,76.35,74.88295000000001,Average
6.02,4.3,86.56,70.8,68.92799999999987,Average
4.76,2.99,96.37,89.94,81.3338000000001,Excel
2.97,1.0,87.5,60.29,61.82535000000017,Average
3.93,3.37,39.22,87.5,82.18429999999994,Excel
4.76,5.0,57.55,64.79,68.55025000000025,Average
1.46,1.0,0.0,75.21,70.33689999999984,Average
5.05,1.8,66.83,43.84,45.95935000000006,Struggle
3.92,5.0,53.77,86.57,82.18695,Excel
6.18,2.98,6.32,49.52,49.94980000000019,Struggle
1.2,3.48,64.59,91.85,88.40470000000009,Excel
4.21,1.8,52.44,41.01,45.053700000000134,Struggle
3.64,1.88,95.14,59.39,64.0711999999999,Average
3.92,4.46,74.16,63.58,69.02769999999991,Average
1.2,1.75,24.11,62.76,65.19735000000013,Average
4.56,5.0,85.82,71.83,75.0955999999999,Average
3.9,3.06,94.3,76.36,75.1417000000001,Average
4.24,1.11,50.02,38.46,43.07604999999998,Struggle
4.37,2.45,84.39,53.19,59.84495000000001,Struggle
5.17,1.0,88.35,66.47,62.13429999999993,Average
6.32,3.34,60.5,44.6,48.0140000000001,Struggle
2.64,2.17,74.48,89.41,84.10364999999994,Excel
5.88,4.26,8.33,51.8,64.00535000000006,Average
3.86,2.87,87.34,56.15,59.972799999999864,Struggle
1.74,1.0,92.37,87.25,81.53279999999998,Excel
3.92,1.8,15.97,57.06,53.08855000000005,Struggle
3.47,1.8,90.82,67.38,64.59044999999992,Average
5.63,2.87,88.58,50.42,53.28510000000002,Struggle
5.06,4.0,67.35,74.26,75.82900000000012,Excel
6.2,4.5,84.51,76.52,73.44225000000023,Average
4.54,4.11,50.0,68.72,67.54689999999987,Average
3.78,2.14,96.59,69.85,70.49905000000015,Average
1.4,2.89,66.83,68.29,70.87820000000023,Average
3.22,3.0,81.02,77.29,72.9897000000002,Average
3.44,5.0,83.23,81.46,83.8442499999997,Excel
1.42,3.97,78.07,100.0,95.78755000000001,Excel
1.98,1.0,57.68,62.79,62.55890000000012,Average
4.61,2.0,52.55,47.6,49.214850000000155,Struggle
5.65,4.58,95.39,77.49,75.72159999999987,Excel
6.76,5.0,55.97,65.24,61.2165500000001,Average
7.0,2.39,58.56,62.91,59.19504999999995,Struggle
4.55,2.71,95.68,76.44,73.38710000000009,Average
3.1,3.82,84.08,94.4,85.7929,Excel
4.96,3.84,84.96,68.34,68.53900000000006,Average
6.06,5.0,99.27,78.83,77.10045,Excel
2.16,4.67,24.14,94.93,91.67605000000017,Excel
3.73,5.0,48.59,86.35,85.08355000000012,Excel
5.74,3.04,61.95,48.32,51.64069999999988,Struggle
3.78,2.87,81.52,60.42,67.54015000000003,Average
4.85,2.19,90.34,74.43,71.06435000000012,Average
4.19,1.81,63.15,69.73,55.06295000000004,Struggle
2.17,4.31,42.72,93.74,91.04045000000004,Excel
3.23,1.8,89.31,63.74,62.942599999999864,Average
2.95,1.03,69.27,72.91,70.08079999999997,Average
3.92,3.81,3.38,94.1,85.63475000000012,Excel
1.0,2.87,7.03,65.29,72.30375000000028,Average
6.12,2.08,80.39,47.98,49.17919999999987,Struggle
2.35,2.35,65.73,72.87,71.85245000000018,Average
4.14,3.29,68.71,79.65,74.30189999999983,Average
3.07,1.0,82.12,63.5,62.94235000000004,Average
6.39,2.44,94.35,71.03,65.24130000000014,Average
2.45,2.59,60.02,67.83,70.66619999999998,Average
4.03,5.0,62.3,78.43,78.14830000000019,Excel
6.5,4.47,97.64,62.81,65.80555,Average
6.12,1.1,56.76,46.33,47.62629999999999,Struggle
1.84,1.8,59.56,60.34,60.24865000000003,Struggle
3.92,1.0,71.03,36.09,46.980200000000075,Struggle
4.02,2.93,79.48,76.33,74.55000000000001,Average
4.22,1.23,42.61,55.49,55.60794999999993,Struggle
1.54,1.57,64.6,74.23,72.44529999999972,Average
1.64,2.36,96.03,91.71,89.49314999999972,Excel
4.97,1.0,95.75,62.77,61.13940000000022,Average
3.5,2.87,69.6,56.19,60.354150000000054,Struggle
3.67,5.0,71.71,79.61,80.57510000000019,Excel
5.1,5.0,54.79,80.2,76.3793500000002,Excel
5.17,1.8,83.15,47.82,49.36214999999993,Struggle
2.18,3.22,69.11,63.09,67.54605000000005,Average
4.66,4.64,33.83,82.61,76.48855000000017,Excel
3.92,2.75,67.4,56.1,59.868150000000085,Struggle
5.67,4.71,61.77,74.37,70.31580000000012,Average
5.17,1.8,72.91,42.95,44.84969999999998,Struggle
6.55,2.49,48.26,74.89,67.02364999999992,Average
1.17,1.0,87.1,79.01,75.44150000000019,Excel
1.44,4.0,88.94,98.67,98.43389999999995,Excel
2.39,1.27,68.74,62.33,64.53539999999997,Average
2.89,5.0,88.23,80.09,82.95170000000002,Excel
2.5,2.12,50.33,45.98,55.98894999999986,Struggle
6.17,2.77,73.85,41.9,44.212499999999885,Struggle
2.63,4.89,89.7,93.3,89.98134999999982,Excel
3.08,2.11,81.5,81.45,76.67970000000018,Excel
5.14,4.51,73.7,75.33,73.04504999999993,Average
3.31,2.52,82.23,69.0,70.6043,Average
6.0,4.28,56.47,82.17,73.25110000000006,Average
1.0,2.6,78.32,84.08,83.29399999999998,Excel
3.92,3.92,54.41,95.68,90.01045000000016,Excel
1.05,5.0,2.23,100.0,98.87,Excel
1.35,2.12,66.83,74.37,75.97315000000025,Excel
6.51,3.54,78.67,67.29,58.53259999999998,Struggle
1.85,4.19,20.36,86.43,84.97475000000011,Excel
4.6,1.0,68.72,55.17,53.803200000000025,Struggle
3.74,5.0,78.27,74.21,80.06244999999971,Excel
3.56,2.09,89.86,63.0,66.10609999999998,Average
6.38,5.0,36.7,67.6,68.06820000000008,Average
1.0,3.3,2.61,80.73,76.75315000000012,Excel
5.44,1.8,37.4,36.98,39.5494999999999,Struggle
6.28,2.4,87.23,49.36,59.680899999999994,Struggle
4.64,3.11,70.95,65.6,64.92045000000014,Average
6.15,5.0,46.67,63.65,65.37489999999984,Average
1.57,5.0,90.13,100.0,96.8618499999999,Excel
3.95,1.0,64.81,60.02,57.42760000000018,Struggle
2.45,1.0,54.84,53.54,62.89174999999997,Average
5.12,4.8,76.01,66.43,66.99835000000014,Average
6.62,4.06,40.13,53.61,55.209100000000035,Struggle
2.53,1.0,89.86,80.57,73.39914999999988,Average
4.6,2.04,98.42,66.79,66.36175000000001,Average
2.36,2.81,52.77,69.13,71.31895000000003,Average
4.26,3.15,79.58,65.12,66.67930000000011,Average
3.6,2.87,84.06,82.89,76.65094999999992,Excel
6.79,3.98,66.12,61.6,62.53255000000016,Average
4.69,3.51,97.13,89.02,83.3590500000002,Excel
2.74,4.77,65.03,74.84,76.03485000000009,Excel
1.89,3.55,76.09,66.58,80.69585000000009,Excel
2.29,5.0,0.0,88.44,87.77752500000005,Excel
2.13,2.23,41.62,75.22,73.03874999999985,Average
2.19,1.0,79.26,60.89,65.3071,Average
3.92,1.49,86.26,60.95,63.474850000000124,Average
3.92,1.0,59.51,64.86,64.82340000000005,Average
3.68,5.0,85.71,85.57,85.49599999999982,Excel
1.81,1.81,66.83,75.21,72.80799999999978,Average
5.9,3.71,63.68,73.18,70.40830000000011,Average
5.01,1.8,57.19,38.37,45.66715000000005,Struggle
1.89,3.38,58.13,73.29,73.76040000000017,Average
5.04,4.0,58.14,79.58,77.58099999999995,Excel
4.66,5.0,94.54,87.77,87.18955000000017,Excel
1.17,1.0,53.8,60.2,61.58820000000008,Average
4.07,2.91,90.08,66.18,68.2275000000001,Average
3.91,2.87,61.68,56.29,59.836600000000146,Struggle
1.57,3.4,73.42,84.55,85.46814999999978,Excel
3.92,4.83,95.8,68.27,74.00370000000021,Average
6.49,3.0,79.3,67.64,66.1097999999999,Average
4.67,2.04,60.51,55.6,51.56895,Struggle
4.0,5.0,64.2,73.19,76.99240000000007,Excel
3.42,1.75,96.02,74.84,73.70390000000003,Average
5.16,1.0,71.36,50.5,49.66199999999997,Struggle
4.48,3.06,79.35,65.31,65.77359999999994,Average
1.0,5.0,73.0,95.11,95.09970000000013,Excel
3.76,2.17,68.92,76.58,69.18905,Average
5.81,3.11,61.16,58.91,58.226399999999906,Struggle
4.19,5.0,84.31,74.11,77.4179500000001,Excel
1.15,2.72,85.91,96.99,92.25624999999995,Excel
5.85,3.51,63.74,52.81,58.34854999999999,Struggle
1.72,3.13,89.45,77.27,80.05415000000028,Excel
2.76,4.71,92.73,94.52,85.08524999999996,Excel
2.09,3.45,66.83,96.85,88.20410000000014,Excel
3.2,2.09,26.75,62.05,61.714500000000015,Average
5.94,4.46,65.2,51.77,58.60615000000018,Struggle
3.77,1.0,66.83,66.27,62.57195000000016,Average
1.99,1.8,59.93,58.18,59.026500000000034,Struggle
6.77,4.0,50.17,71.53,68.34750000000018,Average
5.94,1.62,93.54,55.74,56.542049999999854,Struggle
6.44,4.3,29.82,68.67,61.60160000000002,Average
2.66,1.8,70.72,60.67,61.85000000000005,Average
3.89,4.79,44.56,74.02,74.6272000000002,Average
6.64,1.0,92.41,34.89,38.42965000000008,Struggle
5.35,4.86,1.62,68.18,71.61875000000008,Average
1.33,3.12,5.12,94.24,90.8678,Excel
1.08,2.5,80.85,92.19,86.52115000000012,Excel
3.94,1.8,76.36,53.1,54.106500000000096,Struggle
6.45,1.0,45.29,39.78,41.54514999999996,Struggle
4.12,1.8,62.19,44.63,46.82249999999997,Struggle
3.79,2.96,81.2,59.53,64.87195000000015,Average
2.08,1.51,72.34,84.69,79.94815000000008,Excel
4.95,4.86,65.84,73.95,71.42575000000018,Average
5.99,2.45,36.35,65.42,53.992900000000034,Struggle
3.73,2.2,75.59,72.44,68.87150000000005,Average
5.8,3.69,70.84,51.07,54.96494999999986,Struggle
7.0,2.78,89.46,51.85,51.212750000000135,Struggle
1.83,2.35,71.24,64.98,70.09154999999978,Average
4.49,2.4,63.47,79.38,75.89754999999977,Excel
2.56,2.87,93.1,85.4,83.94334999999988,Excel
6.07,1.8,79.84,47.97,47.39714999999997,Struggle
4.83,3.31,79.58,50.46,54.857249999999894,Struggle
4.58,5.0,66.83,76.25,75.50790000000008,Excel
5.7,5.0,85.94,71.39,76.03229999999994,Excel
3.61,3.44,65.65,70.79,68.87980000000026,Average
6.09,1.63,51.69,45.13,46.522000000000006,Struggle
4.46,1.85,90.53,63.12,62.04810000000016,Average
1.56,3.92,56.45,91.64,89.26239999999989,Excel
5.59,4.99,46.84,72.19,71.03710000000004,Average
5.54,1.21,6.49,40.11,44.20714999999993,Struggle
2.98,3.39,68.77,81.16,75.30574999999993,Excel
5.76,2.04,26.83,57.18,55.26165000000012,Struggle
6.21,1.99,37.57,52.43,55.68290000000006,Struggle
2.56,1.0,82.66,72.04,64.01620000000004,Average
6.89,1.0,58.57,33.39,39.96435000000002,Struggle
1.34,1.0,68.58,56.3,66.79234999999981,Average
2.6,3.69,96.51,93.16,89.94819999999994,Excel
1.62,2.87,72.12,68.31,71.01634999999996,Average
6.63,5.0,90.13,69.79,71.27750000000019,Average
4.9,5.0,96.36,93.25,84.82214999999998,Excel
1.93,2.91,59.16,71.17,68.79265000000001,Average
3.35,4.49,68.42,71.48,70.73524999999984,Average
4.8,3.21,65.87,73.27,69.38260000000017,Average
1.54,3.16,98.13,98.12,94.79965000000018,Excel
5.95,2.04,66.83,69.62,63.70165000000011,Average
5.56,2.2,91.86,60.63,60.27069999999988,Struggle
3.6,4.42,50.76,54.37,59.75690000000008,Struggle
6.37,4.18,97.71,63.27,65.25910000000003,Average
3.02,2.9,0.0,92.4,85.3082499999999,Excel
6.62,2.11,88.4,49.81,53.447649999999946,Struggle
5.19,5.0,54.08,76.69,76.31865000000012,Excel
4.63,2.88,8.69,47.42,52.039450000000045,Struggle
1.84,2.87,98.11,100.0,92.1583999999998,Excel
5.92,3.48,75.03,64.04,64.54234999999998,Average
3.64,3.65,42.53,63.41,66.95824999999995,Average
1.81,5.0,92.0,83.0,87.03720000000007,Excel
1.26,1.89,0.0,66.08,68.59365000000001,Average
4.6,1.9,44.72,52.65,52.46474999999989,Struggle
4.24,1.25,68.79,47.95,62.11565000000002,Average
5.1,3.06,67.49,40.84,48.850300000000054,Struggle
6.35,1.39,65.38,42.74,44.6785499999999,Struggle
1.23,5.0,66.83,86.85,87.68220000000007,Excel
5.79,2.43,58.65,55.22,55.89374999999995,Struggle
2.39,1.0,82.02,67.77,65.07480000000005,Average
6.14,4.21,95.97,75.55,75.04449999999989,Average
6.38,4.21,40.58,64.13,61.41724999999988,Average
3.92,5.0,64.9,84.77,81.67657250000016,Excel
5.09,5.0,57.96,60.68,65.98420000000016,Average
2.49,1.0,56.96,67.49,65.07389999999991,Average
3.87,2.7,98.57,77.75,76.648,Excel
6.29,4.39,67.46,58.9,74.85939999999991,Average
4.13,1.0,64.55,51.59,54.84175000000011,Struggle
3.25,1.0,66.83,49.08,59.04760000000007,Struggle
3.86,3.12,66.83,54.15,60.47424999999983,Struggle
6.12,1.01,42.95,49.88,44.694100000000034,Struggle
3.27,3.52,81.5,68.54,69.35895,Average
1.95,2.75,85.83,82.03,84.72470000000013,Excel
5.25,2.35,0.0,57.11,54.734050000000025,Struggle
6.14,2.87,58.25,64.17,64.62350000000006,Average
1.98,3.18,66.83,90.5,84.89909999999998,Excel
2.73,1.18,42.81,70.19,68.28920000000005,Average
1.37,1.0,86.16,61.21,66.23029999999986,Average
2.71,1.0,78.62,53.42,65.5181499999999,Average
4.05,2.37,74.33,64.64,63.816349999999915,Average
5.82,2.42,84.9,50.72,53.544649999999976,Struggle
4.8,2.31,69.79,56.07,58.82969999999992,Struggle
4.81,3.31,56.31,64.01,63.17005000000011,Average
3.52,2.19,74.44,72.85,70.29630000000012,Average
6.46,2.72,42.25,47.03,49.36055,Struggle
4.11,1.38,60.1,62.21,60.2918999999998,Struggle
6.58,4.26,96.78,64.28,68.84750000000004,Average
5.03,5.0,28.22,71.34,72.97500000000007,Average
1.36,5.0,70.46,90.03,88.27759999999996,Excel
5.45,3.01,57.75,57.5,54.67665000000009,Struggle
2.6,3.25,53.46,70.95,69.64490000000013,Average
5.28,1.46,9.87,49.18,50.15120000000009,Struggle
1.53,3.52,38.26,93.76,87.57130000000006,Excel
2.33,1.0,61.23,50.66,53.60254999999994,Struggle
6.18,5.0,52.69,65.51,65.90550000000012,Average
1.92,4.46,20.79,88.07,87.35549999999988,Excel
6.23,2.87,82.05,65.57,60.832349999999884,Average
2.56,1.0,0.0,56.93,55.93995000000014,Struggle
4.68,5.0,52.37,60.78,67.84405000000008,Average
5.65,1.0,66.83,64.54,42.90024999999994,Struggle
4.17,1.0,58.49,48.56,51.055400000000056,Struggle
3.04,1.11,96.54,72.15,72.55059999999983,Average
2.31,4.0,36.24,94.37,94.06070000000007,Excel
1.47,3.0,1.68,82.54,79.62540000000021,Excel
3.92,3.45,52.07,70.2,64.60869999999989,Average
5.08,2.09,93.84,53.16,67.03680000000007,Average
7.0,3.66,68.54,59.93,58.40790000000011,Struggle
3.92,1.81,70.37,62.69,58.75039999999997,Struggle
5.81,1.46,0.0,67.31,61.397849999999956,Average
6.03,1.04,96.12,64.19,61.51505000000006,Average
4.87,1.74,84.63,63.96,68.78455000000012,Average
2.52,3.17,62.38,73.25,70.73504999999997,Average
6.91,2.73,59.25,35.82,54.77145000000002,Struggle
4.55,5.0,61.52,75.59,76.30150000000009,Excel
4.2,1.36,63.18,66.72,65.41654999999986,Average
1.66,1.0,61.51,66.58,66.44940000000001,Average
3.18,4.4,59.36,68.39,71.87634999999989,Average
4.16,2.22,55.8,78.34,71.97975000000007,Average
5.98,1.0,9.36,36.66,41.57579999999995,Struggle
3.92,1.17,81.25,57.63,59.319899999999876,Struggle
3.6,4.52,64.54,78.28,70.0037,Average
6.64,1.26,53.26,43.48,45.37734999999982,Struggle
1.82,4.97,54.09,83.75,83.65004999999998,Excel
3.86,2.32,56.3,53.28,57.81045000000008,Struggle
1.54,4.85,2.63,93.78,90.72685000000008,Excel
5.72,1.0,82.89,42.58,43.67549999999996,Struggle
6.1,1.0,53.23,32.38,34.846050000000055,Struggle
2.26,2.59,38.51,92.4,85.47374999999984,Excel
5.96,1.33,63.93,53.96,52.572749999999886,Struggle
2.29,2.21,78.9,64.61,68.22400000000012,Average
6.46,1.0,41.23,40.75,41.23119999999999,Struggle
5.41,2.47,74.06,61.93,55.47739999999996,Struggle
5.89,2.04,65.73,58.58,58.625649999999986,Struggle
1.0,3.97,0.36,96.32,94.31939999999986,Excel
6.77,5.0,87.12,76.09,72.52065,Average
5.19,4.34,93.99,72.64,73.90044999999986,Average
2.53,3.57,69.55,81.62,73.92054999999993,Average
6.13,3.76,52.93,46.48,53.204099999999826,Struggle
2.86,2.87,87.0,86.9,81.2928999999999,Excel
6.57,3.01,54.85,48.07,51.33904999999992,Struggle
2.05,1.31,97.36,76.04,75.86705000000028,Excel
5.42,1.0,62.65,44.07,45.84969999999994,Struggle
3.92,2.09,87.11,54.81,68.75925000000008,Average
1.14,3.38,52.73,55.86,64.03305000000009,Average
2.06,3.74,54.17,73.93,76.86325000000015,Excel
1.38,3.94,7.04,92.37,90.51420000000014,Excel
3.54,3.74,88.45,71.91,78.69065000000005,Excel
2.67,3.94,62.11,72.58,76.4345999999999,Excel
4.24,1.0,68.24,43.14,47.61700000000003,Struggle
2.48,4.8,76.28,77.73,80.35089999999977,Excel
3.08,1.09,21.86,56.33,57.113849999999964,Struggle
5.22,4.26,41.84,62.45,64.6438000000001,Average
1.24,2.91,4.92,96.75,92.67494999999997,Excel
6.07,1.0,59.16,36.87,47.64010000000005,Struggle
6.29,1.0,68.42,47.27,37.76369999999996,Struggle
5.24,2.69,57.4,53.13,55.13644999999987,Struggle
4.42,4.0,81.79,82.44,81.64585000000005,Excel
6.63,4.89,59.41,68.59,65.15620000000007,Average
1.85,2.59,95.6,96.11,91.93405000000011,Excel
1.66,2.13,89.66,78.92,80.27954999999999,Excel
2.67,3.97,58.81,92.46,81.2274499999999,Excel
6.24,2.21,90.87,49.11,52.557599999999994,Struggle
1.0,1.01,0.94,59.95,61.79090000000009,Average
4.09,3.42,96.12,81.06,79.04804999999992,Excel
6.73,5.0,66.83,77.48,73.6391999999997,Average
5.75,1.16,89.26,41.41,50.450149999999915,Struggle
3.8,1.0,54.25,46.81,50.85220000000003,Struggle
1.21,2.73,79.14,67.27,70.01610000000025,Average
5.9,1.0,91.06,48.55,48.239249999999984,Struggle
4.99,1.8,93.08,55.55,55.632799999999925,Struggle
1.39,5.0,51.43,88.94,86.94024999999996,Excel
2.03,3.47,96.96,88.29,87.90535000000028,Excel
6.77,3.11,52.17,60.58,52.5508,Struggle
3.92,2.1,80.73,76.25,64.69270000000002,Average
6.41,4.74,84.67,64.16,66.96899999999997,Average
6.52,2.19,55.37,57.27,45.36860000000001,Struggle
4.72,2.38,66.83,65.55,63.69684999999987,Average
4.04,3.86,58.84,66.26,67.85135000000011,Average
3.59,3.04,69.23,66.68,65.71490000000013,Average
3.33,2.93,55.36,66.88,64.3181999999999,Average
3.49,5.0,56.65,87.67,85.49589999999996,Excel
5.18,4.73,92.46,83.8,73.44794999999996,Average
4.87,3.44,79.37,58.31,61.55804999999991,Average
6.43,2.05,58.06,56.99,53.502299999999885,Struggle
3.97,1.0,50.76,48.74,48.135349999999875,Struggle
4.22,5.0,85.04,74.97,76.4680499999999,Excel
4.91,1.49,77.51,55.92,58.34615000000005,Struggle
4.3,1.0,48.5,51.92,53.60190000000006,Struggle
5.62,1.0,90.66,61.72,58.281649999999935,Struggle
2.03,2.87,71.71,79.86,78.07025000000017,Excel
4.41,2.28,66.83,46.11,54.847050000000024,Struggle
1.22,5.0,97.0,100.0,97.38330000000008,Excel
2.84,2.11,77.26,55.75,60.94425000000001,Average
3.67,4.0,80.76,91.46,89.24644999999973,Excel
4.74,3.63,96.67,74.98,75.05900000000003,Average
6.83,3.92,96.58,50.82,57.64339999999996,Struggle
4.23,3.36,78.6,56.75,69.29605000000001,Average
5.4,2.96,39.5,68.35,64.19710000000016,Average
3.74,1.41,99.86,79.35,75.05663750000016,Average
5.16,4.49,84.04,69.22,69.63204999999985,Average
1.0,2.87,70.42,73.22,76.59904999999979,Excel
2.39,3.75,77.99,72.03,76.15715000000016,Excel
3.3,5.0,70.79,88.3,86.18124999999985,Excel
4.24,1.0,94.42,67.29,63.846150000000215,Average
1.64,1.67,0.0,79.42,78.42835000000002,Excel
2.24,1.17,91.18,69.93,72.2272000000001,Average
2.22,5.0,92.01,87.43,89.36235000000015,Excel
7.0,5.0,91.22,63.92,70.27605000000021,Average
3.27,1.97,86.11,69.73,68.00359999999995,Average
4.29,1.0,92.74,56.37,56.655300000000004,Struggle
1.99,2.65,69.36,60.35,67.10225000000013,Average
5.07,3.51,0.0,57.85,60.313450000000124,Struggle
2.58,2.44,92.12,75.82,76.2261,Excel
2.37,4.0,40.3,98.82,94.78089999999989,Excel
4.02,2.68,56.37,62.26,61.82685000000011,Average
1.0,1.83,1.03,64.32,68.44109999999993,Average
1.1,5.0,6.13,93.04,94.16785000000029,Excel
2.17,1.0,87.55,79.87,76.2670500000002,Excel
1.51,2.4,0.94,88.07,83.3452499999999,Excel
1.78,1.18,60.19,55.4,59.45044999999984,Struggle
3.22,3.33,59.99,70.09,70.68805000000009,Average
5.55,4.58,64.06,70.73,69.1443499999998,Average
4.9,2.36,89.65,68.45,70.6359500000001,Average
4.24,3.18,74.44,64.9,65.03824999999986,Average
2.46,2.5,86.58,84.03,76.45884999999994,Excel
6.84,3.64,39.83,71.07,49.893799999999935,Struggle
3.05,3.7,67.36,60.03,68.15425000000008,Average
1.08,3.82,92.07,87.11,86.8291500000002,Excel
4.73,5.0,51.77,80.15,77.90389999999985,Excel
1.73,1.49,98.74,71.97,75.66329999999985,Excel
2.76,5.0,82.41,85.3,85.5929499999998,Excel
3.89,3.26,71.62,69.48,73.59094999999996,Average
6.7,5.0,81.4,68.91,68.72394999999987,Average
3.75,4.0,56.14,59.62,66.53435000000022,Average
4.87,2.06,75.7,58.28,59.85340000000006,Struggle
7.0,3.54,99.25,62.43,61.939950000000096,Average
1.59,2.66,61.76,61.16,67.26029999999997,Average
2.83,2.87,86.11,70.72,81.01719999999996,Excel
3.1,1.0,71.75,56.71,59.54659999999981,Struggle
3.58,2.63,53.35,52.39,57.11804999999993,Struggle
3.36,4.68,60.24,82.08,80.69864999999999,Excel
6.91,4.33,73.52,54.34,54.074700000000085,Struggle
5.21,2.88,99.0,84.8,79.5949499999998,Excel
4.73,3.16,59.76,48.82,50.3149499999999,Struggle
3.3,4.95,45.71,75.52,75.94740000000019,Excel
6.43,1.8,78.78,45.61,44.66774999999998,Struggle
6.33,4.96,78.25,67.65,66.74634999999982,Average
6.26,3.93,80.76,71.93,70.59805000000013,Average
1.0,1.8,0.0,62.76,63.2930000000001,Average
4.91,3.65,17.12,76.12,57.40910000000009,Struggle
1.19,1.0,95.0,75.73,75.17409999999983,Excel
2.45,1.45,91.35,87.85,82.10415000000013,Excel
1.02,2.94,30.12,98.89,91.8196999999999,Excel
4.69,4.0,70.66,78.86,78.49150000000009,Excel
5.17,2.83,88.53,88.37,79.46950000000027,Excel
1.38,1.0,99.0,83.43,79.97910000000007,Excel
3.34,1.0,0.0,66.55,52.81130000000005,Struggle
4.21,2.55,94.97,65.8,66.6884499999998,Average
3.42,2.8,57.92,69.54,72.10110000000014,Average
1.71,3.97,95.72,96.46,95.82494999999972,Excel
3.92,2.87,67.33,58.75,61.80065000000001,Average
5.59,4.44,68.85,68.61,65.90144999999993,Average
1.07,3.89,66.83,73.89,77.85804999999988,Excel
1.53,3.16,46.5,70.92,72.91525000000003,Average
2.81,3.45,60.47,79.1,78.03350000000017,Excel
6.92,1.0,63.04,51.22,35.60064999999991,Struggle
5.48,3.25,28.52,67.57,63.700949999999914,Average
4.93,2.42,57.06,38.78,47.07830000000002,Struggle
3.1,3.96,72.01,78.77,79.3147000000002,Excel
4.48,2.06,64.1,46.49,62.227700000000034,Average
1.0,2.58,0.21,72.25,74.33074999999992,Average
5.11,3.42,24.95,63.78,62.158400000000135,Average
6.6,2.42,95.87,78.23,72.29294999999985,Average
3.92,3.61,73.33,62.64,68.38569999999987,Average
6.58,1.31,26.42,52.2,50.66890000000005,Struggle
5.03,1.15,86.98,61.88,60.90784999999989,Average
2.2,2.65,55.35,62.42,62.497,Average
3.92,4.0,71.91,69.34,73.3225000000001,Average
1.52,5.0,56.57,82.36,84.76705000000014,Excel
3.78,1.0,99.38,58.33,62.95396000000005,Average
1.69,3.66,40.8,78.05,76.92699999999975,Excel
1.37,3.9,2.49,98.87,93.00194999999987,Excel
3.51,3.95,36.32,67.08,71.03094999999995,Average
3.17,3.33,73.49,81.05,65.02045000000014,Average
4.0,1.0,53.01,51.31,51.13909999999999,Struggle
4.89,1.43,3.17,69.45,64.49105000000013,Average
1.74,2.41,8.91,64.18,69.54585000000012,Average
1.69,5.0,80.27,93.52,94.09240000000013,Excel
4.42,1.0,54.71,54.7,52.407800000000016,Struggle
3.39,3.73,94.2,65.49,70.54679999999985,Average
5.1,3.36,77.19,78.75,71.77799999999993,Average
5.27,1.0,52.01,39.25,42.344649999999966,Struggle
6.16,3.39,96.0,60.32,61.837899999999884,Average
5.38,1.0,66.83,61.26,55.08155000000013,Struggle
3.16,2.87,93.43,67.81,71.54949999999987,Average
5.31,2.65,92.84,88.44,78.96485000000011,Excel
2.46,3.8,0.0,86.85,76.50404999999989,Excel
3.15,2.06,66.83,46.72,54.21159999999993,Struggle
5.74,3.66,62.35,63.82,60.90684999999994,Average
3.45,2.11,93.78,75.92,75.32115000000003,Excel
6.24,4.4,7.0,77.8,73.4600499999998,Average
6.2,2.05,66.83,51.72,50.76074999999998,Struggle
6.64,3.1,72.0,54.15,53.61339999999987,Struggle
6.36,3.8,58.76,52.03,53.69220000000005,Struggle
3.74,3.76,98.42,75.75,79.34419999999999,Excel
3.02,1.82,37.9,68.74,63.98959999999995,Average
4.68,1.8,59.55,48.39,47.09184999999999,Struggle
2.77,3.02,50.46,88.74,83.77744999999992,Excel
4.4,2.61,62.14,57.04,61.83320000000026,Average
5.64,5.0,96.94,91.06,87.68384999999994,Excel
5.05,2.84,50.55,40.56,45.76720000000009,Struggle
3.71,3.53,21.72,72.97,71.9629499999999,Average
1.71,4.56,75.24,94.71,89.89999999999976,Excel
4.08,2.65,74.4,79.14,61.87749999999999,Average
2.06,5.0,58.17,90.95,89.2889500000002,Excel
6.62,4.0,74.73,71.82,69.8781999999999,Average
2.98,1.44,70.58,61.12,63.390900000000144,Average
2.34,2.4,94.52,90.93,87.47570000000015,Excel
1.2,1.43,7.19,57.83,64.71999999999994,Average
5.05,2.94,62.88,66.95,63.897150000000195,Average
4.41,1.0,81.22,51.64,52.68414999999995,Struggle
3.17,1.97,57.59,76.57,71.52414999999988,Average
1.81,2.87,66.83,77.07,76.31259999999992,Excel
3.14,4.24,76.91,64.36,69.07015000000013,Average
3.11,2.88,61.74,56.1,60.12630000000012,Struggle
4.59,3.99,65.06,80.58,77.40414999999992,Excel
5.06,2.89,62.26,48.27,62.00800000000006,Average
3.67,1.0,82.51,56.51,55.17915000000002,Struggle
2.16,2.67,77.68,67.36,70.9703000000001,Average
6.54,4.0,26.28,65.93,66.4550000000001,Average
3.88,3.92,53.38,91.32,86.62804999999992,Excel
4.66,2.62,56.7,77.18,69.6050000000001,Average
1.82,5.0,54.06,87.66,88.36399999999992,Excel
3.68,1.0,94.49,61.56,61.332949999999876,Average
1.14,4.0,0.73,100.0,97.9607,Excel
3.55,3.17,97.53,64.51,67.2038500000001,Average
6.33,1.8,57.41,28.61,31.074549999999945,Struggle
2.83,1.0,99.68,63.64,65.43454999999992,Average
1.35,2.29,8.21,89.34,79.48159999999999,Excel
1.25,2.12,4.93,94.09,89.09905000000012,Excel
3.06,1.0,75.76,64.87,63.383100000000084,Average
2.11,2.87,28.23,91.21,72.73594999999999,Average
1.52,1.74,8.47,83.5,79.83599999999996,Excel
5.32,1.4,82.2,46.45,50.724750000000064,Struggle
4.08,3.66,54.58,66.15,66.72929999999988,Average
2.9,3.52,11.56,75.18,73.72820000000017,Average
5.93,4.13,29.13,65.79,63.556550000000186,Average
1.58,2.64,48.55,82.12,76.48460000000021,Excel
6.75,2.37,80.7,60.73,58.28219999999982,Struggle
3.11,1.87,74.98,67.2,65.84145000000012,Average
6.12,2.58,40.85,56.62,55.53075000000009,Struggle
3.92,5.0,76.59,85.65,85.70694999999989,Excel
6.14,1.0,75.82,40.85,44.97715000000008,Struggle
3.92,2.55,50.97,62.52,62.298700000000125,Average
2.33,4.05,64.12,69.77,73.6137500000002,Average
6.45,1.01,52.66,34.82,36.29619999999993,Struggle
3.33,4.0,95.01,92.87,89.23595000000016,Excel
3.3,1.93,86.26,74.65,71.29039999999985,Average
3.31,2.13,99.81,77.77,76.1459500000002,Excel
4.48,1.8,41.58,55.12,54.34930000000008,Struggle
1.62,1.0,93.92,70.65,70.94539999999986,Average
4.41,3.33,0.0,78.79,71.24495000000019,Average
3.77,3.26,72.66,65.51,65.53210000000009,Average
5.47,4.0,61.13,70.98,71.57459999999979,Average
6.26,3.53,86.92,53.72,56.66239999999993,Struggle
3.54,1.0,95.21,64.32,63.788099999999844,Average
3.15,1.8,61.77,47.05,50.09289999999999,Struggle
3.04,2.83,58.77,67.79,69.70655000000022,Average
2.28,5.0,84.81,96.7,90.92750000000004,Excel
1.0,2.87,98.85,94.21,92.0737499999997,Excel
2.93,2.03,87.5,71.35,70.56615000000018,Average
2.13,5.0,64.23,87.74,84.49994999999991,Excel
6.9,5.0,71.0,66.46,66.76759999999979,Average
4.67,1.8,1.03,45.45,47.2121,Struggle
3.21,3.27,53.38,87.66,70.48395,Average
4.77,1.0,88.57,58.45,55.919100000000036,Struggle
2.14,1.0,46.29,60.73,63.5354999999999,Average
4.01,2.71,63.75,57.73,58.326049999999825,Struggle
4.53,3.67,96.9,72.44,74.0265500000001,Average
4.3,1.0,82.67,69.83,54.60519999999997,Struggle
3.56,2.87,98.52,64.85,67.76360000000014,Average
6.75,3.29,79.01,43.43,47.51545000000008,Struggle
6.77,4.85,91.06,66.88,68.02864999999989,Average
5.19,4.76,0.0,84.15,81.98079999999976,Excel
4.49,3.91,66.87,73.47,69.0472999999999,Average
5.06,1.98,98.2,62.42,62.067200000000064,Average
1.97,2.78,51.1,62.24,73.20640000000009,Average
3.29,2.67,88.44,65.18,70.14190000000016,Average
1.0,1.35,6.01,70.32,72.58809999999988,Average
3.87,1.21,12.73,65.2,60.11625000000011,Struggle
4.26,3.22,44.28,70.48,67.01989999999984,Average
2.08,3.62,78.11,81.02,79.79925000000016,Excel
6.95,4.52,5.09,62.6,62.343650000000096,Average
6.08,1.17,93.31,54.68,57.12770000000009,Struggle
4.89,1.32,43.19,53.01,55.33355000000009,Struggle
4.08,3.53,52.77,81.89,70.17420000000001,Average
6.13,1.4,65.61,47.28,48.12975000000002,Struggle
1.6,2.65,0.0,61.26,67.42625000000012,Average
5.5,1.5,71.53,51.88,51.47579999999991,Struggle
1.59,2.89,83.89,74.41,90.64444999999996,Excel
5.43,1.8,66.83,37.63,40.17380000000004,Struggle
2.55,2.87,84.02,85.23,85.73684999999979,Excel
6.66,5.0,69.7,72.93,71.71460000000008,Average
6.38,1.0,89.78,43.09,43.724950000000064,Struggle
2.07,1.06,51.84,58.09,63.296149999999926,Average
3.42,2.96,58.99,76.0,67.32105000000007,Average
6.74,1.8,82.49,46.51,45.50489999999999,Struggle
3.72,1.0,97.05,70.66,63.29209999999995,Average
6.62,1.06,85.67,42.46,52.63829999999998,Struggle
4.46,1.0,89.82,54.12,55.53505000000006,Struggle
3.44,3.97,55.94,86.41,82.73594999999996,Excel
2.81,2.22,83.75,91.55,83.38274999999985,Excel
1.86,1.0,64.51,65.47,63.73364999999987,Average
3.92,1.34,93.49,58.89,67.96239999999989,Average
3.17,2.34,87.38,58.55,64.13399999999989,Average
3.61,1.1,71.22,44.62,53.07030000000011,Struggle
3.75,3.97,85.53,92.43,89.44055000000019,Excel
4.3,1.62,65.44,74.7,70.19165000000017,Average
5.78,4.77,4.11,60.93,62.25415000000001,Average
7.0,5.0,97.62,72.14,68.05839999999993,Average
3.3,3.36,66.27,81.09,77.79380000000009,Excel
6.1,4.03,39.07,63.89,64.04929999999993,Average
5.1,1.0,23.33,30.5,37.154149999999966,Struggle
4.92,3.35,62.38,51.01,54.76790000000012,Struggle
6.41,5.0,94.12,61.37,66.77830000000016,Average
2.36,3.3,68.04,73.07,72.95159999999986,Average
3.92,5.0,53.12,98.42,91.51454999999986,Excel
5.79,3.46,83.3,61.88,63.62334999999978,Average
3.24,2.83,89.09,94.47,87.62519999999988,Excel
5.73,1.61,35.93,40.69,46.32844999999995,Struggle
6.11,5.0,2.97,65.44,68.9659000000001,Average
1.04,2.09,72.42,71.84,72.26840000000011,Average
6.47,2.96,68.24,68.79,64.3106500000002,Average
3.61,1.8,99.15,64.22,65.61689999999984,Average
4.1,1.07,91.75,71.58,60.16569999999999,Struggle
4.31,2.17,73.98,77.23,73.3536499999998,Average
6.92,4.33,93.96,58.97,65.1783500000001,Average
1.0,1.0,0.0,79.88,67.08239999999995,Average
3.72,5.0,5.61,94.92,83.37444999999994,Excel
4.7,1.7,66.83,56.02,56.52695000000019,Struggle
4.98,3.22,88.62,68.27,72.80409999999999,Average
5.33,1.8,72.82,42.15,43.425999999999895,Struggle
2.0,3.37,55.37,82.46,79.09729999999976,Excel
2.98,2.59,63.66,78.79,65.19494999999996,Average
3.2,2.42,70.11,69.09,75.71009999999993,Excel
6.28,1.0,87.46,40.15,41.20659999999988,Struggle
2.68,1.37,53.65,75.07,70.90364999999989,Average
2.21,1.85,82.98,59.98,63.55084999999982,Average
6.49,1.0,85.8,36.83,39.738799999999976,Struggle
1.0,5.0,9.94,84.33,87.78670000000012,Excel
7.0,1.8,88.03,42.89,45.8311000000001,Struggle
4.87,1.57,58.91,46.48,51.30339999999987,Struggle
5.99,4.41,79.36,60.96,66.16194999999998,Average
2.48,2.87,97.06,61.96,68.41164999999982,Average
3.92,3.05,2.32,81.15,75.8795499999999,Excel
5.93,1.4,53.21,50.19,51.352850000000046,Struggle
5.82,4.92,86.82,64.71,65.88654999999986,Average
5.78,5.0,66.66,64.63,65.14549999999984,Average
2.23,1.88,57.32,85.44,76.86200000000015,Excel
6.02,1.82,95.81,60.92,57.859850000000016,Struggle
5.45,1.16,50.54,39.99,43.920949999999905,Struggle
5.21,2.87,93.51,53.23,77.5879499999999,Excel
5.33,3.5,60.93,48.27,52.565150000000195,Struggle
6.2,3.78,72.8,71.32,68.83084999999997,Average
4.88,1.0,92.62,54.93,54.673200000000115,Struggle
1.77,1.03,91.2,75.21,72.86134999999976,Average
3.64,1.0,94.6,54.81,61.98449999999989,Average
1.82,3.22,97.02,92.91,92.16754999999992,Excel
3.37,3.52,45.09,77.11,76.68750000000011,Excel
3.16,3.37,82.82,73.52,72.5459500000002,Average
1.44,5.0,69.52,95.7,95.39180000000022,Excel
3.45,4.55,66.83,66.2,68.08410000000015,Average
2.14,1.8,71.58,66.77,65.11145000000019,Average
6.1,1.96,87.15,52.05,51.334149999999966,Struggle
6.2,4.45,75.07,58.96,63.23244999999979,Average
1.06,1.45,52.4,84.68,73.1908500000001,Average
3.92,2.92,87.26,63.61,63.61720000000004,Average
3.74,3.53,51.02,68.03,69.38285000000009,Average
2.68,5.0,46.69,80.18,84.11400000000008,Excel
1.3,4.33,71.83,90.52,90.70450000000027,Excel
3.61,4.94,40.11,72.24,75.04964999999984,Average
6.15,4.91,90.92,72.35,71.61920000000015,Average
5.36,1.0,8.83,56.8,53.99244999999992,Struggle
1.6,4.51,94.28,98.39,96.12279999999984,Excel
1.31,4.0,85.64,100.0,98.75489999999999,Excel
3.33,3.34,56.74,71.3,70.08929999999992,Average
2.59,3.92,87.73,84.73,86.43099999999978,Excel
2.33,3.7,51.92,75.43,76.22200000000015,Excel
2.8,1.0,51.35,46.89,50.21699999999999,Struggle
5.81,4.13,54.17,51.17,55.64510000000005,Struggle
6.92,3.12,71.88,43.59,46.52680000000007,Struggle
3.83,5.0,61.77,80.68,79.7616500000002,Excel
6.41,3.25,99.21,78.63,72.60739999999984,Average
2.67,2.24,77.11,60.56,63.73789999999999,Average
4.31,1.0,66.83,54.29,54.67980000000017,Struggle
2.6,2.38,63.94,71.37,65.66795000000006,Average
4.98,2.87,66.83,49.49,56.76014999999994,Struggle
7.0,1.0,66.77,29.12,33.77259999999991,Struggle
4.2,2.17,84.94,69.02,68.16035000000022,Average
2.72,2.35,73.69,66.44,66.59625000000008,Average
4.54,1.0,48.82,48.17,49.18900000000004,Struggle
1.39,5.0,79.6,95.0,94.79299999999999,Excel
6.25,4.46,88.44,75.26,72.94800000000008,Average
3.68,2.87,54.52,68.16,64.57464999999999,Average
4.05,5.0,88.84,89.05,85.35039999999975,Excel
4.6,1.8,78.16,52.87,54.60305000000007,Struggle
4.62,1.05,83.45,54.65,55.17829999999989,Struggle
1.0,1.0,66.38,68.71,65.24694999999986,Average
5.19,3.86,70.47,75.58,73.78085000000002,Average
2.07,3.79,22.62,93.27,88.31695000000018,Excel
5.52,5.0,98.96,73.36,77.28510000000007,Excel
6.24,4.0,74.85,73.09,72.65450000000007,Average
5.86,1.55,61.59,67.27,61.23920000000015,Average
3.97,1.55,66.83,65.86,61.54415000000001,Average
4.41,4.3,60.99,56.85,61.421950000000116,Average
1.67,2.87,75.37,58.29,67.7960500000002,Average
5.37,1.0,51.98,37.53,39.47979999999995,Struggle
2.6,3.58,95.24,92.9,89.50394999999993,Excel
4.4,2.55,90.93,71.86,71.69690000000008,Average
2.51,4.81,86.29,75.65,78.74184999999983,Excel
2.21,1.23,80.49,82.31,80.29804999999988,Excel
4.33,1.11,78.99,59.06,59.32474999999995,Struggle
1.0,2.7,99.84,88.03,83.42290000000004,Excel
5.69,4.48,35.42,51.85,69.63885000000002,Average
2.6,2.35,55.18,69.36,67.95885000000007,Average
1.0,5.0,6.24,100.0,95.48760000000006,Excel
3.71,1.8,71.06,72.56,64.8238499999999,Average
1.11,2.41,4.6,92.18,90.37435000000016,Excel
2.44,5.0,99.93,96.21,94.32899999999978,Excel
5.48,4.26,79.42,77.55,73.75974999999988,Average
1.58,4.0,60.23,96.54,89.42915000000002,Excel
6.49,1.08,75.18,46.45,45.72524999999997,Struggle
1.24,1.0,0.39,68.72,70.92269999999994,Average
2.67,1.84,88.72,66.34,67.7300500000001,Average
5.64,1.91,50.03,40.08,45.415299999999945,Struggle
3.28,2.64,75.25,92.31,68.8331000000001,Average
1.41,2.87,61.76,84.92,72.29945000000002,Average
2.96,1.8,1.61,62.31,61.40319999999995,Average
2.86,1.0,57.65,51.18,53.65935000000009,Struggle
5.79,1.0,83.32,43.3,44.436300000000045,Struggle
3.29,5.0,7.06,78.9,81.87229999999995,Excel
5.76,5.0,67.83,63.99,67.42179999999998,Average
6.15,4.24,97.03,79.95,76.72745000000018,Excel
3.88,2.76,62.02,81.07,71.81159999999991,Average
3.92,3.41,23.04,41.62,47.55545000000006,Struggle
3.72,2.04,53.46,61.28,61.6140500000001,Average
7.0,1.8,75.23,38.7,45.439800000000005,Struggle
1.71,3.24,2.15,79.03,79.77725000000018,Excel
4.73,3.66,66.36,72.6,68.77835000000003,Average
3.72,3.1,84.51,70.71,70.69929999999981,Average
3.35,5.0,53.05,73.36,74.5895000000001,Average
5.15,3.76,92.87,69.22,69.59729999999986,Average
4.9,1.0,6.71,45.61,48.66330000000001,Struggle
1.0,2.87,0.14,72.98,75.82819999999982,Excel
1.57,2.95,96.83,82.26,86.94640000000001,Excel
5.29,4.68,67.81,62.97,63.526749999999886,Average
5.38,1.66,69.96,50.3,50.30879999999998,Struggle
6.34,2.89,87.3,66.26,63.471000000000075,Average
5.28,5.0,56.7,68.46,70.6969499999998,Average
6.89,3.45,65.7,49.21,51.34554999999994,Struggle
5.55,3.79,55.93,69.55,67.9299999999999,Average
3.1,1.62,72.74,68.67,67.55770000000003,Average
1.92,1.71,77.6,82.31,80.87484999999987,Excel
3.92,3.86,60.56,66.62,68.55420000000018,Average
4.76,5.0,51.33,77.55,76.70459999999981,Excel
1.77,3.98,1.19,78.36,83.0798000000001,Excel
3.65,1.64,23.6,62.79,61.484150000000184,Average
6.84,1.46,98.67,45.74,51.89919999999994,Struggle
4.21,3.42,25.12,48.01,51.94775000000007,Struggle
4.05,1.77,45.67,81.31,72.13654999999994,Average
3.7,5.0,71.74,81.92,81.54550000000009,Excel
1.89,2.38,52.98,65.01,66.54400000000008,Average
3.38,1.0,38.06,58.15,57.94199999999984,Struggle
3.68,2.94,75.84,62.82,63.3286499999999,Average
1.51,3.62,92.73,85.45,86.0134000000002,Excel
5.91,1.96,0.56,49.83,50.970799999999954,Struggle
3.42,2.73,53.97,57.89,59.45945,Struggle
5.53,3.74,60.46,65.05,64.99844999999988,Average
5.77,1.83,66.83,33.73,39.92824999999987,Struggle
2.75,3.96,6.74,68.91,74.07674999999986,Average
4.93,5.0,72.84,69.75,70.58129999999997,Average
3.34,2.87,99.22,67.94,71.60135000000008,Average
3.92,3.21,75.73,58.59,60.68120000000008,Average
2.29,5.0,87.09,83.77,88.45465000000021,Excel
5.41,1.62,84.15,69.89,65.85199999999992,Average
4.7,3.58,92.5,68.23,73.32130000000002,Average
2.37,1.39,60.79,65.0,65.39065,Average
1.94,5.0,50.4,97.06,93.56120000000001,Excel
5.41,4.83,94.07,82.6,78.35350000000017,Excel
4.96,3.89,66.83,45.51,56.72580000000009,Struggle
3.23,1.0,67.34,56.22,59.67564999999996,Struggle
4.61,2.89,98.51,49.11,58.228350000000056,Struggle
3.26,1.0,89.04,59.14,58.789449999999945,Struggle
5.15,4.13,64.13,61.98,66.01899999999982,Average
2.6,1.0,57.07,56.72,57.64714999999999,Struggle
6.34,3.95,70.22,46.78,52.38715000000008,Struggle
2.67,2.01,74.5,87.12,81.08410000000022,Excel
3.53,1.18,33.75,57.56,58.05339999999995,Struggle
1.0,2.05,63.97,87.29,83.07785000000027,Excel
1.26,5.0,83.74,95.9,96.62265000000008,Excel
3.62,2.78,88.93,61.02,64.73510000000017,Average
2.8,1.92,93.7,91.51,69.09245000000004,Average
6.04,3.79,57.77,65.45,65.1402000000001,Average
1.47,1.59,0.0,79.83,79.26759999999994,Excel
3.27,1.0,62.74,53.05,53.91824999999995,Struggle
2.74,3.89,66.83,74.8,76.32289999999979,Excel
1.43,4.0,5.67,100.0,88.88465000000005,Excel
1.54,3.36,72.73,79.27,80.04950000000022,Excel
3.92,3.29,0.0,50.68,58.864450000000105,Struggle
3.71,3.53,57.99,68.88,67.21889999999996,Average
3.1,2.87,73.65,70.34,69.15020000000008,Average
4.18,2.87,88.13,73.41,72.23314999999988,Average
4.12,2.87,99.86,85.77,80.9564000000002,Excel
1.0,2.86,5.53,92.08,79.69590000000008,Excel
3.78,5.0,93.85,89.66,88.28779999999988,Excel
6.5,2.87,87.39,67.88,64.39724999999983,Average
3.62,5.0,94.77,76.4,81.88704999999977,Excel
4.87,2.4,53.81,37.46,42.08525,Struggle
2.85,4.14,96.5,93.73,85.87244999999996,Excel
5.53,2.87,69.82,73.76,64.96169999999996,Average
5.28,1.8,66.83,49.63,48.10989999999998,Struggle
4.21,2.75,53.79,61.86,61.860650000000035,Average
7.0,1.04,85.76,46.46,52.152799999999964,Struggle
1.93,3.82,86.78,95.0,89.39025000000007,Excel
1.0,3.69,0.32,97.34,92.86145000000006,Excel
5.26,1.8,88.44,45.54,48.896750000000075,Struggle
5.84,3.51,69.13,71.25,69.47045,Average
2.11,1.0,77.86,71.47,69.5767999999998,Average
2.56,4.99,33.31,87.46,79.87240000000014,Excel
1.0,2.63,4.69,72.75,78.02640000000002,Excel
2.35,3.11,62.43,61.94,66.90295000000003,Average
6.08,1.0,61.1,45.71,47.46059999999999,Struggle
4.35,1.0,56.52,50.62,51.916800000000066,Struggle
2.9,2.65,95.31,82.18,78.84055000000006,Excel
3.03,4.0,95.64,77.16,79.44584999999996,Excel
1.41,1.0,0.0,61.38,66.8923499999998,Average
2.48,1.25,53.99,50.8,54.999549999999914,Struggle
4.92,2.09,62.26,37.98,43.652949999999876,Struggle
7.0,2.98,41.36,60.67,56.179950000000034,Struggle
5.98,2.85,54.74,55.51,51.921500000000066,Struggle
1.0,2.03,3.98,63.49,70.88324999999988,Average
6.12,2.87,79.39,59.34,59.76660000000007,Struggle
6.1,2.14,78.91,43.51,46.53020000000011,Struggle
5.7,4.41,77.17,71.53,69.78275000000016,Average
3.92,4.0,66.93,84.02,80.87955000000018,Excel
3.45,4.59,85.32,80.86,80.41785000000019,Excel
3.26,4.0,91.32,94.41,91.66304999999993,Excel
1.8,4.05,67.31,91.71,86.96634999999976,Excel
2.35,5.0,3.14,83.6,84.80240000000018,Excel
2.3,4.88,36.47,70.0,76.86225000000005,Excel
4.0,2.02,56.87,51.01,52.61710000000011,Struggle
5.65,1.0,73.37,45.68,46.1003000000001,Struggle
3.84,1.31,57.8,58.02,57.54345000000018,Struggle
1.67,4.31,73.14,86.06,82.7459000000001,Excel
6.43,3.29,61.05,39.04,45.91640000000003,Struggle
6.49,2.87,86.94,50.49,54.604099999999875,Struggle
3.92,2.67,16.39,54.1,56.72620000000017,Struggle
6.7,1.73,77.74,41.64,46.74200000000002,Struggle
4.21,3.15,58.47,63.14,69.3064999999999,Average
7.0,2.69,50.05,66.33,60.84444999999995,Average
1.58,3.79,93.46,93.06,90.87800000000003,Excel
3.64,3.47,83.58,80.44,79.78140000000005,Excel
2.57,3.13,54.95,69.98,69.24449999999977,Average
2.39,1.95,83.2,82.75,73.9579499999999,Average
1.93,2.55,80.58,66.55,70.04279999999981,Average
4.37,3.58,73.67,76.38,74.12179999999975,Average
5.71,1.0,70.96,49.66,46.610499999999895,Struggle
4.22,1.0,94.35,52.1,56.381200000000156,Struggle
2.38,4.8,62.26,88.71,86.05604999999969,Excel
5.64,1.5,69.92,42.3,53.990149999999964,Struggle
4.55,3.29,33.6,57.38,59.03384999999989,Struggle
3.45,1.0,88.56,54.47,61.27394999999991,Average
5.05,2.35,56.84,57.12,53.710250000000094,Struggle
2.08,1.0,92.49,70.82,71.94169999999986,Average
2.7,2.02,57.29,61.7,62.558199999999985,Average
6.81,4.43,99.34,72.09,65.97605000000006,Average
2.72,2.35,84.86,86.28,79.22070000000016,Excel
3.47,2.87,87.55,71.31,74.76279999999991,Average
6.31,2.5,99.14,79.29,72.82835000000024,Average
5.0,1.0,50.35,46.05,45.9328,Struggle
1.09,2.1,81.7,77.5,77.5576,Excel
2.34,1.4,86.95,64.7,68.31780000000012,Average
1.0,2.48,6.25,94.41,90.24339999999991,Excel
4.34,2.48,61.85,62.02,63.90385000000023,Average
4.16,2.45,92.1,80.64,74.44159999999984,Average
2.1,2.05,76.88,94.73,87.14944999999976,Excel
6.5,2.18,76.87,52.63,52.02574999999995,Struggle
4.09,2.51,50.35,69.1,68.8374,Average
2.81,5.0,23.24,89.33,86.0963000000001,Excel
3.86,2.0,77.23,64.1,64.3804000000002,Average
5.15,1.0,71.76,58.42,49.70809999999997,Struggle
1.49,4.67,42.83,90.09,89.09740000000002,Excel
2.55,1.45,70.02,78.81,63.13699999999998,Average
5.98,1.8,95.89,47.73,49.507549999999895,Struggle
3.73,1.5,67.96,65.59,64.66225000000004,Average
3.92,4.47,92.81,73.95,74.75220000000017,Average
3.91,2.48,95.14,74.82,71.85304999999988,Average
1.0,1.51,7.8,72.57,73.07389999999991,Average
1.95,4.0,72.35,94.29,89.86140000000005,Excel
3.75,4.85,88.05,83.04,83.3949000000003,Excel
2.47,2.73,85.4,83.3,79.91904999999979,Excel
1.21,2.72,7.84,85.27,84.29475000000016,Excel
6.3,2.59,55.13,68.55,61.79229999999994,Average
6.52,1.34,63.24,33.65,37.814649999999936,Struggle
5.91,3.6,56.55,44.53,50.86545000000003,Struggle
6.45,1.17,25.01,57.72,52.46629999999994,Struggle
2.84,5.0,63.09,84.92,84.30485000000004,Excel
6.84,1.95,81.89,37.41,44.43084999999993,Struggle
1.99,2.94,97.72,100.0,96.81569999999996,Excel
6.37,3.62,84.29,56.38,57.46039999999993,Struggle
6.82,2.24,73.8,57.53,56.34620000000005,Struggle
5.31,1.0,60.92,52.18,51.033400000000086,Struggle
6.59,1.0,86.39,39.81,42.171050000000065,Struggle
4.87,4.97,70.7,72.01,70.09365000000007,Average
2.96,2.82,45.55,94.5,87.86505000000005,Excel
3.15,3.45,92.31,72.72,81.78544999999995,Excel
4.62,5.0,95.27,93.4,89.56879999999994,Excel
1.73,4.0,51.04,93.41,90.48904999999999,Excel
4.48,4.52,18.01,55.3,58.60214999999992,Struggle
3.92,4.5,64.24,67.36,71.0684000000001,Average
2.05,3.54,34.84,67.58,70.43234999999993,Average
5.46,4.83,50.49,52.46,57.31234999999989,Struggle
6.56,1.0,90.25,41.79,43.161700000000025,Struggle
7.0,1.79,75.87,60.35,51.94169999999996,Struggle
6.63,1.0,3.58,37.29,38.15609999999998,Struggle
4.18,3.27,95.73,81.55,77.8463499999998,Excel
6.69,5.0,66.83,63.8,66.94184999999979,Average
5.92,2.75,75.16,47.7,49.46174999999997,Struggle
3.92,2.09,64.53,70.37,64.88600000000021,Average
3.54,1.93,65.26,61.4,60.859649999999846,Average
5.71,4.99,68.83,67.77,67.70795000000014,Average
2.13,1.95,72.45,61.48,65.3340999999998,Average
4.44,4.97,58.18,62.53,65.8191000000001,Average
5.15,1.99,54.73,49.43,49.39000000000008,Struggle
1.87,1.8,73.65,63.05,64.38339999999991,Average
4.42,1.0,73.25,48.32,51.028899999999915,Struggle
5.78,2.87,82.67,43.5,49.42414999999998,Struggle
3.54,3.97,73.55,75.18,78.10665000000016,Excel
1.0,5.0,5.19,91.86,87.7217666666666,Excel
1.01,2.51,8.58,84.16,76.5402999999999,Excel
2.91,2.05,95.34,80.13,77.57184999999981,Excel
3.92,1.39,57.97,30.92,65.54970000000006,Average
1.96,4.8,84.49,76.86,79.82950000000017,Excel
5.11,1.38,79.69,50.52,53.9903500000002,Struggle
2.74,3.24,87.43,81.06,80.81235000000004,Excel
2.58,5.0,57.53,87.95,89.28250000000024,Excel
5.84,2.58,97.08,52.21,55.6897499999999,Struggle
5.52,2.06,81.05,74.19,67.77485000000004,Average
2.02,2.69,66.83,65.38,73.43749999999977,Average
3.37,1.5,62.33,58.41,59.20484999999989,Struggle
1.54,1.0,3.91,70.49,70.8755999999999,Average
3.9,2.21,52.84,68.53,66.88700000000019,Average
5.43,2.49,69.87,46.72,52.77329999999998,Struggle
1.35,2.29,69.2,72.16,74.53864999999996,Average
3.2,3.47,82.89,76.31,77.94190000000008,Excel
3.33,1.2,54.67,52.94,54.22474999999998,Struggle
6.97,5.0,50.03,65.19,65.34970000000003,Average
6.92,5.0,52.14,61.13,62.61019999999989,Average
3.92,2.4,0.0,74.54,73.72445000000025,Average
5.87,1.57,50.73,45.0,47.28780000000002,Struggle
3.45,2.88,54.92,57.83,60.42179999999999,Struggle
3.47,3.42,98.59,88.06,85.08154999999996,Excel
5.45,1.29,93.42,63.92,62.98745000000004,Average
6.8,4.42,45.36,57.29,57.649400000000156,Struggle
7.0,1.0,90.95,46.14,45.14465000000009,Struggle
3.97,2.6,94.38,72.96,71.96034999999978,Average
3.23,2.91,62.97,59.49,60.33724999999992,Struggle
6.1,3.77,92.47,82.09,69.5967999999999,Average
2.66,4.34,59.74,87.84,84.93175000000008,Excel
3.92,1.0,70.67,45.93,47.57305000000007,Struggle
3.55,2.07,77.91,68.69,68.84850000000003,Average
5.19,1.7,85.69,52.31,56.85244999999996,Struggle
2.66,3.44,51.51,62.03,65.95145000000016,Average
2.61,5.0,64.53,87.07,88.60774999999985,Excel
6.87,2.11,80.43,62.11,57.880050000000026,Struggle
1.93,3.14,46.24,73.76,73.06695000000012,Average
3.63,1.0,50.29,64.08,55.19335000000004,Struggle
2.07,3.2,82.58,95.11,91.03170000000017,Excel
1.29,2.5,2.4,81.7,80.7635000000001,Excel
1.43,1.87,2.8,72.06,73.39839999999995,Average
1.85,2.67,81.45,68.49,68.4582499999999,Average
5.79,3.14,72.52,52.97,56.637999999999884,Struggle
2.5,3.84,58.45,87.14,84.22489999999989,Excel
6.97,2.88,66.32,52.25,51.043099999999974,Struggle
4.87,1.0,65.15,54.44,53.20350000000002,Struggle
4.03,2.87,55.41,63.63,66.51874999999994,Average
4.36,5.0,77.35,75.87,77.98860000000025,Excel
3.97,3.16,88.18,63.07,66.53684999999987,Average
5.46,1.8,78.77,51.85,52.519950000000016,Struggle
2.57,3.14,91.31,77.94,81.78600000000002,Excel
3.29,4.46,56.38,77.64,76.13484999999987,Excel
6.22,4.65,32.36,58.32,59.99059999999989,Struggle
6.2,4.0,80.47,75.5,75.5445,Excel
6.3,1.48,83.8,53.62,52.85140000000005,Struggle
3.24,2.1,84.79,57.86,63.260500000000036,Average
5.21,5.0,86.45,77.71,77.89409999999992,Excel
3.83,2.54,82.57,69.41,69.96189999999996,Average
3.7,3.29,54.71,70.18,58.50075000000013,Struggle
2.18,3.47,47.85,82.38,81.62639999999979,Excel
4.33,4.79,86.24,66.29,69.49965000000022,Average
2.22,1.62,4.06,70.54,71.05670000000026,Average
3.48,2.02,84.67,82.27,76.2913500000002,Excel
6.18,5.0,84.34,67.96,68.92894999999984,Average
2.39,4.81,75.74,80.41,82.98854999999983,Excel
1.85,1.95,93.4,82.51,82.56390000000017,Excel
1.28,1.0,74.6,74.17,70.69650000000006,Average
6.31,2.14,88.95,45.5,51.22015,Struggle
3.82,1.36,80.63,64.11,68.59220000000002,Average
3.92,2.04,53.95,52.48,53.620899999999864,Struggle
6.02,3.81,66.83,80.39,76.6352999999999,Excel
5.51,4.93,63.49,70.82,70.21434999999988,Average
3.34,2.64,88.78,81.52,78.19280000000022,Excel
3.92,2.07,56.23,54.95,56.84220000000002,Struggle
6.03,1.0,82.69,52.65,50.100149999999886,Struggle
5.38,4.0,64.79,81.31,78.51549999999992,Excel
2.4,1.0,88.01,73.19,71.44370000000008,Average
6.57,1.23,62.02,36.37,38.453049999999905,Struggle
3.87,2.78,84.2,67.09,67.63255000000005,Average
2.9,3.5,64.75,90.75,87.12984999999999,Excel
3.25,4.0,13.51,82.67,83.94035000000002,Excel
1.63,1.84,0.53,61.95,66.90200000000017,Average
1.59,5.0,24.71,86.87,87.57350000000021,Excel
5.42,2.87,82.96,53.83,57.59454999999994,Struggle
1.42,1.8,7.96,70.28,68.96535000000006,Average
3.92,4.0,64.45,88.07,84.21909999999984,Excel
3.83,5.0,61.8,79.04,79.09870000000029,Excel
1.25,2.38,90.46,87.63,87.67819999999983,Excel
7.0,3.1,67.68,55.64,55.030650000000016,Struggle
2.51,3.25,95.02,93.04,71.78589999999997,Average
3.0,3.15,89.37,91.16,81.71149999999993,Excel
3.92,2.56,66.83,84.29,77.43775000000024,Excel
2.0,2.21,70.36,76.4,74.89465000000004,Average
1.03,3.87,0.0,100.0,95.81989999999996,Excel
5.61,4.0,89.26,84.29,80.62720000000024,Excel
6.94,2.27,24.08,33.01,48.75990000000001,Struggle
2.3,2.4,66.83,89.34,82.0482000000001,Excel
4.5,4.6,80.12,61.6,65.66920000000015,Average
5.01,1.0,64.5,58.52,55.68020000000014,Struggle
5.71,4.25,57.48,70.23,67.11994999999983,Average
3.38,2.02,71.38,49.59,56.336250000000064,Struggle
2.44,1.03,66.83,72.99,72.09064999999987,Average
2.88,4.28,91.47,95.69,90.54684999999998,Excel
4.96,1.65,94.94,57.42,60.30865000000005,Struggle
6.18,1.71,53.41,48.15,49.200949999999956,Struggle
2.46,4.0,65.1,89.15,87.45104999999994,Excel
3.12,3.51,0.0,62.27,66.25545000000017,Average
6.42,3.23,38.15,48.35,49.20840000000009,Struggle
6.29,3.56,32.97,54.79,50.81639999999994,Struggle
6.95,2.88,74.81,50.58,56.059499999999936,Struggle
6.03,5.0,83.16,68.28,68.69675000000015,Average
3.0,4.0,74.87,87.28,84.88225000000013,Excel
4.9,3.61,83.29,66.76,69.28964999999988,Average
4.97,3.27,53.32,68.25,61.727250000000005,Average
1.0,2.87,93.8,89.25,91.6509999999999,Excel
4.74,3.95,96.95,69.48,72.60294999999981,Average
5.73,4.43,80.9,70.18,68.62975000000012,Average
1.88,3.67,66.83,95.64,82.04875000000007,Excel
6.13,3.03,0.0,56.02,53.78930000000017,Struggle
4.14,1.0,57.32,55.06,53.88490000000002,Struggle
6.89,1.0,55.96,39.56,38.48005000000006,Struggle
1.0,2.94,2.29,71.28,74.77070000000005,Average
2.34,2.93,66.19,64.26,67.09140000000012,Average
4.89,2.87,79.28,73.73,68.5259999999998,Average
2.66,1.0,43.71,54.14,56.23099999999997,Struggle
4.8,2.02,81.87,76.54,55.82925000000004,Struggle
5.46,3.66,68.37,43.63,52.97314999999989,Struggle
1.35,2.04,93.04,79.55,84.59715000000013,Excel
4.26,2.11,81.69,73.05,71.3634499999998,Average
3.74,1.0,37.39,53.58,53.864499999999964,Struggle
3.56,4.0,66.81,86.48,83.77014999999983,Excel
6.37,1.0,92.37,38.53,41.35564999999995,Struggle
5.86,1.78,69.32,53.17,53.12685,Struggle
4.98,2.4,76.79,79.32,72.68764999999989,Average
5.43,5.0,82.45,72.23,74.04889999999976,Average
3.37,1.97,67.39,55.36,57.96920000000002,Struggle
6.51,2.87,66.83,49.35,57.99699999999985,Struggle
5.0,5.0,35.46,72.62,74.42794999999991,Average
5.75,5.0,32.35,77.8,66.36835,Average
5.74,5.0,64.21,70.3,67.4160999999999,Average
2.97,2.87,53.1,56.62,63.15630000000016,Average
5.51,4.0,65.2,77.5,75.91024999999998,Excel
1.76,1.0,42.9,56.79,59.39590000000014,Struggle
2.77,1.91,61.22,62.41,62.391599999999954,Average
2.61,5.0,50.68,89.46,88.44234999999972,Excel
6.89,2.6,89.37,44.77,47.651050000000176,Struggle
6.63,2.87,52.27,37.32,39.72494999999989,Struggle
4.74,1.0,55.33,47.76,50.12665000000015,Struggle
5.32,4.3,90.73,63.21,68.01524999999975,Average
4.26,5.0,44.05,81.05,81.04769999999971,Excel
6.52,4.3,59.55,58.55,58.43944999999989,Struggle
3.81,1.0,70.24,58.82,56.08219999999989,Struggle
3.68,2.81,76.93,72.42,69.44160000000002,Average
1.5,5.0,92.18,100.0,96.29150000000007,Excel
3.92,2.26,5.48,63.19,64.66640000000007,Average
5.16,3.09,79.84,52.31,62.42139999999992,Average
3.19,2.93,85.85,93.63,87.51454999999982,Excel
1.07,3.63,2.32,97.99,96.28220000000005,Excel
5.83,2.85,90.36,41.9,45.32894999999988,Struggle
1.0,2.74,9.01,64.42,67.40260000000002,Average
4.83,2.87,49.91,51.82,54.16834999999996,Struggle
6.62,5.0,88.16,66.71,69.4929499999998,Average
3.95,2.87,86.49,59.45,63.24490000000015,Average
2.04,1.05,91.01,76.33,74.71974999999992,Average
5.47,1.0,95.19,54.93,51.15349999999996,Struggle
5.69,5.0,54.92,66.95,67.94145000000012,Average
4.66,2.18,16.55,55.4,56.39449999999985,Struggle
6.73,3.63,5.82,75.32,67.93824999999985,Average
1.0,5.0,62.62,95.88,93.6713999999999,Excel
4.52,1.82,52.93,41.19,45.353449999999924,Struggle
4.99,2.66,70.06,54.88,57.79894999999987,Struggle
6.25,1.9,90.99,40.2,43.52154999999994,Struggle
2.15,3.63,56.33,88.04,83.82780000000028,Excel
5.67,4.67,83.59,64.67,71.49204999999999,Average
4.77,2.1,50.18,40.77,45.890200000000156,Struggle
3.72,3.04,66.83,46.19,51.311899999999945,Struggle
2.12,4.13,67.54,67.49,71.15294999999995,Average
6.66,4.56,14.64,69.53,62.71755000000004,Average
1.9,4.57,59.64,89.92,88.16409999999992,Excel
2.46,2.47,93.2,89.61,78.53554999999997,Excel
3.01,2.27,87.78,74.08,72.43824999999998,Average
6.11,1.0,62.12,31.26,37.47395000000011,Struggle
4.73,4.0,0.0,81.74,80.97174999999996,Excel
5.76,2.67,59.21,32.62,40.08814999999998,Struggle
2.93,5.0,64.06,93.93,85.94655000000003,Excel
4.42,2.87,75.8,55.97,59.014549999999936,Struggle
4.78,1.84,48.04,48.47,50.263249999999964,Struggle
5.92,3.56,54.73,63.61,61.43950000000006,Average
6.08,5.0,64.83,69.64,66.60829999999994,Average
1.42,2.86,8.34,100.0,76.06005,Excel
3.92,1.0,71.46,45.81,46.700550000000064,Struggle
1.1,1.52,96.94,70.84,73.88985000000008,Average
4.09,3.06,99.57,77.3,76.75224999999989,Excel
2.62,2.55,76.33,83.91,66.12620000000001,Average
3.15,1.96,64.4,79.25,59.520049999999976,Struggle
2.63,3.32,89.54,64.72,73.27314999999984,Average
4.45,4.0,57.97,78.23,77.43624999999977,Excel
3.21,2.87,62.6,73.43,64.22994999999996,Average
5.31,5.0,89.24,79.82,78.97404999999983,Excel
3.26,1.16,71.68,68.55,62.08024999999997,Average
1.78,2.87,7.13,71.35,71.75555000000011,Average
6.12,3.91,5.84,79.79,55.18965000000006,Struggle
3.16,4.93,64.88,84.38,83.5572999999998,Excel
3.37,5.0,66.83,77.06,76.77455000000003,Excel
5.52,5.0,63.85,78.06,75.34769999999995,Excel
3.23,3.5,61.06,72.5,78.14420000000007,Excel
1.0,4.0,68.99,78.52,83.8086500000002,Excel
3.35,1.0,88.17,56.84,61.66104999999991,Average
6.2,1.96,85.69,41.58,46.24164999999997,Struggle
5.06,1.8,48.63,53.31,44.37135000000009,Struggle
5.26,3.34,25.23,40.69,47.51439999999994,Struggle
5.08,1.82,22.15,52.49,50.21959999999992,Struggle
1.86,3.02,61.16,60.96,66.49794999999978,Average
3.64,3.24,30.97,63.14,65.50774999999987,Average
5.19,4.28,57.32,53.35,65.49355000000013,Average
2.06,1.2,70.52,64.01,70.6550499999999,Average
2.85,2.77,53.76,53.83,67.1533500000001,Average
2.26,4.5,49.04,87.23,87.1166999999998,Excel
3.28,2.95,60.52,73.38,71.07364999999986,Average
7.0,1.0,78.71,50.55,41.61814999999998,Struggle
1.39,3.34,54.49,78.61,78.2322000000001,Excel
4.35,4.11,94.5,81.21,78.66579999999993,Excel
1.86,1.71,98.28,85.32,82.95224999999986,Excel
6.98,4.36,60.12,50.27,49.59810000000013,Struggle
1.36,2.87,85.23,100.0,96.26974999999995,Excel
3.46,5.0,92.1,91.43,90.73434999999978,Excel
5.89,4.3,76.99,61.38,64.1726999999999,Average
5.36,3.38,66.17,65.03,66.96184999999997,Average
3.09,3.31,36.56,58.83,65.03384999999999,Average
3.57,2.24,12.65,72.71,63.401199999999996,Average
3.05,2.87,70.03,90.81,84.1472999999999,Excel
2.81,2.07,73.23,80.13,74.94219999999986,Average
2.26,4.0,87.19,100.0,97.72204999999992,Excel
3.69,2.43,62.07,57.05,58.62764999999991,Struggle
2.29,4.0,66.83,93.89,91.38614999999986,Excel
2.4,2.32,0.5,79.92,74.91494999999999,Average
3.92,2.77,57.01,41.86,51.48069999999998,Struggle
7.0,3.15,67.92,57.31,56.78140000000003,Struggle
4.59,2.9,58.74,58.59,57.805400000000084,Struggle
1.06,2.87,78.36,58.95,75.9888000000001,Excel
1.83,4.08,60.85,86.84,80.48374999999992,Excel
6.7,1.9,56.14,39.13,40.91280000000007,Struggle
2.72,3.99,75.91,86.16,85.73204999999989,Excel
1.46,3.75,77.38,71.26,83.36065,Excel
4.46,1.0,66.72,51.5,51.737400000000015,Struggle
4.77,2.9,81.52,84.03,75.54860000000014,Excel
4.99,2.25,24.24,55.54,54.522950000000044,Struggle
2.57,1.41,1.98,70.89,65.96119999999998,Average
1.49,5.0,66.83,88.42,90.44354999999996,Excel
6.61,1.24,53.09,50.49,47.800249999999835,Struggle
2.59,4.0,59.43,95.08,91.56799999999997,Excel
4.86,3.5,57.11,62.95,63.724850000000146,Average
5.49,1.0,83.7,58.66,50.08300000000001,Struggle
4.26,5.0,69.56,73.79,75.11780000000023,Average
2.57,1.52,69.99,58.57,61.95034999999993,Average
2.93,3.98,88.24,78.99,82.8016499999999,Excel
4.27,4.6,74.97,79.32,77.32814999999987,Excel
6.33,1.5,86.28,64.38,59.20409999999992,Struggle
7.0,5.0,75.26,66.1,68.11010000000006,Average
1.66,4.41,79.65,83.11,91.92645000000002,Excel
1.62,5.0,88.04,91.67,92.20474999999988,Excel
6.49,4.0,80.37,75.04,70.37825000000004,Average
5.74,2.89,60.59,55.1,52.56039999999997,Struggle
6.15,1.8,89.46,51.55,51.12569999999996,Struggle
2.44,2.74,97.45,78.41,77.4352999999998,Excel
4.81,3.61,44.37,67.28,68.48210000000019,Average
5.21,3.51,78.86,47.23,52.35994999999979,Struggle
5.36,2.62,54.31,36.42,42.49055000000003,Struggle
3.27,1.37,67.94,63.06,62.366449999999965,Average
1.11,3.88,6.16,98.57,93.43169999999989,Excel
4.69,1.78,91.76,80.81,72.84555,Average
3.92,4.21,75.67,73.07,73.83024999999986,Average
3.47,3.37,60.98,65.02,66.8143500000002,Average
6.9,4.02,66.83,37.11,46.06144999999993,Struggle
3.55,2.48,73.22,52.4,59.238749999999854,Struggle
6.03,1.0,95.07,45.37,46.899300000000004,Struggle
2.43,5.0,61.22,84.21,88.77260000000003,Excel
5.01,3.99,51.58,79.55,68.89709999999997,Average
7.0,3.26,71.67,36.84,42.10040000000009,Struggle
1.85,1.8,63.53,65.24,64.42994999999989,Average
1.0,2.12,4.74,72.95,79.59735000000015,Excel
3.5,2.65,73.0,64.86,64.78155000000005,Average
1.73,1.0,83.49,66.97,71.5783999999999,Average
5.88,2.01,2.02,46.67,52.15709999999997,Struggle
6.17,1.6,87.59,47.98,51.27774999999984,Struggle
3.61,4.9,57.66,80.01,79.56290000000001,Excel
2.17,2.85,69.79,82.27,79.98880000000023,Excel
3.39,3.34,82.8,77.52,75.5129,Excel
5.53,3.35,66.83,56.58,60.60414999999996,Average
1.0,2.64,3.92,100.0,92.60665,Excel
4.7,5.0,59.76,82.37,78.31285000000022,Excel
5.08,1.0,67.95,52.95,50.794100000000036,Struggle
5.3,1.69,56.12,46.97,47.6575,Struggle
2.17,2.1,60.84,68.69,70.98810000000005,Average
5.53,2.97,93.24,49.79,54.92220000000014,Struggle
1.98,3.55,55.23,87.56,84.14669999999995,Excel
1.79,2.33,97.58,84.62,83.25950000000019,Excel
6.17,2.89,6.59,48.43,51.886050000000125,Struggle
5.85,1.32,76.84,50.28,50.831400000000066,Struggle
1.0,4.77,9.15,87.0,86.88945000000001,Excel
2.92,4.0,85.53,92.5,89.90369999999999,Excel
2.32,2.62,45.51,69.07,71.79784999999984,Average
2.22,2.62,88.5,88.84,83.65130000000005,Excel
3.92,1.8,67.97,58.96,58.07119999999979,Struggle
1.21,1.0,38.16,54.57,68.27815000000011,Average
3.53,4.81,60.23,67.0,77.84409999999994,Excel
3.92,1.0,66.83,33.35,41.872300000000095,Struggle
4.62,2.69,67.52,43.68,55.12825000000009,Struggle
5.02,1.0,27.7,46.23,46.10879999999984,Struggle
1.08,4.86,36.73,80.35,85.97494999999995,Excel
7.0,1.81,81.41,67.69,60.50285000000007,Struggle
6.01,1.8,94.72,54.38,52.95714999999993,Struggle
6.15,4.47,91.98,67.91,70.42124999999996,Average
6.26,1.8,62.63,42.69,37.41754999999996,Struggle
6.42,1.45,17.27,48.58,51.961650000000006,Struggle
3.77,2.45,59.65,57.01,59.01710000000012,Struggle
2.61,3.42,98.55,87.14,86.78799999999983,Excel
4.96,5.0,77.47,88.91,84.14784999999996,Excel
5.07,3.75,59.13,71.99,70.83619999999995,Average
3.92,1.0,92.04,47.2,53.607,Struggle
3.65,4.0,69.76,83.0,83.0523,Excel
1.0,2.87,62.83,71.87,76.07575000000004,Excel
3.26,5.0,63.03,88.22,85.07664999999983,Excel
6.12,2.93,69.66,42.49,47.94489999999986,Struggle
4.97,2.87,75.25,62.19,61.8117,Average
4.62,1.17,94.63,56.43,62.98259999999999,Average
2.76,1.8,93.44,65.46,65.49599999999984,Average
2.77,4.71,78.72,76.67,84.20654999999992,Excel
6.19,5.0,26.73,66.86,66.81989999999992,Average
4.87,2.44,70.17,69.76,66.66290000000014,Average
5.7,1.86,98.78,72.53,53.682149999999986,Struggle
3.4,4.85,80.39,80.35,81.55215000000013,Excel
4.86,1.0,62.93,55.18,53.73745000000014,Struggle
2.43,1.98,72.49,52.48,68.05555000000011,Average
5.68,1.0,76.6,39.02,40.930750000000124,Struggle
4.01,1.4,71.45,63.12,61.38365000000016,Average
3.73,1.0,66.83,66.14,62.32870000000005,Average
5.04,1.0,92.57,49.03,51.40745000000007,Struggle
6.26,1.52,75.37,39.95,43.99434999999995,Struggle
1.1,1.0,38.54,65.95,67.17270000000013,Average
6.35,2.66,67.01,70.52,65.62245000000016,Average
2.95,1.8,58.85,58.61,59.96050000000005,Struggle
3.35,2.95,96.96,76.07,77.93429999999995,Excel
1.2,2.37,1.26,82.69,83.33810000000001,Excel
3.24,4.77,90.03,79.99,82.58029999999988,Excel
3.87,2.2,85.77,57.45,63.37275000000014,Average
1.03,1.28,89.55,78.6,76.91580000000022,Excel
3.92,1.8,96.84,53.79,56.65182500000009,Struggle
6.52,2.38,81.17,48.59,53.925400000000046,Struggle
1.55,3.35,72.61,77.2,78.40735000000024,Excel
5.36,2.25,58.38,60.08,56.961149999999925,Struggle
3.85,5.0,81.34,75.03,79.7266000000002,Excel
5.28,1.13,88.61,71.45,66.47405000000013,Average
2.46,1.74,63.58,69.58,72.50329999999994,Average
1.49,1.0,87.04,77.0,65.99999999999999,Average
1.91,2.87,88.92,90.7,89.68865000000025,Excel
1.1,1.8,91.56,76.98,75.09074999999982,Average
1.75,2.94,34.43,80.52,77.77660000000013,Excel
4.88,3.03,84.08,77.85,73.80580000000016,Average
5.89,1.68,65.21,45.07,47.1602499999999,Struggle
6.34,1.99,86.95,56.55,54.014149999999944,Struggle
4.66,1.0,73.15,55.43,53.08845000000007,Struggle
1.56,1.0,29.54,61.72,64.25649999999982,Average
2.4,1.8,66.83,52.02,57.2689000000001,Struggle
3.05,1.25,66.83,49.21,54.94264999999985,Struggle
2.08,2.55,58.9,57.48,63.97324999999981,Average
4.14,2.82,9.28,58.75,68.51370000000006,Average
4.48,2.4,80.9,87.15,80.74644999999985,Excel
3.59,2.74,92.43,67.23,67.66254999999981,Average
3.32,4.54,51.04,82.78,70.71524999999994,Average
5.57,4.0,53.31,66.55,67.68914999999987,Average
5.33,5.0,40.51,75.65,76.37264999999988,Excel
3.08,3.35,66.83,86.56,79.92459999999994,Excel
6.2,2.26,20.34,47.19,48.21394999999996,Struggle
6.67,2.09,39.83,31.69,36.6817499999999,Struggle
3.44,2.28,61.6,74.0,72.57920000000001,Average
3.45,2.87,69.95,71.35,72.48320000000011,Average
4.38,5.0,61.25,82.11,79.49745000000009,Excel
7.0,2.98,67.63,68.55,61.818799999999904,Average
6.38,3.83,86.43,54.94,57.918949999999995,Struggle
1.86,1.38,55.74,75.81,73.04399999999991,Average
3.22,1.54,21.46,56.35,57.551650000000116,Struggle
4.82,1.82,81.89,49.64,52.39675000000002,Struggle
3.8,2.87,73.85,63.31,63.153799999999926,Average
2.25,3.02,96.73,85.82,85.73014999999987,Excel
5.93,3.3,64.47,70.69,66.0551,Average
4.67,2.82,86.31,60.86,68.00250000000001,Average
6.1,5.0,86.54,74.18,72.36749999999998,Average
6.0,3.31,61.08,60.82,55.043800000000026,Struggle
5.57,5.0,95.16,83.64,82.65834999999984,Excel
3.7,1.0,74.56,57.14,56.011950000000006,Struggle
4.7,4.22,83.94,86.0,79.21569999999991,Excel
1.58,2.7,36.55,75.29,73.75780000000002,Average
4.98,2.87,25.11,45.92,46.973850000000056,Struggle
2.39,1.0,79.31,67.84,66.36430000000009,Average
4.98,2.87,65.95,78.11,71.90250000000009,Average
3.92,1.0,74.98,59.83,52.60119999999996,Struggle
1.7,1.85,68.7,79.74,76.58834999999993,Excel
3.92,3.05,82.03,70.78,68.27575000000014,Average
1.17,4.46,4.18,84.29,83.70380000000024,Excel
4.91,5.0,50.23,65.74,67.08879999999985,Average
5.76,2.24,82.48,58.91,60.918799999999926,Average
4.42,4.31,71.11,60.12,63.56890000000018,Average
2.22,4.0,36.89,97.67,95.3388499999999,Excel
1.47,3.14,54.71,82.51,81.43815000000012,Excel
1.37,5.0,0.0,88.76,91.23766833333327,Excel
1.97,3.56,24.16,71.09,74.88800000000008,Average
6.59,3.54,96.77,53.95,58.08075000000008,Struggle
2.83,1.65,71.63,69.24,68.0086499999999,Average
3.52,2.86,52.1,76.07,71.32554999999986,Average
3.92,2.24,56.94,57.72,58.7525999999999,Struggle
2.69,1.88,7.63,57.05,59.018549999999884,Struggle
3.72,1.0,79.44,46.04,50.12360000000006,Struggle
4.25,3.53,59.33,58.95,69.83724999999988,Average
2.52,5.0,74.93,87.09,88.40700000000007,Excel
3.92,1.0,31.46,63.93,58.352450000000154,Struggle
3.0,2.7,90.19,82.71,80.66474999999971,Excel
2.38,2.73,66.02,88.54,83.18480000000034,Excel
1.91,1.0,72.91,63.26,64.47270000000013,Average
6.86,2.77,54.33,61.03,58.277050000000116,Struggle
5.06,4.0,71.67,82.94,74.95895000000009,Average
4.58,4.0,89.66,89.52,86.30835000000025,Excel
3.37,1.8,83.08,64.87,62.04635000000014,Average
4.06,1.8,48.45,49.32,50.89259999999996,Struggle
4.41,2.39,75.2,50.12,55.9183500000001,Struggle
5.5,3.61,98.36,72.68,69.9157500000001,Average
5.38,2.9,66.83,70.83,68.82739999999998,Average
2.52,4.5,95.25,89.71,87.29674999999992,Excel
4.32,3.94,58.94,60.72,65.01249999999993,Average
3.49,3.28,74.16,58.23,62.52149999999979,Average
6.09,4.12,95.43,68.56,69.50544999999991,Average
4.97,1.93,66.13,58.44,57.69084999999996,Struggle
4.29,5.0,98.38,79.16,83.62024999999983,Excel
1.82,4.37,54.85,68.27,84.75099999999993,Excel
4.47,3.95,72.53,61.45,64.56515000000009,Average
1.63,1.0,34.02,70.71,68.52699999999976,Average
3.08,3.45,53.69,52.92,58.28045000000008,Struggle
2.2,1.06,93.98,78.07,76.19704999999992,Excel
3.92,1.0,62.6,46.72,48.38679999999992,Struggle
1.86,3.19,51.11,61.47,75.74765000000012,Excel
3.1,1.8,66.83,48.84,52.49425000000006,Struggle
5.9,1.0,82.96,47.11,46.04194999999994,Struggle
1.74,1.99,98.89,90.36,86.94085000000017,Excel
3.77,2.1,55.57,58.6,57.829200000000135,Struggle
3.82,4.47,66.83,73.02,74.13065000000017,Average
1.51,2.87,4.98,88.23,87.83854999999986,Excel
5.65,3.12,4.04,64.05,61.02959999999993,Average
1.47,2.87,55.9,91.69,83.56465000000007,Excel
4.06,1.0,61.99,44.8,48.11609999999999,Struggle
4.81,3.75,59.82,74.29,74.07240000000027,Average
5.18,5.0,41.99,79.24,78.90044999999992,Excel
4.69,3.45,93.66,77.49,75.98324999999991,Excel
2.27,2.47,75.55,60.79,64.31025000000011,Average
1.0,3.91,4.58,64.23,72.65409999999986,Average
5.46,1.0,38.53,50.53,50.70150000000003,Struggle
4.42,5.0,89.88,77.62,80.5298000000002,Excel
5.83,5.0,56.61,63.93,65.29695000000014,Average
6.28,3.07,53.64,46.58,47.88764999999996,Struggle
6.01,4.76,19.67,58.28,59.74905000000006,Struggle
4.41,2.76,87.3,81.72,77.53859999999985,Excel
2.5,2.49,50.22,75.13,72.57414999999982,Average
5.36,3.42,77.03,70.49,63.52799999999988,Average
3.51,5.0,62.47,76.09,77.50510000000008,Excel
1.63,1.8,66.61,62.02,64.03075000000007,Average
6.41,2.48,61.48,70.45,51.77269999999995,Struggle
5.85,1.0,62.03,45.3,43.76955000000007,Struggle
4.05,3.03,95.08,72.13,71.67839999999993,Average
1.0,4.63,79.03,100.0,97.63295,Excel
3.08,4.32,56.16,82.38,79.76929999999977,Excel
6.16,1.62,73.37,50.82,51.3096999999999,Struggle
6.86,2.97,72.58,49.14,53.50839999999998,Struggle
2.13,1.74,0.0,62.18,66.61500000000015,Average
1.87,4.73,93.17,91.41,90.97804999999995,Excel
6.39,1.0,28.12,38.83,39.38059999999998,Struggle
3.26,2.2,78.55,78.06,74.23314999999997,Average
4.55,1.0,92.19,50.97,52.338949999999926,Struggle
6.61,1.3,96.03,57.13,56.26939999999993,Struggle
1.17,3.48,74.29,68.72,83.62595000000012,Excel
5.05,4.0,81.98,80.99,80.45324999999998,Excel
1.33,3.71,26.49,78.46,80.6960499999997,Excel
2.89,4.0,6.01,66.49,72.05959999999983,Average
3.92,2.17,63.94,37.12,45.47445,Struggle
3.89,3.87,54.67,60.7,66.32680000000013,Average
7.0,2.65,63.98,32.88,41.07025000000008,Struggle
4.26,4.75,66.06,62.42,67.67930000000004,Average
3.33,5.0,59.18,97.17,90.62084999999988,Excel
2.23,1.46,83.43,83.37,80.30985000000018,Excel
3.31,1.54,71.3,77.61,62.23105,Average
3.65,2.96,99.4,84.44,82.42445000000009,Excel
1.75,5.0,57.66,92.48,91.65194999999983,Excel
3.23,4.0,36.81,91.72,86.01339999999986,Excel
3.97,2.05,82.35,69.49,67.6427499999999,Average
5.25,1.0,52.78,51.11,46.99319999999995,Struggle
5.09,4.44,85.85,60.24,62.75579999999989,Average
5.01,1.0,54.99,45.0,46.78219999999994,Struggle
1.0,5.0,5.19,83.96,87.7217666666666,Excel
2.02,1.0,57.98,67.76,62.84645000000006,Average
3.92,1.0,62.73,52.07,50.75584999999989,Struggle
3.99,1.0,84.16,56.78,58.316500000000104,Struggle
1.39,2.72,1.4,79.83,71.59500000000008,Average
5.36,5.0,77.77,75.53,74.93990000000025,Average
5.34,4.87,30.11,63.83,70.28454999999994,Average
4.25,2.87,54.9,75.76,69.46370000000014,Average
1.57,1.0,70.51,73.21,72.06919999999973,Average
5.27,2.29,57.27,52.48,51.68039999999982,Struggle
4.06,2.87,66.83,62.14,63.63259999999991,Average
3.92,1.64,56.48,60.03,59.411800000000106,Struggle
5.83,1.0,59.53,42.16,43.35940000000003,Struggle
5.36,3.77,90.88,66.63,66.95929999999981,Average
3.96,2.98,83.01,59.56,62.065599999999975,Average
2.0,1.0,61.55,73.7,69.53125000000014,Average
4.66,5.0,70.91,80.05,74.72075000000005,Average
4.46,2.53,69.81,51.5,55.32055000000002,Struggle
5.49,2.04,84.51,57.38,59.069099999999935,Struggle
2.47,1.04,87.0,84.3,79.97214999999986,Excel
1.96,5.0,75.51,86.55,86.5704499999998,Excel
6.33,2.47,98.46,63.97,63.71420000000011,Average
5.4,2.87,97.78,72.33,72.19649999999996,Average
6.85,4.23,70.62,68.0,64.184,Average
5.12,3.04,91.03,61.15,70.66890000000001,Average
4.65,4.17,77.16,60.82,69.69734999999993,Average
5.27,1.43,75.59,53.01,52.11840000000009,Struggle
6.82,5.0,52.75,59.77,62.87025000000014,Average
3.92,1.8,3.59,48.85,49.7734500000001,Struggle
4.67,3.83,61.09,57.74,63.203549999999865,Average
1.85,3.52,66.83,88.44,83.2410500000001,Excel
3.69,4.06,2.26,73.49,73.76679999999983,Average
5.4,2.55,58.0,56.55,56.16534999999996,Struggle
2.87,3.96,67.92,69.93,74.2541000000001,Average
2.53,3.39,61.66,62.18,65.84640000000009,Average
2.8,2.52,65.8,66.61,66.59035000000011,Average
2.67,2.87,78.98,77.42,73.19685000000005,Average
2.71,3.6,68.24,87.08,73.46489999999997,Average
3.97,1.84,66.83,62.16,55.48239999999996,Struggle
6.65,2.47,71.93,70.77,52.909699999999965,Struggle
4.18,4.38,64.33,65.6,67.57975000000015,Average
2.16,2.68,54.77,54.82,62.624149999999894,Average
1.14,5.0,71.29,98.69,93.2304999999998,Excel
4.8,1.94,50.57,31.31,39.63470000000006,Struggle
3.29,3.99,6.03,84.46,83.72659999999972,Excel
5.59,5.0,91.34,78.59,78.66100000000003,Excel
5.04,1.99,99.84,57.18,60.82395000000011,Average
5.93,1.03,86.36,50.73,52.77749999999985,Struggle
2.66,1.0,21.53,67.07,63.058999999999884,Average
4.69,1.42,26.7,52.4,53.86964999999993,Struggle
2.14,1.0,62.2,80.91,74.04309999999995,Average
6.24,2.07,90.43,53.44,52.97724999999998,Struggle
3.92,3.28,41.24,64.49,67.68289999999989,Average
3.44,3.26,23.22,51.18,59.085000000000136,Struggle
2.46,5.0,50.72,83.14,83.75509999999986,Excel
1.94,2.87,51.04,82.61,77.52705000000013,Excel
4.72,4.51,80.6,58.7,63.3758500000001,Average
2.45,5.0,51.09,84.02,83.0134500000002,Excel
4.72,2.87,99.68,65.06,67.41869999999993,Average
2.27,1.87,59.17,53.03,60.21205000000011,Struggle
5.39,4.28,49.07,68.07,68.0807499999999,Average
6.19,1.83,57.75,48.76,48.957950000000075,Struggle
5.4,2.27,77.0,67.13,59.053799999999995,Struggle
5.56,4.4,54.03,73.23,69.02404999999979,Average
2.09,5.0,54.86,97.84,94.28935000000007,Excel
1.38,4.34,79.25,89.77,90.81270000000022,Excel
5.51,4.86,54.31,62.56,64.07819999999987,Average
2.82,1.14,3.91,57.05,59.203699999999955,Struggle
3.51,2.44,45.18,53.47,56.58604999999995,Struggle
1.12,4.73,5.13,93.05,91.56539999999983,Excel
2.53,1.73,95.83,81.8,76.31960000000005,Excel
1.56,1.0,0.0,86.4,79.66204999999982,Excel
6.0,2.03,53.89,39.66,44.94044999999992,Struggle
2.06,2.43,28.69,77.3,74.40824999999984,Average
4.46,1.8,99.39,63.54,59.226917499999935,Struggle
1.0,5.0,1.84,82.27,86.79605000000016,Excel
4.57,1.0,61.91,47.01,46.91655000000014,Struggle
2.87,2.87,88.48,61.66,70.90444999999998,Average
6.11,3.92,0.14,47.37,50.073750000000054,Struggle
6.19,3.52,86.36,50.69,57.61699999999992,Struggle
2.71,4.36,66.83,90.1,80.9686999999999,Excel
6.0,2.82,89.21,40.06,46.53245000000005,Struggle
7.0,1.51,63.7,39.75,42.39949999999999,Struggle
5.48,2.99,70.08,62.16,67.06880000000002,Average
6.54,2.87,70.66,52.84,48.570499999999996,Struggle
2.33,1.0,74.56,51.95,56.983550000000065,Struggle
4.66,2.87,58.37,44.11,60.31985,Struggle
1.71,2.95,72.62,98.06,76.13955000000006,Excel
1.35,1.64,75.54,84.51,81.43765000000016,Excel
7.0,3.26,76.59,46.1,48.54575000000012,Struggle
3.29,3.68,91.0,75.46,76.03044999999969,Excel
5.23,1.87,75.87,49.79,49.24760000000009,Struggle
6.33,1.0,61.54,48.73,43.8202999999999,Struggle
5.67,4.4,56.29,60.99,63.64474999999986,Average
3.92,5.0,89.87,77.03,77.2475000000002,Excel
2.73,1.8,65.97,64.31,62.9317,Average
1.0,5.0,0.65,100.0,97.22353,Excel
3.67,2.29,57.35,53.55,60.30835000000001,Struggle
2.14,2.66,67.1,66.43,81.46179999999995,Excel
1.59,1.0,7.63,66.7,75.41959999999979,Excel
3.13,1.0,95.57,58.97,61.488899999999866,Average
6.17,4.47,78.77,72.82,70.40224999999987,Average
4.31,1.84,85.12,65.18,61.87305000000011,Average
2.6,1.8,92.7,61.55,62.489499999999964,Average
4.94,2.87,97.93,93.06,83.38429999999995,Excel
2.54,5.0,46.72,89.95,88.41845000000019,Excel
1.05,5.0,4.27,93.42,94.46348333333326,Excel
5.66,2.73,70.78,77.54,66.49305000000018,Average
4.66,1.8,53.6,42.99,44.016499999999894,Struggle
5.59,2.87,71.14,76.32,70.93744999999994,Average
1.68,3.56,6.27,93.6,89.58160000000005,Excel
6.02,3.48,90.24,74.53,70.99625000000015,Average
4.47,2.19,94.62,86.04,78.09890000000023,Excel
4.64,2.19,52.57,54.03,53.38125000000004,Struggle
4.59,3.9,76.36,74.99,74.28499999999987,Average
6.51,1.85,55.37,41.96,43.31410000000001,Struggle
4.08,3.91,60.04,56.0,68.0015500000001,Average
4.32,1.8,60.47,51.9,50.484299999999905,Struggle
3.92,2.74,45.98,73.8,71.42069999999984,Average
5.13,1.0,87.93,59.87,58.768200000000114,Struggle
3.81,2.08,53.22,64.19,63.55910000000008,Average
5.13,1.57,70.84,57.57,55.062900000000006,Struggle
3.71,5.0,83.71,95.41,91.86929999999985,Excel
2.39,2.14,56.67,62.3,65.75804999999987,Average
4.38,3.11,66.29,78.02,74.54240000000021,Average
6.79,2.42,53.23,64.12,58.516900000000085,Struggle
6.69,3.54,82.57,53.56,53.55480000000002,Struggle
3.35,4.11,98.54,76.19,77.46470000000011,Excel
4.31,5.0,0.0,81.67,82.59095000000006,Excel
1.94,5.0,98.73,95.89,96.58799999999981,Excel
7.0,3.02,92.28,70.99,57.80365,Struggle
6.78,3.51,92.76,48.12,50.39095000000007,Struggle
4.86,5.0,78.86,82.62,81.8556500000003,Excel
6.25,2.35,75.91,50.67,51.36980000000005,Struggle
5.15,4.1,70.31,63.03,62.973600000000104,Average
3.92,3.33,90.9,85.44,68.65129999999998,Average
1.18,1.55,59.1,68.51,69.96865000000011,Average
3.32,3.94,52.81,77.44,77.63645000000008,Excel
5.0,3.18,97.39,76.41,75.05299999999991,Average
5.17,4.0,50.19,67.88,69.68229999999986,Average
3.15,1.0,73.09,68.73,67.0249999999998,Average
6.54,3.48,86.44,51.17,53.537750000000024,Struggle
2.32,4.0,66.42,85.21,89.83999999999988,Excel
3.53,1.8,84.89,47.37,51.596900000000076,Struggle
4.95,1.0,90.89,54.59,55.39945000000014,Struggle
5.49,4.0,62.27,73.46,71.78574999999987,Average
5.31,1.92,88.54,54.69,55.54460000000002,Struggle
2.56,2.9,90.22,95.27,90.01830000000022,Excel
2.33,1.53,66.83,62.07,65.80109999999986,Average
4.52,3.24,52.1,54.73,54.80319999999984,Struggle
4.32,3.01,4.47,69.35,57.825249999999926,Struggle
2.43,1.63,60.03,79.37,69.15619999999991,Average
5.63,4.92,53.26,54.69,64.82379999999993,Average
3.45,2.87,61.64,71.1,69.42920000000018,Average
4.57,4.17,2.74,70.69,66.68860000000004,Average
5.61,3.54,94.22,51.67,56.75230000000004,Struggle
1.78,2.57,62.61,72.29,74.0327000000002,Average
1.37,1.8,0.0,65.29,65.25000000000016,Average
5.68,2.87,81.95,68.49,65.12659999999988,Average
4.62,2.8,93.87,64.67,68.15230000000007,Average
5.28,1.34,76.23,51.47,53.93515000000003,Struggle
6.42,2.87,68.68,49.53,50.00805000000002,Struggle
5.41,1.0,93.35,47.9,51.618099999999906,Struggle
6.96,1.0,65.51,31.41,33.35159999999992,Struggle
4.65,2.74,53.97,66.02,64.86780000000017,Average
3.64,1.72,72.25,63.17,64.46245000000005,Average
3.75,2.46,89.25,93.49,86.67864999999996,Excel
2.12,2.78,51.54,80.25,76.10825000000006,Excel
3.95,1.0,79.29,42.29,54.3783500000001,Struggle
2.39,2.47,54.51,75.46,68.9775499999999,Average
6.64,1.8,65.05,41.97,39.61110000000008,Struggle
4.5,4.92,25.43,71.18,69.19570000000004,Average
4.59,5.0,63.94,80.93,77.493,Excel
2.86,2.92,43.64,75.53,73.16565000000018,Average
1.49,3.53,67.85,84.25,80.35635000000003,Excel
1.0,1.0,6.79,73.36,72.41990000000008,Average
3.43,4.35,82.09,67.72,71.65179999999995,Average
1.38,2.87,87.95,93.12,92.80110000000009,Excel
4.81,1.0,91.0,60.35,58.24930000000017,Struggle
5.88,2.86,96.15,49.38,53.175949999999936,Struggle
6.01,2.58,71.55,50.64,51.45815000000002,Struggle
4.65,2.85,99.23,74.81,71.26365000000001,Average
1.88,3.3,5.12,66.79,71.31490000000025,Average
5.89,3.71,3.54,81.24,75.83974999999992,Excel
6.43,2.18,76.7,36.22,50.21944999999999,Struggle
2.41,1.0,69.06,75.56,71.39879999999985,Average
5.58,4.64,48.31,63.68,65.7204000000001,Average
2.7,1.7,89.2,69.87,71.61895000000021,Average
5.37,4.43,96.51,72.57,74.84624999999996,Average
7.0,2.46,56.82,44.68,48.29850000000007,Struggle
1.0,1.0,0.0,67.66,67.08239999999995,Average
6.55,1.0,53.36,37.98,39.43144999999985,Struggle
5.15,4.52,66.83,75.67,71.23850000000007,Average
7.0,4.01,72.45,62.66,60.93924999999993,Average
3.92,3.19,45.13,85.3,74.50449999999982,Average
5.9,2.13,78.07,51.53,50.16090000000004,Struggle
3.92,2.37,68.35,79.25,66.26839999999997,Average
3.12,1.0,52.22,63.59,61.34200000000007,Average
1.51,5.0,68.46,92.26,91.73135000000002,Excel
7.0,2.99,74.95,62.46,60.56319999999979,Average
5.41,1.92,33.08,63.96,61.48229999999989,Average
6.44,1.0,0.24,30.08,34.231399999999965,Struggle
6.87,2.2,41.4,57.78,53.99440000000007,Struggle
1.15,2.67,79.3,83.87,79.0183000000003,Excel
3.92,4.0,62.0,82.53,82.5179000000002,Excel
1.57,1.03,79.37,69.18,68.9141500000001,Average
2.26,2.88,43.01,76.94,78.23979999999997,Excel
2.0,2.87,2.23,73.62,72.50254999999999,Average
3.4,1.0,60.7,59.56,57.88594999999996,Struggle
2.89,1.0,67.8,65.14,65.04044999999992,Average
1.27,5.0,25.12,89.38,89.3324999999998,Excel
1.67,3.03,66.83,74.48,75.29069999999996,Excel
2.21,3.45,51.97,93.43,87.6969000000001,Excel
6.95,5.0,79.41,68.49,66.90534999999998,Average
5.66,1.93,71.29,52.87,53.955050000000064,Struggle
6.79,2.99,66.32,50.95,49.0054000000001,Struggle
3.71,2.13,82.05,56.8,65.40215,Average
2.77,5.0,50.1,88.19,86.81724999999999,Excel
6.26,3.42,98.4,60.67,63.5133,Average
2.68,3.37,32.76,67.29,68.74660000000021,Average
2.51,3.01,95.85,69.32,74.36114999999991,Average
1.96,2.64,22.18,65.85,72.0408000000001,Average
1.94,1.0,61.9,69.12,66.64574999999998,Average
2.59,3.3,66.83,61.08,62.68394999999995,Average
2.74,3.2,75.08,88.47,82.35429999999984,Excel
4.9,4.14,21.55,68.1,64.97815000000018,Average
1.06,3.82,81.98,73.91,77.91154999999992,Excel
2.09,4.48,93.48,81.84,84.70020000000004,Excel
6.3,5.0,60.73,72.76,63.04254999999989,Average
2.06,1.8,68.14,53.85,57.334200000000145,Struggle
2.57,2.87,97.92,93.37,90.0825000000001,Excel
5.94,1.0,94.68,51.5,50.20549999999999,Struggle
1.44,4.51,0.96,84.58,86.20545000000001,Excel
1.71,2.33,78.67,85.42,82.10395000000003,Excel
3.88,4.01,58.5,77.55,78.23889999999984,Excel
3.3,5.0,60.69,92.55,87.51124999999978,Excel
4.61,1.0,72.49,51.59,51.843600000000094,Struggle
5.84,1.39,92.37,53.39,55.587849999999946,Struggle
2.12,2.95,65.1,73.91,77.42664999999994,Excel
4.68,4.0,68.59,78.07,78.07474999999988,Excel
3.77,1.0,58.24,48.82,51.44049999999993,Struggle
1.89,4.0,60.46,85.87,86.26700000000022,Excel
4.8,1.6,82.84,60.42,61.302500000000045,Average
2.59,1.0,66.83,62.13,61.708499999999916,Average
3.61,2.04,61.56,72.68,68.58920000000016,Average
1.21,2.16,70.15,67.14,69.23709999999988,Average
3.54,1.06,46.24,65.97,62.43894999999989,Average
2.35,1.0,99.37,64.48,66.28309999999976,Average
6.35,4.03,92.68,61.34,63.472600000000035,Average
1.53,2.4,69.4,84.5,80.14484999999996,Excel
3.7,4.82,95.7,79.02,81.73675000000027,Excel
3.82,2.42,67.13,63.28,65.32890000000013,Average
5.54,3.52,83.4,60.43,60.867500000000064,Average
4.93,1.0,98.33,64.42,61.94335000000005,Average
4.89,1.82,66.83,54.56,53.944700000000005,Struggle
5.87,3.81,83.99,83.85,76.81550000000014,Excel
3.92,4.2,64.8,68.45,68.5313500000001,Average
3.23,1.0,66.83,58.88,60.8062,Average
3.92,1.0,78.71,43.77,45.22775000000012,Struggle
6.44,5.0,70.01,85.48,80.07609999999978,Excel
6.45,3.91,72.66,49.4,53.948149999999906,Struggle
6.14,2.95,66.83,66.08,50.34309999999998,Struggle
2.86,3.12,95.72,87.93,82.40150000000007,Excel
2.12,2.06,62.69,67.37,69.41825000000011,Average
3.94,1.93,70.09,66.91,67.02109999999993,Average
5.21,2.87,82.17,77.73,68.70054999999981,Average
4.18,5.0,75.9,75.02,78.16205000000019,Excel
3.67,2.41,54.8,45.81,50.43230000000006,Struggle
6.38,1.33,99.68,50.66,54.617649999999934,Struggle
2.85,1.0,63.62,66.02,71.73315000000001,Average
6.03,3.87,3.13,62.28,60.01255000000012,Struggle
3.56,3.78,80.91,64.03,69.46790000000011,Average
3.08,1.89,54.38,48.54,52.11385000000013,Struggle
3.3,4.58,74.77,84.58,81.78809999999994,Excel
5.92,1.0,0.15,57.44,54.01360000000002,Struggle
1.86,1.84,94.83,65.25,72.03284999999997,Average
2.55,2.75,66.87,60.49,64.74444999999992,Average
7.0,1.0,6.61,39.9,39.574499999999944,Struggle
2.1,4.29,84.87,77.53,80.79745000000017,Excel
4.82,3.68,67.0,78.6,74.4858500000002,Average
4.83,5.0,53.24,70.7,72.40145000000014,Average
4.4,3.63,75.27,61.49,64.88364999999988,Average
5.22,1.64,80.08,61.74,58.752200000000045,Struggle
2.7,3.02,66.83,71.37,70.88985000000017,Average
4.29,2.77,54.78,45.95,64.44425000000003,Average
2.94,1.0,60.36,50.08,54.05254999999997,Struggle
5.38,4.56,38.89,82.49,76.4941499999999,Excel
2.07,3.35,77.05,71.15,75.32559999999984,Excel
4.21,1.8,64.69,54.04,52.73755000000008,Struggle
1.95,3.69,2.32,75.56,78.77704999999987,Excel
2.86,2.77,93.47,76.48,77.55824999999983,Excel
2.29,1.0,66.83,47.89,55.48319999999998,Struggle
1.68,1.39,74.77,62.28,66.54840000000011,Average
5.59,4.11,97.64,60.84,67.44925000000009,Average
2.96,1.73,5.67,86.63,78.20319999999981,Excel
6.39,2.71,85.86,44.38,55.50525000000009,Struggle
6.83,1.0,71.56,49.06,47.073750000000025,Struggle
4.7,4.03,51.0,61.92,63.87120000000001,Average
2.11,3.55,82.31,95.35,91.78330000000012,Excel
2.92,3.1,56.86,65.77,68.2078000000002,Average
5.39,2.33,1.51,35.26,42.71820000000011,Struggle
3.29,1.0,48.91,75.4,68.64514999999984,Average
1.76,3.79,95.77,95.78,90.75424999999996,Excel
3.99,1.24,60.25,46.1,56.07469999999995,Struggle
5.94,1.7,66.83,50.75,50.61309999999997,Struggle
6.15,1.8,9.84,38.86,39.37884999999995,Struggle
2.49,2.87,90.54,60.77,66.29950000000015,Average
4.99,1.93,91.23,63.49,61.81079999999994,Average
1.9,2.99,87.96,69.45,91.15055000000012,Excel
2.07,3.38,43.03,82.76,81.10440000000013,Excel
5.97,4.21,53.6,54.68,57.60095000000012,Struggle
2.24,2.62,67.47,69.82,71.80509999999983,Average
2.57,1.63,83.99,77.58,71.01539999999996,Average
1.08,1.0,3.88,80.85,74.55610000000016,Average
5.84,1.96,98.25,40.41,45.560199999999924,Struggle
6.15,4.37,39.79,77.56,74.43934999999989,Average
4.88,4.0,57.8,81.85,79.94025000000012,Excel
5.6,1.0,76.96,42.91,44.22869999999998,Struggle
3.92,1.8,57.53,54.3,54.42944999999997,Struggle
3.88,1.0,73.06,57.11,55.27730000000003,Struggle
3.54,2.64,77.24,82.05,74.97819999999987,Average
1.35,2.65,97.54,91.36,91.20165000000014,Excel
3.66,4.0,68.33,81.48,80.80744999999982,Excel
6.54,2.01,99.0,72.27,66.98840000000018,Average
1.25,3.6,3.76,83.98,84.51094999999975,Excel
2.48,2.45,62.12,69.95,70.4882500000001,Average
2.45,3.55,22.4,82.26,75.45575000000001,Excel
1.96,2.85,57.08,67.18,66.74405000000014,Average
6.64,1.0,72.65,52.46,48.13019999999993,Struggle
3.77,2.58,9.7,64.0,63.563000000000066,Average
3.99,1.23,48.87,72.0,58.35974999999997,Struggle
5.54,3.38,99.42,74.61,69.49075000000008,Average
2.41,2.45,83.51,85.38,82.50539999999975,Excel
3.75,1.88,87.99,82.58,64.27609999999999,Average
4.06,4.37,55.95,70.98,74.06600000000005,Average
4.14,1.08,73.66,67.76,64.34925000000015,Average
7.0,1.73,64.31,53.99,44.96089999999994,Struggle
5.57,2.6,94.7,62.6,61.09510000000013,Average
3.71,3.57,59.06,51.98,58.28639999999985,Struggle
6.26,1.0,72.94,36.43,38.396950000000054,Struggle
2.32,3.04,79.4,83.14,76.17529999999984,Excel
1.0,4.96,6.4,87.32,86.52739999999983,Excel
2.55,5.0,91.51,100.0,97.37329999999994,Excel
2.75,1.0,61.57,60.86,61.156700000000086,Average
3.59,3.38,6.56,62.78,64.88465000000016,Average
4.41,2.61,53.27,55.2,55.83735000000005,Struggle
6.44,1.08,76.4,42.86,44.81949999999993,Struggle
4.3,2.09,70.11,75.07,72.31354999999989,Average
3.73,1.8,51.47,51.42,51.40625,Struggle
1.0,1.44,62.62,91.7,76.38605000000001,Excel
1.36,3.55,4.95,100.0,91.7731,Excel
4.79,1.0,81.01,65.93,60.54575000000012,Average
3.92,5.0,92.83,88.4,85.73219999999988,Excel
6.23,4.38,75.84,54.65,68.2846999999999,Average
2.02,1.0,7.07,63.31,62.20864999999998,Average
1.43,2.87,8.49,91.81,77.16064999999999,Excel
4.17,3.45,82.67,90.18,82.0248500000001,Excel
2.46,1.46,74.66,58.16,63.28739999999993,Average
1.22,1.9,8.75,66.84,69.53635000000008,Average
5.71,1.8,84.73,51.25,50.2429,Struggle
2.14,1.15,99.4,73.97,74.04629999999982,Average
4.28,2.89,75.52,83.24,74.36424999999987,Average
2.77,4.03,66.83,78.91,78.58119999999987,Excel
2.33,1.49,64.34,73.01,70.70705000000007,Average
3.31,4.35,73.84,86.4,82.25964999999984,Excel
5.72,4.41,93.64,57.39,63.59634999999994,Average
3.51,2.06,19.96,52.54,56.27235000000018,Struggle
5.27,3.76,98.9,85.64,81.55519999999983,Excel
1.6,3.4,66.83,96.39,90.11809999999981,Excel
6.13,2.37,79.89,70.96,66.83969999999982,Average
2.56,2.85,66.83,76.1,74.51790000000014,Average
5.43,2.16,61.15,72.15,49.839049999999986,Struggle
4.7,2.52,63.82,52.82,55.558049999999895,Struggle
6.72,4.09,52.51,46.86,54.181400000000025,Struggle
3.66,5.0,73.76,86.91,85.46795000000002,Excel
1.19,1.96,52.87,68.79,67.68735000000021,Average
1.25,3.98,1.71,99.24,97.06575000000007,Excel
6.05,4.56,20.24,58.44,60.677800000000005,Average
4.27,1.0,59.97,48.74,51.52844999999989,Struggle
5.32,3.85,77.24,74.07,72.65264999999988,Average
2.19,1.47,66.83,69.46,71.90614999999984,Average
2.86,4.33,84.76,78.49,81.28934999999984,Excel
1.28,2.14,1.36,65.57,68.7770499999999,Average
7.0,5.0,88.85,77.09,73.66475000000013,Average
5.46,3.77,86.87,56.06,58.15559999999996,Struggle
6.33,1.0,94.59,52.19,50.25514999999995,Struggle
2.39,1.0,60.23,51.25,53.43325000000001,Struggle
4.21,5.0,92.94,90.13,87.40279999999983,Excel
4.97,1.85,65.05,62.98,60.037949999999846,Struggle
3.24,2.97,97.05,89.24,85.3127999999999,Excel
6.51,3.8,38.08,57.38,53.56004999999998,Struggle
6.42,2.7,70.8,55.37,47.16444999999997,Struggle
6.08,1.24,98.19,47.48,51.21384999999984,Struggle
5.15,2.24,4.26,54.02,58.66295000000007,Struggle
2.51,1.0,98.72,75.16,74.0400499999999,Average
2.99,3.91,54.29,90.26,77.08339999999988,Excel
6.93,2.19,60.93,65.62,56.9479000000001,Struggle
1.35,4.25,6.3,81.61,83.78700000000019,Excel
3.92,1.8,99.68,56.87,61.18343499999995,Average
5.0,3.14,74.43,69.38,69.23189999999981,Average
4.47,1.0,54.13,47.48,48.86154999999985,Struggle
6.45,1.8,84.72,43.28,44.65974999999997,Struggle
3.15,1.0,64.1,69.56,68.22364999999994,Average
3.39,4.03,89.17,81.67,81.43299999999999,Excel
1.74,4.95,61.21,84.78,84.19520000000011,Excel
3.23,3.06,65.15,55.13,62.55904999999988,Average
2.83,2.94,54.88,51.84,60.30840000000008,Struggle
2.61,2.87,44.92,69.54,71.90620000000027,Average
5.62,2.87,59.04,64.5,60.13345000000001,Struggle
6.55,2.87,62.87,40.47,49.371399999999966,Struggle
2.09,1.0,94.41,73.98,71.48025000000001,Average
3.56,2.79,66.34,82.24,76.64439999999989,Excel
6.75,3.82,78.33,78.5,72.58380000000002,Average
1.02,5.0,49.42,93.71,94.83624999999975,Excel
1.28,5.0,53.7,83.91,85.11019999999999,Excel
1.77,1.0,68.14,64.84,65.33835000000005,Average
4.19,1.8,70.4,47.22,48.705349999999946,Struggle
1.69,3.16,94.79,73.37,78.2594000000002,Excel
7.0,3.07,66.22,39.28,45.69434999999999,Struggle
3.42,3.83,68.96,86.4,80.58459999999985,Excel
4.35,3.16,89.14,87.25,81.89660000000002,Excel
2.45,3.7,58.89,88.54,85.53970000000028,Excel
3.65,1.54,89.91,61.26,62.88295000000009,Average
4.88,4.44,97.69,84.32,78.91034999999987,Excel
5.72,5.0,9.62,72.67,70.20345000000006,Average
5.54,1.0,70.38,40.23,41.61974999999982,Struggle
3.98,3.48,0.0,88.66,80.53909999999998,Excel
6.85,3.69,46.21,42.4,48.63539999999992,Struggle
5.47,2.12,63.89,42.86,46.81774999999999,Struggle
5.98,1.63,65.15,59.79,51.17709999999999,Struggle
1.0,2.62,61.19,84.65,79.94844999999985,Excel
1.31,2.18,3.01,65.26,70.08835000000008,Average
2.3,1.28,59.22,62.84,65.2039,Average
3.92,3.97,53.16,78.09,78.23425000000009,Excel
3.04,4.51,94.42,81.58,83.77949999999993,Excel
3.15,4.72,96.55,84.16,85.19139999999996,Excel
6.59,2.65,79.34,42.77,47.526600000000116,Struggle
6.76,1.0,58.19,47.17,42.959800000000065,Struggle
6.49,1.11,59.18,39.13,41.27765000000002,Struggle
2.73,1.0,95.08,66.96,65.4799999999998,Average
4.71,3.54,75.32,56.24,63.008399999999895,Average
2.81,1.0,53.36,53.83,54.32604999999997,Struggle
1.92,4.1,57.07,73.65,77.2118,Excel
1.67,3.11,41.69,72.09,72.89850000000007,Average
3.22,3.28,52.18,76.9,72.8315499999999,Average
3.57,1.8,65.46,52.8,54.09844999999992,Struggle
5.5,2.66,66.83,52.83,57.12984999999993,Struggle
1.33,1.0,61.8,53.56,56.86469999999994,Struggle
5.61,2.73,63.28,53.57,57.506899999999945,Struggle
3.75,2.02,99.72,55.4,62.32367499999986,Average
3.1,5.0,61.78,90.99,87.29604999999998,Excel
3.77,3.16,61.96,70.82,67.56879999999987,Average
2.39,1.96,84.34,74.64,73.0683999999999,Average
4.84,1.0,71.76,51.95,52.42420000000002,Struggle
3.62,3.17,69.35,68.95,66.76985,Average
1.8,5.0,0.0,95.13,92.03667833333324,Excel
1.61,1.8,67.01,62.1,62.80295000000014,Average
3.8,4.87,66.83,65.32,70.01384999999989,Average
6.57,3.26,66.48,65.54,55.33779999999996,Struggle
2.93,3.07,44.48,81.71,77.59079999999973,Excel
5.61,4.01,68.36,68.27,71.86365000000009,Average
5.08,5.0,83.64,77.25,77.83244999999997,Excel
6.74,2.87,61.85,63.67,59.369950000000024,Struggle
6.22,1.62,66.83,58.26,52.62204999999998,Struggle
4.53,1.28,67.37,67.74,62.495699999999914,Average
4.86,3.16,40.04,70.4,63.952899999999865,Average
6.28,5.0,77.89,65.47,67.3757999999999,Average
3.02,4.0,55.87,97.91,80.40079999999988,Excel
3.24,1.0,61.94,45.03,49.64285000000002,Struggle
1.32,2.22,0.19,81.34,74.707,Average
5.71,1.12,86.09,54.56,57.415949999999974,Struggle
6.17,1.0,61.7,40.42,41.87175000000002,Struggle
1.72,1.0,98.75,78.16,77.59004999999993,Excel
4.44,4.64,83.24,80.87,77.35310000000023,Excel
3.3,2.87,72.62,47.17,70.50475000000002,Average
1.59,4.77,66.83,86.74,87.24514999999994,Excel
7.0,1.77,76.66,60.08,55.86854999999995,Struggle
1.88,3.6,58.24,57.46,78.36000000000004,Excel
1.36,2.81,71.47,69.47,73.7871499999998,Average
5.06,2.52,70.44,64.2,63.5821500000001,Average
5.65,4.85,86.0,74.37,72.05920000000017,Average
1.24,5.0,8.89,87.23,88.58889999999987,Excel
4.98,4.21,91.09,83.96,80.25254999999969,Excel
3.73,5.0,66.31,82.42,81.65240000000013,Excel
2.08,4.13,72.2,81.45,78.76300000000016,Excel
2.47,2.63,66.83,94.65,72.16830000000004,Average
4.59,5.0,55.19,78.24,78.12944999999988,Excel
2.38,4.0,65.4,83.34,84.66265000000014,Excel
6.34,2.65,1.15,35.5,42.27550000000003,Struggle
5.59,3.86,65.29,70.63,69.97084999999983,Average
6.92,1.89,79.74,54.49,53.14419999999989,Struggle
2.27,3.19,32.32,81.89,80.12494999999988,Excel
7.0,2.31,86.28,43.45,48.23155000000003,Struggle
3.64,2.38,78.99,66.95,66.84385000000017,Average
2.61,1.09,57.29,56.87,58.3777500000001,Struggle
1.54,3.77,37.83,71.58,76.28449999999994,Excel
1.01,2.87,61.07,60.78,65.8820500000001,Average
5.47,4.02,69.52,75.52,71.60625000000019,Average
3.61,1.84,75.8,51.69,55.68589999999995,Struggle
2.2,2.05,75.34,68.71,71.02309999999977,Average
4.19,1.0,87.73,58.69,55.544050000000034,Struggle
3.01,4.16,59.46,77.13,74.81014999999981,Average
4.58,1.0,97.32,62.36,60.98500000000006,Average
3.08,1.04,67.14,55.43,57.67235000000008,Struggle
5.54,4.55,39.37,54.96,70.80229999999995,Average
6.12,5.0,60.82,65.33,66.46564999999991,Average
3.64,1.0,90.28,58.09,59.28800000000004,Struggle
3.59,3.3,68.92,58.65,62.62569999999988,Average
3.92,2.79,87.34,66.65,68.69044999999983,Average
6.07,3.89,65.66,84.74,76.63314999999984,Excel
3.44,4.19,88.34,74.34,74.8010500000001,Average
1.86,4.2,51.71,69.36,74.02045000000015,Average
1.29,1.0,91.37,71.48,72.01389999999977,Average
3.55,2.76,88.72,73.52,72.8507000000002,Average
3.46,1.0,83.46,52.67,56.65375000000004,Struggle
6.52,1.8,49.08,45.18,42.22295000000002,Struggle
1.89,2.67,98.97,77.99,83.18219999999985,Excel
3.65,1.59,71.56,62.83,63.410749999999986,Average
6.12,3.15,0.0,37.84,45.8992000000001,Struggle
5.82,2.75,34.53,64.72,62.5311999999999,Average
2.83,2.97,5.72,81.51,79.8512500000001,Excel
3.26,4.18,28.09,60.55,69.78599999999999,Average
2.52,5.0,79.34,75.05,79.9173999999998,Excel
6.59,5.0,65.48,65.51,66.87725000000005,Average
1.67,5.0,46.81,90.98,94.06494999999997,Excel
6.69,2.65,60.0,58.6,55.1505500000001,Struggle
5.37,3.75,66.83,73.94,71.77100000000004,Average
3.92,2.31,95.01,55.26,60.53555000000009,Average
3.92,1.05,2.27,71.04,62.7685500000002,Average
4.15,2.92,92.01,66.64,69.14744999999999,Average
3.28,3.24,91.43,65.13,68.29419999999978,Average
1.76,1.71,66.1,68.46,70.06799999999976,Average
5.2,1.8,64.94,43.84,46.080050000000035,Struggle
7.0,5.0,65.25,55.01,67.62269999999988,Average
4.78,2.87,90.57,64.58,66.4263,Average
4.93,3.92,91.58,68.71,70.86484999999976,Average
1.41,3.19,44.48,68.47,72.55129999999987,Average
3.1,2.36,79.63,58.72,62.25279999999987,Average
2.16,4.93,2.45,81.73,83.46294999999985,Excel
4.4,2.94,73.44,82.38,76.14844999999983,Excel
6.33,1.8,40.28,49.71,37.11840000000004,Struggle
5.36,1.0,57.94,45.98,46.823149999999806,Struggle
1.93,5.0,97.38,97.89,95.94284999999971,Excel
3.33,2.87,62.23,61.64,63.91964999999991,Average
3.92,5.0,98.61,86.8,86.29179999999991,Excel
3.41,2.87,58.98,64.77,66.5687000000002,Average
6.32,2.43,60.68,51.22,51.51500000000001,Struggle
5.96,3.04,11.13,41.54,51.518650000000086,Struggle
4.3,1.99,86.24,60.15,61.50279999999987,Average
2.91,3.02,46.8,63.65,68.67444999999984,Average
3.92,2.87,58.9,88.26,79.50610000000005,Excel
1.67,4.7,60.32,90.79,89.12845000000027,Excel
3.34,2.68,64.96,75.99,73.62634999999993,Average
3.35,2.87,0.0,71.76,72.1955000000001,Average
5.08,2.87,66.83,54.31,58.17085000000001,Struggle
5.43,3.27,54.55,62.52,60.73470000000017,Average
1.25,2.64,63.16,72.17,84.66070000000012,Excel
3.54,3.13,68.57,77.17,72.26615,Average
1.76,1.24,92.59,72.35,73.28045000000016,Average
1.56,3.37,89.63,88.65,85.84075000000001,Excel
6.24,4.33,72.14,72.63,71.17949999999985,Average
1.59,1.0,9.29,78.46,73.64899999999975,Average
3.69,1.0,78.43,55.57,56.42704999999991,Struggle
1.67,1.06,3.82,79.55,75.6081499999998,Excel
6.02,1.38,62.59,48.72,49.90734999999995,Struggle
4.75,1.69,84.17,74.62,71.14105000000022,Average
2.18,4.6,43.33,96.27,93.67515000000022,Excel
4.33,1.94,80.9,69.48,65.8816499999998,Average
5.18,2.66,84.15,57.09,56.37980000000009,Struggle
7.0,1.62,69.23,55.32,54.85714999999989,Struggle
2.73,1.0,93.45,61.15,62.27659999999986,Average
5.86,1.81,58.12,41.63,42.551200000000044,Struggle
3.92,3.68,94.19,78.46,77.72894999999978,Excel
6.17,3.48,67.11,56.03,54.11420000000009,Struggle
4.53,1.85,16.45,36.66,55.13985000000002,Struggle
4.74,1.62,49.4,51.6,52.77510000000016,Struggle
3.5,2.73,68.8,79.04,68.55745,Average
5.34,4.86,90.77,72.23,72.85559999999981,Average
4.27,5.0,71.54,79.6,77.58525000000017,Excel
4.73,2.97,8.87,59.26,56.31110000000012,Struggle
3.09,5.0,65.41,87.27,85.95355000000018,Excel
5.46,3.01,60.47,59.96,49.51875000000001,Struggle
5.97,4.59,37.71,61.97,62.8248499999999,Average
2.07,3.19,80.34,86.83,83.66690000000004,Excel
6.15,1.8,82.85,47.18,47.51875000000009,Struggle
4.64,2.85,78.91,88.02,62.363050000000094,Average
6.03,1.8,99.4,45.04,48.192300000000074,Struggle
3.1,1.82,84.55,58.05,61.191599999999944,Average
3.4,4.0,5.58,92.08,88.00499999999998,Excel
6.67,3.27,55.9,58.47,58.35479999999993,Struggle
2.53,5.0,6.23,84.61,86.47460000000018,Excel
6.26,2.86,65.55,58.23,56.57644999999986,Struggle
3.72,3.31,56.83,58.1,60.26800000000009,Struggle
3.73,4.0,76.29,82.43,83.45715000000011,Excel
3.01,1.0,48.43,56.81,57.636999999999965,Struggle
4.19,5.0,78.75,82.74,81.23764999999995,Excel
2.91,1.0,87.26,67.38,65.3221999999999,Average
1.23,5.0,7.17,100.0,97.44064999999992,Excel
2.61,1.8,93.91,64.29,63.76615000000016,Average
3.92,2.32,7.63,75.17,65.86120000000007,Average
3.92,2.87,66.93,70.31,67.19624999999996,Average
7.0,2.69,62.79,45.39,49.66375000000004,Struggle
3.59,3.79,38.07,77.68,72.72740000000007,Average
5.3,5.0,54.64,77.25,75.30489999999996,Excel
2.76,3.75,77.66,80.55,79.47474999999983,Excel
4.61,5.0,61.36,78.56,78.1510999999999,Excel
6.0,1.79,57.38,57.75,54.53909999999999,Struggle
6.5,3.29,53.06,47.44,49.28494999999995,Struggle
3.13,1.0,51.05,40.91,58.34985,Struggle
5.58,1.0,66.83,48.89,47.30160000000003,Struggle
2.69,2.37,94.51,67.82,75.44229999999992,Excel
7.0,3.03,76.02,55.32,57.81909999999985,Struggle
1.3,1.0,2.01,68.73,69.5040499999998,Average
4.98,1.96,62.68,46.54,50.499300000000076,Struggle
4.68,1.0,62.17,42.59,44.54445000000007,Struggle
5.27,4.13,54.99,73.76,69.32570000000008,Average
1.32,4.17,90.86,86.84,87.79430000000008,Excel
6.68,1.43,54.33,42.73,45.17794999999985,Struggle
2.17,4.0,31.52,87.37,89.99330000000015,Excel
4.46,2.88,5.57,44.64,49.47795000000001,Struggle
2.23,4.72,89.07,94.77,85.72970000000004,Excel
3.17,5.0,51.96,69.67,75.63314999999982,Excel
3.93,1.8,65.42,48.5,50.034099999999974,Struggle
3.43,3.52,48.15,77.16,75.92244999999993,Excel
2.39,3.05,70.48,91.02,67.03444999999992,Average
2.03,3.52,64.11,69.96,72.43484999999983,Average
3.92,5.0,43.05,85.25,84.1697,Excel
5.87,1.0,89.89,49.5,48.60065,Struggle
6.09,2.92,98.7,57.41,57.74459999999993,Struggle
3.92,1.17,67.4,61.64,61.32884999999996,Average
3.62,1.8,51.96,50.3,51.055949999999974,Struggle
1.85,2.75,51.83,61.54,64.7169000000002,Average
1.0,5.0,2.34,100.0,97.17685000000002,Excel
4.79,1.0,77.62,44.14,47.491600000000034,Struggle
4.51,2.51,89.18,63.7,67.83565000000016,Average
2.31,4.73,84.87,78.73,84.51144999999995,Excel
2.32,5.0,75.08,95.87,89.05344999999996,Excel
1.57,5.0,5.21,100.0,96.62459999999993,Excel
6.51,4.81,89.42,70.74,70.24914999999984,Average
7.0,5.0,73.76,73.8,71.61384999999987,Average
1.98,4.95,40.95,91.94,89.43310000000005,Excel
2.28,3.85,75.35,92.93,88.10560000000014,Excel
5.78,3.63,66.83,64.41,65.85369999999986,Average
6.63,2.87,80.51,36.19,42.140899999999874,Struggle
3.38,2.41,29.54,60.21,63.77754999999975,Average
1.15,4.39,66.83,91.5,90.68220000000005,Excel
1.43,1.0,1.72,71.82,71.28579999999985,Average
4.4,1.09,81.01,54.82,56.649749999999955,Struggle
3.61,2.31,26.72,68.66,67.02924999999992,Average
1.07,2.87,0.0,100.0,91.81154999999994,Excel
4.15,1.0,6.69,43.29,46.91335000000004,Struggle
1.03,3.88,3.21,100.0,98.6165,Excel
3.92,5.0,74.4,71.67,76.74955000000008,Excel
3.14,4.66,61.25,84.29,82.28465000000025,Excel
1.0,2.72,1.6,87.04,83.05380000000025,Excel
4.42,2.05,52.22,76.98,70.2978999999999,Average
3.82,1.08,60.73,67.29,62.370750000000236,Average
6.46,1.8,99.48,49.0,47.78109999999999,Struggle
4.02,3.98,76.69,64.8,83.39020000000001,Excel
2.41,4.86,64.45,77.93,79.15000000000013,Excel
3.92,4.0,82.88,74.83,81.46880000000012,Excel
2.54,3.96,63.76,86.09,85.09755000000008,Excel
6.01,1.0,8.86,52.43,51.47090000000009,Struggle
3.92,2.87,65.41,68.53,66.2438500000002,Average
3.9,2.13,0.63,63.75,66.31445000000004,Average
1.41,2.64,80.26,58.88,64.37039999999988,Average
3.57,3.4,69.33,66.64,67.92074999999993,Average
5.98,1.8,53.64,40.23,41.19254999999992,Struggle
5.4,5.0,30.62,67.39,67.9033999999999,Average
2.49,3.63,86.87,67.65,74.59499999999989,Average
2.29,2.94,82.75,68.05,73.92344999999979,Average
5.81,3.84,59.71,71.84,66.75445000000009,Average
6.68,4.12,38.54,49.47,52.50064999999993,Struggle
1.68,1.0,63.17,56.54,59.31435000000016,Struggle
3.22,1.94,80.67,66.61,67.05855000000011,Average
2.65,1.28,34.99,50.87,57.88850000000011,Struggle
5.96,1.8,65.45,40.62,43.686649999999965,Struggle
1.68,1.0,66.83,57.06,60.71844999999998,Average
2.35,4.97,70.45,77.26,79.07190000000014,Excel
5.77,1.56,59.78,45.07,56.984600000000036,Struggle
1.55,3.24,98.13,86.58,89.00855000000007,Excel
3.92,2.45,57.73,79.18,73.62940000000008,Average
3.53,2.5,95.67,75.21,71.91799999999971,Average
2.86,2.66,71.42,90.48,79.41404999999978,Excel
3.7,1.0,0.67,66.93,61.16775000000005,Average
3.92,1.6,22.24,61.14,63.29474999999996,Average
1.93,3.0,81.79,92.53,76.10425000000002,Excel
4.12,1.09,84.28,51.37,55.187850000000125,Struggle
6.24,2.16,73.38,41.83,43.10144999999999,Struggle
5.47,4.41,66.83,61.73,64.5657499999998,Average
1.63,2.87,95.93,86.85,89.52334999999981,Excel
2.09,5.0,99.02,95.18,95.72470000000015,Excel
2.35,5.0,71.55,93.13,91.50414999999988,Excel
3.61,1.0,66.83,72.0,67.68795000000001,Average
3.32,4.99,72.51,70.74,75.6994499999999,Excel
5.24,2.8,66.09,61.6,62.224050000000176,Average
1.19,3.93,53.87,90.63,89.33329999999992,Excel
1.52,5.0,2.05,89.92,90.08319999999985,Excel
3.75,5.0,90.92,92.77,89.44214999999993,Excel
5.47,2.82,50.85,48.64,50.89114999999999,Struggle
2.51,4.89,79.11,84.19,84.07755000000009,Excel
4.45,1.06,71.04,62.83,59.818749999999945,Struggle
2.98,1.0,60.88,58.83,57.760399999999954,Struggle
6.44,3.78,7.02,72.56,66.49024999999992,Average
6.74,1.0,88.61,43.97,44.03645000000004,Struggle
2.96,5.0,62.75,92.28,89.41360000000012,Excel
2.08,1.0,0.0,59.67,61.99029999999999,Average
3.58,3.28,30.79,84.55,76.67699999999984,Excel
2.03,2.9,69.63,61.45,66.9483000000002,Average
5.23,3.2,93.71,60.0,72.55044999999988,Average
5.87,2.67,80.92,45.6,52.02290000000003,Struggle
4.69,4.94,70.3,66.71,69.30819999999983,Average
6.43,1.0,76.72,48.7,46.29724999999998,Struggle
3.78,1.63,97.7,80.53,75.93565000000017,Excel
2.33,2.87,55.66,56.39,60.82699999999994,Average
3.92,2.86,60.39,40.63,49.31454999999998,Struggle
3.92,1.8,98.13,66.39,65.9257124999999,Average
5.19,2.48,97.87,62.4,66.27959999999986,Average
2.23,2.87,35.45,81.15,78.12274999999981,Excel
1.89,5.0,57.26,88.06,89.09309999999998,Excel
7.0,2.78,71.05,36.41,40.55259999999993,Struggle
2.19,4.1,52.49,71.89,73.11854999999989,Average
7.0,5.0,82.75,64.67,67.28425000000004,Average
6.91,1.96,53.87,34.38,34.67825000000004,Struggle
3.92,3.44,27.09,49.13,52.81014999999996,Struggle
5.43,2.1,46.35,62.31,54.205900000000014,Struggle
4.43,1.8,64.05,52.88,52.97099999999997,Struggle
6.34,1.0,71.34,38.44,39.34724999999989,Struggle
2.61,1.41,67.82,60.04,62.2988000000002,Average
3.95,3.31,99.9,84.36,84.36830000000018,Excel
4.94,1.0,66.83,47.14,46.51310000000004,Struggle
3.59,1.0,68.76,60.56,59.60989999999999,Struggle
3.57,3.15,69.29,65.63,66.60764999999986,Average
2.78,1.0,59.75,51.64,59.32165000000002,Struggle
4.53,2.57,43.63,52.88,67.19469999999994,Average
6.51,5.0,71.94,67.61,68.10014999999994,Average
1.72,1.0,63.54,55.92,61.654650000000046,Average
6.24,4.41,58.03,56.11,59.344799999999985,Struggle
4.75,2.34,65.56,58.79,62.20210000000018,Average
6.36,2.87,75.43,65.77,60.357300000000144,Struggle
4.5,4.15,52.92,67.6,67.46295000000015,Average
6.13,1.0,57.69,46.35,46.708550000000066,Struggle
1.18,5.0,7.89,100.0,98.70364999999997,Excel
5.87,2.77,77.14,56.57,57.885899999999886,Struggle
1.53,5.0,1.67,84.14,86.33829999999985,Excel
6.0,2.87,84.65,57.86,58.633850000000066,Struggle
6.83,4.0,53.09,68.44,65.36260000000013,Average
2.73,3.08,86.94,85.2,85.11380000000014,Excel
2.06,5.0,4.34,100.0,96.68946666666675,Excel
5.46,3.86,82.55,63.23,62.92599999999981,Average
3.92,1.89,66.83,73.38,69.85129999999984,Average
5.89,3.82,29.49,60.59,64.19350000000003,Average
1.46,4.32,86.34,100.0,97.68894999999999,Excel
2.06,4.0,3.52,91.91,89.78644999999993,Excel
6.55,3.9,66.98,46.63,63.01180000000004,Average
4.89,4.99,97.14,76.13,76.4920999999998,Excel
5.64,3.44,75.14,47.82,54.92049999999989,Struggle
3.01,1.18,98.37,86.03,80.62290000000016,Excel
5.17,1.0,54.45,43.23,41.79459999999995,Struggle
4.94,3.99,73.88,56.59,63.972600000000064,Average
4.94,4.53,53.12,76.6,70.75650000000022,Average
4.89,1.0,81.51,53.92,52.85990000000001,Struggle
3.92,5.0,14.7,61.0,70.71184999999996,Average
3.23,1.37,58.77,67.52,60.58595,Average
3.13,1.8,62.94,51.94,52.40505,Struggle
5.78,1.3,87.44,56.15,55.81679999999985,Struggle
1.9,3.05,2.78,73.56,74.01459999999992,Average
4.79,1.0,92.33,58.89,54.897750000000016,Struggle
2.39,5.0,56.6,81.11,88.14864999999996,Excel
3.92,5.0,51.76,76.35,78.23095000000016,Excel
5.78,1.66,69.75,50.98,50.758999999999844,Struggle
2.38,1.0,98.97,68.86,68.30744999999983,Average
1.47,1.82,31.01,74.8,70.63179999999988,Average
1.75,2.99,55.09,85.05,79.72104999999978,Excel
4.4,1.0,49.68,57.67,53.59680000000005,Struggle
6.19,1.0,33.7,31.63,36.46870000000007,Struggle
3.92,2.16,0.28,86.04,76.59490000000032,Excel
5.27,4.63,60.0,72.87,69.59690000000013,Average
3.05,2.37,73.0,65.01,69.0601500000001,Average
4.21,1.68,63.26,66.16,59.281300000000016,Struggle
6.22,2.88,35.63,72.75,64.97875000000005,Average
3.04,2.78,88.45,87.95,82.12645000000013,Excel
3.64,3.68,67.21,78.23,78.22879999999982,Excel
1.28,1.25,6.29,89.23,81.90099999999977,Excel
1.01,3.9,96.42,100.0,97.65680000000002,Excel
2.72,2.87,27.11,81.89,73.72639999999997,Average
1.0,5.0,9.76,92.45,88.58745000000016,Excel
4.35,2.8,80.69,73.11,66.60284999999995,Average
3.78,2.94,81.06,81.85,75.37975000000019,Excel
4.43,2.96,52.33,53.75,54.840650000000004,Struggle
2.44,1.21,80.39,74.46,72.91259999999978,Average
2.8,3.93,68.72,78.8,78.12999999999984,Excel
5.01,2.99,54.94,62.25,60.47880000000002,Struggle
7.0,3.05,90.41,65.05,61.6669499999999,Average
1.12,3.6,77.61,72.71,77.18784999999976,Excel
5.88,4.07,50.09,57.89,58.757949999999994,Struggle
4.19,2.24,56.47,54.83,59.93274999999998,Struggle
4.12,4.0,60.39,83.02,78.01185000000014,Excel
3.92,1.41,62.45,71.01,67.38135000000014,Average
1.86,2.55,73.23,70.52,75.03319999999988,Average
1.84,4.77,98.29,84.35,94.07754999999997,Excel
5.05,2.93,64.91,53.79,58.38225000000018,Struggle
3.55,3.09,21.52,60.83,67.63800000000012,Average
6.43,2.21,60.54,49.22,48.796449999999986,Struggle
3.17,1.0,77.94,51.65,54.71064999999989,Struggle
1.92,3.94,97.49,100.0,96.556,Excel
5.67,2.73,80.43,47.95,52.01305000000004,Struggle
2.73,1.65,42.34,73.74,71.53019999999991,Average
3.92,2.28,81.93,65.49,65.6511499999999,Average
4.82,5.0,58.16,67.22,71.62575000000022,Average
6.32,2.22,2.34,51.83,47.55630000000005,Struggle
5.64,5.0,26.27,61.8,65.01494999999991,Average
4.91,4.72,81.73,72.59,71.25590000000011,Average
5.47,5.0,71.51,73.4,72.75034999999984,Average
6.24,2.26,50.93,27.8,38.64395000000006,Struggle
3.24,1.63,76.99,79.46,75.4714999999998,Excel
1.0,1.92,3.31,80.29,78.83275000000032,Excel
3.08,1.0,18.31,54.61,53.346500000000006,Struggle
3.92,3.46,98.28,78.61,78.46685000000008,Excel
5.17,3.53,54.81,49.86,62.87390000000011,Average
4.49,3.67,66.59,70.16,68.19989999999991,Average
4.71,4.62,19.32,66.28,67.17390000000016,Average
1.48,2.04,1.19,69.43,71.21490000000013,Average
5.01,1.26,78.54,53.78,55.4393500000001,Struggle
2.57,1.0,79.64,53.76,58.654950000000106,Struggle
4.79,4.55,88.76,70.18,71.4878000000001,Average
4.0,2.27,80.77,66.72,67.16319999999988,Average
2.67,1.4,47.54,64.27,72.97055000000003,Average
1.99,3.62,95.62,89.81,87.62659999999997,Excel
1.28,2.15,72.61,79.63,77.80639999999975,Excel
6.16,1.88,4.42,53.47,51.520349999999944,Struggle
6.87,2.05,58.09,51.67,51.19885000000003,Struggle
5.05,4.35,70.0,62.0,63.484400000000015,Average
1.24,1.64,85.64,93.2,87.14340000000021,Excel
3.48,2.96,52.13,58.42,61.89765000000002,Average
5.26,1.0,56.45,45.32,46.532749999999886,Struggle
5.52,2.43,55.31,38.09,52.50299999999996,Struggle
1.53,3.36,79.26,87.48,84.29819999999981,Excel
1.43,5.0,5.7,90.22,94.95649999999999,Excel
5.51,1.0,58.31,55.71,50.6197999999999,Struggle
2.77,1.0,79.64,56.61,59.22610000000002,Struggle
2.51,2.87,88.07,87.33,82.70354999999996,Excel
1.0,5.0,9.06,92.79,91.72270000000034,Excel
4.72,2.52,78.91,83.62,77.19620000000023,Excel
6.59,3.23,23.88,55.82,55.590299999999914,Struggle
6.57,3.44,60.94,70.7,63.924200000000084,Average
4.24,1.0,45.55,42.92,47.62340000000005,Struggle
4.19,1.0,99.88,63.04,61.170400000000164,Average
1.49,1.0,98.93,74.55,75.39029999999991,Excel
4.0,2.85,88.94,79.64,77.00879999999988,Excel
3.44,1.08,51.0,47.42,52.40130000000003,Struggle
4.47,1.99,77.17,60.97,61.219199999999915,Average
3.48,4.49,54.34,60.55,65.3342999999999,Average
2.32,3.04,94.76,71.15,72.20489999999981,Average
1.77,2.87,89.48,98.68,94.01075000000019,Excel
3.06,2.87,64.22,69.25,70.38200000000002,Average
1.59,4.01,80.42,74.93,82.0688000000001,Excel
2.26,5.0,76.11,84.79,89.214,Excel
6.88,1.92,49.57,33.78,40.19544999999996,Struggle
3.28,5.0,69.32,71.02,75.61680000000025,Excel
3.92,5.0,66.83,81.29,79.11815500000012,Excel
5.99,3.73,81.77,72.3,70.96099999999986,Average
6.53,5.0,65.39,74.07,70.39144999999988,Average
4.71,3.08,79.79,61.17,61.49805000000003,Average
5.74,3.15,92.86,64.29,62.36940000000017,Average
2.55,1.0,93.14,57.0,61.9295,Average
3.15,2.83,75.94,64.56,66.35699999999993,Average
3.6,2.18,67.37,47.45,54.05280000000004,Struggle
4.99,1.0,2.95,57.87,47.835449999999966,Struggle
4.84,4.3,72.29,78.77,72.82525000000018,Average
2.54,2.19,54.07,58.96,63.704199999999815,Average
1.76,4.85,0.0,79.05,83.14878333333314,Excel
5.18,1.0,0.0,72.55,47.81779999999995,Struggle
1.46,4.44,14.97,69.99,76.64179999999992,Excel
4.54,3.88,51.4,91.86,82.92740000000012,Excel
5.62,3.78,70.46,55.19,58.864950000000015,Struggle
5.34,2.51,82.44,70.92,66.32155000000006,Average
5.46,1.0,78.49,59.27,47.73775000000004,Struggle
6.46,2.04,85.38,45.54,56.00239999999996,Struggle
4.32,1.96,71.47,61.97,64.06529999999982,Average
5.47,5.0,54.57,64.77,70.57295000000005,Average
5.09,1.0,98.12,51.16,56.08835000000002,Struggle
3.92,1.08,71.62,63.02,62.81915000000023,Average
1.48,2.41,0.0,69.6,73.78600000000013,Average
3.16,3.86,76.57,89.12,86.43175000000018,Excel
3.66,5.0,52.73,69.46,73.3067499999998,Average
4.81,4.86,97.64,69.66,71.44759999999997,Average
6.21,2.67,89.63,58.05,56.644549999999924,Struggle
2.46,5.0,21.1,87.81,88.16685000000001,Excel
2.07,4.87,0.34,100.0,83.91191666666657,Excel
6.31,4.05,66.83,68.51,68.55010000000013,Average
1.88,3.25,73.62,95.48,87.74399999999986,Excel
4.15,4.37,80.57,72.96,79.03095000000005,Excel
4.71,1.0,55.34,59.29,54.772150000000146,Struggle
4.46,5.0,78.02,84.11,83.74000000000018,Excel
1.06,3.7,53.68,88.24,87.26484999999991,Excel
1.28,1.8,77.24,57.74,59.45579999999987,Struggle
1.95,2.81,40.3,60.89,73.92170000000004,Average
4.94,5.0,93.72,84.32,84.46924999999986,Excel
4.0,1.91,86.25,64.63,63.81319999999986,Average
2.48,4.0,62.48,91.18,88.57660000000016,Excel
5.13,2.36,94.42,67.13,68.96634999999985,Average
6.17,1.28,78.66,46.06,47.94350000000008,Struggle
1.37,1.0,6.23,63.45,76.5722500000001,Excel
3.51,1.43,58.45,44.62,59.81674999999998,Struggle
5.36,3.6,92.89,60.19,61.744850000000014,Average
2.78,2.75,96.55,81.51,81.49960000000011,Excel
3.07,4.61,65.99,87.29,79.68295,Excel
3.92,4.75,97.04,93.01,86.77380000000008,Excel
6.32,3.57,65.11,49.38,55.12554999999993,Struggle
6.35,1.07,72.63,60.76,54.510200000000125,Struggle
4.77,2.89,74.44,68.68,67.17575000000006,Average
5.46,3.96,58.2,56.7,58.013150000000095,Struggle
3.62,2.07,83.44,78.05,74.94949999999987,Average
5.26,1.0,66.83,45.79,47.39110142857141,Struggle
4.11,2.61,64.35,42.58,63.907400000000024,Average
2.2,1.8,24.81,50.32,57.635499999999965,Struggle
5.24,2.21,59.99,43.49,50.81589999999996,Struggle
4.17,1.82,47.71,73.25,67.01075,Average
2.9,3.42,58.38,54.01,61.48600000000014,Average
6.48,3.58,59.7,66.28,61.41510000000012,Average
1.21,5.0,3.15,97.82,96.71654999999988,Excel
2.63,3.9,98.09,96.37,93.26965000000011,Excel
1.76,4.0,88.21,100.0,99.09584999999998,Excel
5.66,1.09,65.99,45.62,46.963150000000034,Struggle
5.24,2.04,97.58,67.51,67.23575000000014,Average
2.93,1.0,3.33,61.74,55.00455000000004,Struggle
4.61,5.0,72.77,70.51,74.6241500000001,Average
3.76,3.55,73.42,84.56,80.31889999999991,Excel
3.92,2.41,70.54,71.42,70.98660000000007,Average
3.87,1.0,61.65,60.01,57.73085000000012,Struggle
3.58,4.83,69.33,83.73,81.36004999999977,Excel
6.69,1.19,0.0,34.5,38.78025,Struggle
2.54,1.0,37.2,58.4,57.35499999999988,Struggle
1.4,5.0,88.09,89.67,92.11724999999996,Excel
4.29,1.7,2.61,63.23,59.04780000000011,Struggle
6.84,2.98,51.0,80.59,68.51370000000009,Average
3.56,2.19,78.9,55.23,60.67429999999988,Average
1.3,2.42,70.08,100.0,92.44289999999997,Excel
2.74,1.0,69.26,67.28,60.677199999999836,Average
3.63,4.11,95.06,82.82,82.64294999999993,Excel
2.13,4.0,91.03,93.32,93.43824999999995,Excel
4.87,5.0,51.54,79.83,76.46329999999989,Excel
6.62,1.19,82.73,45.74,49.0810999999999,Struggle
3.88,3.8,54.23,79.45,77.4720000000002,Excel
2.84,1.41,97.51,63.81,70.10384999999992,Average
3.41,2.93,55.35,50.01,55.408350000000134,Struggle
1.5,2.53,78.16,74.75,75.34105000000001,Excel
6.73,4.0,66.5,61.74,64.04264999999991,Average
3.22,2.69,66.83,67.79,69.38120000000022,Average
3.24,5.0,80.51,85.24,84.85374999999993,Excel
5.42,1.92,0.01,73.63,67.00199999999984,Average
3.47,1.0,66.83,53.35,57.98165000000014,Struggle
5.03,3.8,99.39,88.47,84.09834999999984,Excel
1.19,2.84,79.64,61.79,66.67465000000021,Average
5.49,5.0,58.03,72.68,71.0931500000001,Average
6.77,3.02,59.5,38.58,57.24040000000003,Struggle
5.31,4.6,85.81,61.49,63.68759999999985,Average
6.68,2.49,52.52,43.48,48.97244999999999,Struggle
2.04,1.0,36.22,69.42,68.47200000000004,Average
3.97,2.23,57.41,58.56,60.50044999999994,Struggle
4.53,1.0,71.66,49.69,51.736450000000005,Struggle
3.92,1.0,87.5,52.17,56.287050000000065,Struggle
3.17,3.35,72.94,57.18,65.19550000000018,Average
2.91,2.76,20.67,63.97,68.89064999999981,Average
1.7,3.19,2.88,88.36,83.85150000000009,Excel
3.71,4.08,68.38,72.39,71.60604999999985,Average
1.83,2.57,20.03,84.5,80.94210000000001,Excel
5.55,1.55,79.22,62.9,61.8712999999999,Average
1.96,3.56,0.9,88.01,85.61125000000006,Excel
1.1,3.47,53.11,81.74,81.3056999999999,Excel
4.46,1.8,70.12,65.91,60.44854999999995,Struggle
4.83,4.56,70.7,68.56,67.95409999999997,Average
6.19,1.0,66.69,38.19,40.218349999999894,Struggle
4.3,4.0,77.89,76.65,78.63494999999976,Excel
3.48,3.91,67.3,78.86,76.31675,Excel
5.46,1.0,0.0,48.51,49.773800000000094,Struggle
4.46,2.87,66.59,84.72,75.44564999999984,Excel
1.67,2.87,58.11,53.74,63.069999999999894,Average
4.59,1.8,80.96,58.98,57.49579999999986,Struggle
6.89,1.06,75.28,39.71,42.75314999999998,Struggle
3.61,3.12,65.25,77.36,65.99820000000004,Average
2.58,3.02,86.38,90.98,88.16214999999978,Excel
1.71,5.0,55.13,91.56,90.60180000000003,Excel
1.8,1.0,66.83,59.29,61.22190000000015,Average
3.13,3.8,49.23,71.97,72.51574999999984,Average
4.98,4.62,90.11,76.91,75.6338499999999,Excel
1.05,1.42,98.63,76.87,77.40965000000023,Excel
6.84,2.6,81.47,60.19,57.36970000000004,Struggle
5.76,2.14,3.33,44.23,52.362350000000035,Struggle
4.86,1.8,12.31,48.51,49.051200000000115,Struggle
6.02,2.7,43.94,60.35,58.84975000000015,Struggle
1.71,3.41,29.76,80.58,80.23269999999997,Excel
3.66,3.18,54.71,44.77,51.3126500000002,Struggle
5.03,3.34,1.28,53.24,57.925149999999896,Struggle
5.81,1.0,56.3,45.34,44.117400000000046,Struggle
6.1,1.0,34.74,46.42,42.58150000000004,Struggle
2.32,1.0,83.51,61.71,63.30804999999984,Average
6.47,4.18,74.49,50.88,56.3995999999999,Struggle
1.75,4.42,71.85,79.28,80.28810000000018,Excel
6.53,2.55,64.51,51.9,52.68849999999995,Struggle
7.0,3.9,69.13,64.32,63.16129999999991,Average
1.77,2.88,67.49,83.62,79.4107500000002,Excel
4.97,1.8,82.31,44.89,48.17865000000004,Struggle
1.04,1.0,66.83,53.55,59.60914999999986,Struggle
3.41,4.0,54.63,77.47,79.23054999999987,Excel
4.14,2.92,83.0,52.25,57.566099999999985,Struggle
4.41,3.19,77.31,53.12,56.108600000000116,Struggle
6.78,1.8,71.51,29.27,44.380550000000014,Struggle
4.96,2.51,57.62,64.35,58.897800000000146,Struggle
4.34,1.33,7.06,72.14,68.21974999999998,Average
5.62,4.0,60.91,81.49,77.8897999999999,Excel
6.83,4.35,94.48,73.78,68.84650000000016,Average
1.24,1.0,0.91,84.71,70.52039999999992,Average
6.68,1.49,53.0,44.15,45.82784999999987,Struggle
1.43,1.0,83.52,79.19,76.7272500000001,Excel
5.76,1.0,62.05,38.98,41.90535000000004,Struggle
2.35,3.15,31.88,60.9,65.89804999999984,Average
1.77,1.8,59.79,55.16,57.932499999999926,Struggle
3.53,1.0,88.79,57.15,58.50184999999988,Struggle
4.54,1.8,82.43,54.68,54.087750000000085,Struggle
3.24,1.23,80.59,64.44,65.08880000000005,Average
1.25,5.0,83.4,100.0,98.24075,Excel
4.23,3.11,0.0,60.35,62.83965000000016,Average
6.04,5.0,72.23,77.78,67.62335000000023,Average
3.45,3.29,44.3,68.42,66.77460000000002,Average
2.51,3.63,81.83,80.39,77.86954999999998,Excel
3.92,3.1,89.59,61.6,65.34150000000011,Average
1.0,2.53,6.79,66.46,85.85105,Excel
5.54,3.17,88.52,46.78,58.69064999999995,Struggle
5.51,4.58,66.83,74.65,67.25519999999989,Average
4.56,2.95,55.49,89.34,58.91870000000001,Struggle
3.24,2.78,42.08,50.31,68.87904999999995,Average
5.7,3.2,97.43,48.28,54.01805000000004,Struggle
4.63,3.49,58.97,59.97,61.094649999999966,Average
6.15,1.8,83.75,48.04,48.547300000000085,Struggle
3.92,1.46,78.83,56.64,60.69814999999991,Average
5.35,1.32,58.64,39.08,49.72254999999998,Struggle
4.15,4.43,53.3,55.94,62.133700000000054,Average
3.25,1.09,59.73,67.4,63.53129999999988,Average
6.27,1.0,57.87,37.74,38.59169999999992,Struggle
4.68,1.18,59.33,46.22,48.12735,Struggle
3.92,4.31,98.92,69.68,73.83770000000014,Average
2.37,5.0,85.86,100.0,96.53520000000005,Excel
4.57,2.12,62.52,57.1,56.60660000000014,Struggle
4.18,4.31,47.95,81.22,76.72634999999985,Excel
1.76,3.37,76.71,89.59,87.15290000000003,Excel
1.18,2.81,92.22,99.99,95.01295000000002,Excel
4.75,4.96,86.47,77.76,76.21685000000011,Excel
6.05,1.64,91.59,66.66,58.51124999999992,Struggle
4.2,5.0,60.58,79.8,78.75804999999976,Excel
2.39,2.1,82.01,63.87,66.22775000000014,Average
4.54,3.65,52.01,53.28,57.539350000000134,Struggle
1.82,5.0,53.45,90.83,89.02369999999998,Excel
3.19,4.88,85.68,79.43,83.84924999999997,Excel
2.39,4.65,51.22,92.48,87.94219999999983,Excel
2.15,2.12,78.99,93.12,86.19495000000018,Excel
1.88,4.0,92.02,94.22,93.85125000000002,Excel
3.27,4.63,69.0,78.62,78.4817500000002,Excel
3.92,3.04,19.19,82.11,67.86100000000006,Average
3.2,2.09,85.69,71.91,69.38034999999992,Average
3.84,4.0,96.48,85.81,83.91710000000012,Excel
3.52,4.1,85.86,85.03,80.71535000000019,Excel
3.4,5.0,6.61,82.48,81.31159999999976,Excel
5.62,4.49,61.5,55.32,59.881449999999894,Struggle
2.14,1.22,50.77,59.13,60.961549999999896,Average
4.45,1.94,84.73,49.81,54.143049999999995,Struggle
1.8,4.54,61.55,95.71,91.16739999999969,Excel
1.04,1.34,92.91,86.15,76.73670000000016,Excel
4.5,1.99,73.32,60.57,59.9027499999999,Struggle
4.0,1.4,76.53,49.84,55.26270000000008,Struggle
6.34,5.0,87.7,71.47,72.3218499999999,Average
4.66,2.35,88.97,80.62,76.0611500000002,Excel
6.8,5.0,13.4,65.98,65.63084999999995,Average
1.66,2.58,7.25,89.17,86.69674999999994,Excel
1.89,1.46,99.11,79.33,78.44054999999994,Excel
1.04,3.02,9.65,83.7,83.73090000000022,Excel
2.24,1.0,91.21,64.0,66.98650000000004,Average
3.76,4.0,49.74,86.39,80.66734999999991,Excel
4.77,1.15,83.17,45.15,49.4180499999999,Struggle
1.01,2.52,2.6,79.96,80.72669999999975,Excel
7.0,4.62,63.57,48.16,61.221099999999986,Average
5.96,2.91,50.28,53.15,54.130800000000015,Struggle
2.93,5.0,56.87,89.96,88.31924999999968,Excel
1.69,2.73,71.96,63.74,78.73230000000014,Excel
2.29,4.89,57.33,78.35,80.07169999999992,Excel
2.0,1.01,95.08,64.99,67.47569999999988,Average
1.53,2.75,67.68,60.17,65.86455000000007,Average
4.3,2.52,53.58,53.13,58.441049999999834,Struggle
2.53,2.05,62.45,49.63,54.86794999999992,Struggle
3.25,4.96,90.95,85.9,87.03684999999989,Excel
6.44,2.92,90.15,56.59,57.01090000000006,Struggle
4.87,1.0,74.87,48.84,50.68010000000002,Struggle
7.0,2.76,66.97,42.16,47.891849999999955,Struggle
1.65,2.45,98.81,92.56,89.1387999999999,Excel
3.23,5.0,5.99,78.32,78.45344999999983,Excel
4.02,1.75,62.52,56.18,57.02550000000013,Struggle
1.1,4.82,87.92,87.54,88.0977500000003,Excel
1.0,4.0,0.18,92.06,91.8963,Excel
5.07,5.0,24.6,67.94,71.5595000000001,Average
5.27,1.0,48.19,56.28,52.020800000000044,Struggle
3.29,2.87,89.7,77.4,73.8011499999999,Average
3.76,3.31,63.79,68.21,65.81979999999976,Average
3.55,5.0,75.4,78.77,80.76065000000025,Excel
1.0,3.28,5.46,85.79,81.15200000000016,Excel
3.42,4.0,97.16,98.47,82.81150000000007,Excel
1.94,1.0,63.33,60.49,61.91819999999993,Average
1.58,5.0,96.83,100.0,99.32179999999995,Excel
6.77,2.15,90.24,63.92,60.878850000000014,Average
4.88,2.69,86.54,72.95,70.09285000000017,Average
5.43,1.0,50.65,50.94,44.958349999999975,Struggle
2.63,1.52,80.27,68.3,68.17009999999982,Average
2.98,4.88,62.2,77.01,79.11210000000011,Excel
2.86,4.63,59.47,76.4,77.16389999999983,Excel
1.88,1.0,93.32,69.22,68.5388999999999,Average
1.59,2.19,86.26,84.8,83.01839999999984,Excel
3.92,2.15,66.83,32.97,42.77870000000001,Struggle
5.16,4.0,80.75,79.28,78.57050000000015,Excel
4.3,5.0,0.0,85.44,83.89440000000008,Excel
3.36,1.0,57.93,47.82,51.13569999999991,Struggle
6.81,5.0,76.59,69.69,68.90350000000005,Average
1.14,4.48,0.88,93.76,92.34404999999998,Excel
2.91,3.21,54.81,65.27,66.45415000000018,Average
2.62,3.68,73.35,76.69,73.97310000000007,Average
5.99,3.57,79.51,59.64,61.00129999999994,Average
6.48,3.42,52.35,51.86,51.930649999999986,Struggle
2.18,2.16,70.1,69.86,70.7322000000001,Average
6.02,3.89,62.88,40.82,52.00904999999992,Struggle
5.64,2.5,51.53,48.49,51.790299999999924,Struggle
2.33,1.0,26.11,56.5,57.79049999999993,Struggle
3.18,4.0,56.95,81.69,81.13435000000015,Excel
3.95,1.39,29.07,61.11,61.69085000000008,Average
6.95,1.6,90.17,57.5,54.89190000000002,Struggle
2.16,2.58,66.83,95.81,89.05414999999994,Excel
5.51,2.79,57.35,52.24,53.83435000000002,Struggle
2.92,4.78,55.01,64.63,70.1921499999999,Average
5.01,3.83,64.9,77.12,73.93190000000023,Average
3.78,2.55,67.48,93.61,67.79995000000005,Average
4.3,1.0,68.22,45.67,47.44760000000002,Struggle
6.25,2.69,57.99,51.88,54.87979999999995,Struggle
5.69,4.69,41.26,72.01,70.91065000000012,Average
6.69,1.0,44.94,47.5,45.09535000000002,Struggle
1.03,2.29,51.48,70.34,70.40635000000006,Average
4.65,1.0,81.38,53.28,52.62565000000004,Struggle
1.93,2.26,35.28,62.33,68.78889999999996,Average
3.94,1.96,50.49,75.89,69.1028999999999,Average
4.44,3.08,83.69,75.27,71.30070000000018,Average
3.01,4.68,63.73,88.44,85.16930000000008,Excel
4.16,3.09,81.44,83.38,76.71879999999982,Excel
7.0,1.77,67.1,39.96,43.706799999999966,Struggle
1.32,1.0,76.48,58.22,72.06129999999997,Average
4.72,5.0,39.62,82.34,81.33539999999999,Excel
3.92,1.0,85.03,71.15,65.43574999999986,Average
2.19,3.05,79.18,74.15,74.88089999999985,Average
2.16,4.42,54.09,90.6,79.34239999999993,Excel
7.0,4.14,82.15,57.37,58.00365000000011,Struggle
5.87,1.66,84.36,45.4,48.778649999999885,Struggle
6.49,4.0,68.54,72.6,70.05370000000015,Average
7.0,5.0,93.79,79.24,75.18789999999994,Excel
2.45,1.8,66.83,62.24,61.41269999999996,Average
3.42,5.0,58.76,81.72,82.73424999999983,Excel
5.44,2.36,95.21,65.92,61.310999999999964,Average
3.76,2.1,72.04,65.3,64.39770000000003,Average
3.05,4.46,86.19,91.46,87.29099999999976,Excel
3.01,2.89,90.7,90.78,80.34859999999989,Excel
4.73,1.05,75.26,53.31,52.852800000000016,Struggle
4.16,3.45,31.14,53.98,59.457449999999795,Struggle
2.28,1.8,95.77,63.57,64.9584499999998,Average
3.55,3.05,30.29,64.03,64.90310000000012,Average
3.83,1.0,2.15,46.55,50.583899999999986,Struggle
4.43,1.0,68.08,61.57,58.1346999999999,Struggle
2.49,2.09,8.65,64.48,58.03394999999996,Struggle
5.3,2.42,96.94,60.14,63.40289999999994,Average
1.4,1.0,7.07,57.56,64.42329999999997,Average
3.07,2.34,93.19,91.45,83.20910000000012,Excel
5.35,1.64,62.91,40.43,44.09395000000009,Struggle
3.97,2.11,98.53,65.58,70.06609999999992,Average
2.78,4.0,49.91,90.0,84.33964999999998,Excel
5.06,5.0,50.35,63.92,66.46204999999999,Average
4.81,3.48,51.71,43.37,51.45895000000009,Struggle
5.82,1.0,57.37,32.28,37.49544999999998,Struggle
5.26,5.0,59.38,69.01,70.68815000000009,Average
4.51,2.36,62.39,68.61,68.05720000000011,Average
3.56,4.86,61.14,73.55,75.23669999999981,Excel
1.89,2.58,98.46,86.23,88.32164999999978,Excel
2.65,1.38,81.81,72.05,69.67774999999985,Average
3.81,1.8,84.63,67.01,63.528200000000105,Average
4.3,3.79,66.83,68.13,67.39729999999976,Average
3.87,5.0,94.64,87.23,85.42369999999976,Excel
2.33,2.0,83.39,59.32,74.14519999999993,Average
1.0,3.9,7.9,89.57,87.51644999999995,Excel
3.91,1.93,97.82,59.98,71.06654999999996,Average
3.17,1.0,56.28,69.93,64.15240000000013,Average
5.56,5.0,54.83,73.37,69.70215000000003,Average
1.42,1.45,1.94,84.76,82.63130000000014,Excel
4.34,2.87,93.31,90.76,83.83545000000012,Excel
6.29,2.52,79.19,59.04,57.56115000000012,Struggle
1.81,2.74,68.3,89.79,83.08385000000024,Excel
3.59,3.03,54.3,81.66,61.532200000000124,Average
1.63,1.8,65.28,62.83,63.281449999999985,Average
4.59,1.0,66.83,47.89,51.821900000000035,Struggle
4.66,1.58,74.41,65.11,58.60875000000003,Struggle
3.93,1.0,60.81,57.45,57.69415000000007,Struggle
3.97,1.0,37.19,67.1,54.09424999999993,Struggle
6.59,2.69,97.83,60.91,60.67819999999993,Average
2.34,3.83,91.99,100.0,81.29585000000006,Excel
3.92,3.53,0.0,80.97,79.1201,Excel
6.59,3.94,62.14,68.94,63.19240000000003,Average
4.16,4.57,67.74,84.18,70.62339999999999,Average
6.58,4.0,90.6,77.9,76.37974999999993,Excel
4.43,2.63,96.15,58.41,63.608599999999925,Average
5.73,2.78,97.35,68.59,64.77825000000009,Average
3.54,2.87,84.16,64.76,68.15235000000008,Average
5.86,2.4,60.57,53.01,54.44250000000011,Struggle
6.12,2.24,51.99,43.94,44.504049999999935,Struggle
3.98,3.31,26.44,70.0,66.65935000000005,Average
1.98,4.41,76.11,80.03,80.4369500000002,Excel
2.17,1.09,73.1,78.94,75.36885000000008,Excel
2.38,5.0,1.92,98.01,92.68044999999998,Excel
2.74,1.0,73.25,53.71,57.71499999999981,Struggle
3.19,2.75,66.83,75.01,72.16315000000014,Average
4.57,2.1,51.21,65.63,51.92895000000007,Struggle
4.95,1.4,66.83,51.04,52.60440000000013,Struggle
3.81,4.25,47.06,69.24,68.47504999999985,Average
5.13,1.8,81.53,56.77,54.68210000000016,Struggle
1.18,5.0,58.58,88.22,89.02329999999995,Excel
1.53,1.0,88.23,79.96,69.6455000000001,Average
2.52,2.12,68.22,69.41,69.01324999999997,Average
4.29,2.39,66.63,74.49,60.80815000000004,Average
2.66,1.0,54.9,62.21,61.06989999999984,Average
2.23,2.94,55.98,63.76,64.50130000000011,Average
3.77,4.27,41.35,64.88,67.52394999999984,Average
6.07,2.21,89.77,61.58,59.56109999999996,Struggle
1.0,4.7,5.13,83.54,84.34026666666692,Excel
4.43,2.4,83.27,71.88,70.27574999999985,Average
4.77,3.07,96.72,66.99,69.71784999999994,Average
6.21,2.62,51.03,52.77,55.94134999999995,Struggle
6.77,2.03,28.03,34.83,37.48234999999996,Struggle
1.54,3.11,3.31,75.97,77.27094999999983,Excel
1.87,3.04,82.32,95.29,88.51335000000026,Excel
3.92,3.4,64.65,65.14,62.02725000000002,Average
3.71,1.83,74.72,56.88,58.81149999999984,Struggle
4.09,1.63,52.1,51.44,55.65594999999998,Struggle
4.63,1.0,59.62,56.18,52.9470500000001,Struggle
5.56,1.13,71.22,61.02,57.397600000000196,Struggle
6.42,3.44,91.7,68.44,63.92010000000004,Average
6.64,1.0,73.98,37.66,39.899249999999945,Struggle
4.83,1.89,79.32,73.56,68.20779999999999,Average
2.51,2.85,93.69,63.47,68.43859999999984,Average
6.67,3.67,32.27,54.59,52.95779999999997,Struggle
3.92,5.0,8.61,99.49,95.13970000000006,Excel
3.92,4.4,1.08,78.73,79.22534999999976,Excel
6.8,1.0,33.14,35.5,37.017150000000015,Struggle
2.55,2.94,38.38,89.87,82.68495000000021,Excel
2.66,5.0,66.83,100.0,95.71839999999993,Excel
1.65,3.09,99.16,100.0,77.42374999999996,Excel
6.63,2.45,61.16,49.91,51.22599999999993,Struggle
3.58,1.0,53.32,52.52,53.49715000000019,Struggle
5.27,2.77,27.59,71.66,66.31084999999993,Average
2.59,2.93,69.89,78.06,74.45419999999994,Average
5.24,2.41,51.07,76.5,66.20579999999994,Average
5.45,1.37,59.83,56.49,53.93109999999985,Struggle
3.92,1.34,94.98,76.83,71.93929999999997,Average
3.05,5.0,66.52,87.96,86.18959999999974,Excel
2.34,4.69,92.5,79.76,80.72885000000014,Excel
7.0,1.36,54.67,29.86,36.619599999999885,Struggle
4.93,1.0,26.85,45.64,44.93495000000004,Struggle
6.66,2.73,75.2,57.87,54.46690000000008,Struggle
2.36,1.0,52.98,44.22,48.91679999999996,Struggle
5.33,3.65,69.62,56.98,63.07309999999994,Average
5.61,2.48,94.84,64.95,62.80175000000011,Average
5.64,3.92,62.07,65.23,63.655099999999806,Average
7.0,1.42,85.3,47.01,50.076150000000105,Struggle
3.2,3.93,65.12,85.7,83.59930000000023,Excel
1.82,1.0,52.25,56.71,57.46514999999985,Struggle
5.08,3.16,66.83,63.78,63.88439999999994,Average
5.57,2.87,91.74,46.21,51.87029999999989,Struggle
4.64,4.74,66.83,69.6,69.43340000000018,Average
2.53,5.0,58.88,98.97,94.23904999999996,Excel
3.55,4.08,95.0,88.03,84.84300000000013,Excel
3.31,4.02,89.48,81.72,81.27089999999977,Excel
3.13,3.74,59.69,64.83,69.03594999999994,Average
4.85,5.0,53.09,84.58,78.51394999999998,Excel
5.89,3.74,8.56,81.38,74.67914999999981,Average
2.38,5.0,87.3,100.0,96.62500000000004,Excel
2.99,4.19,74.73,65.06,71.11704999999994,Average
2.34,2.96,17.55,92.25,81.50874999999998,Excel
2.27,1.8,78.5,66.43,67.72255000000011,Average
5.29,2.81,74.61,47.38,52.36074999999993,Struggle
6.38,2.16,75.9,35.14,39.8730000000001,Struggle
3.05,2.89,93.95,69.81,73.94134999999986,Average
5.83,2.07,94.74,72.94,55.15109999999995,Struggle
5.99,4.21,72.68,66.94,68.31375000000003,Average
6.26,3.92,72.79,67.64,66.33370000000002,Average
2.01,3.32,75.76,84.23,79.17414999999997,Excel
6.83,2.86,75.98,58.96,57.616599999999806,Struggle
2.97,3.63,97.52,87.19,85.15360000000014,Excel
3.15,4.16,82.47,71.86,73.35530000000013,Average
1.54,4.17,63.87,89.11,84.94840000000009,Excel
3.49,1.71,76.58,77.35,73.73515000000017,Average
1.97,3.59,60.44,88.44,79.29699999999993,Excel
2.85,2.14,1.78,82.12,73.93190000000017,Average
2.46,4.0,79.26,88.6,89.12640000000005,Excel
5.95,1.0,22.72,43.2,42.485699999999945,Struggle
6.34,3.32,51.68,43.78,45.83705,Struggle
2.32,3.11,66.83,85.23,81.35159999999982,Excel
5.99,1.97,71.38,59.9,56.99889999999986,Struggle
6.61,2.56,53.09,64.1,58.709400000000116,Struggle
5.65,1.0,90.75,57.93,55.650000000000055,Struggle
2.31,2.87,67.2,72.62,74.71665000000017,Average
5.32,3.55,95.68,87.46,68.59664999999997,Average
6.2,2.66,57.72,47.5,49.68680000000001,Struggle
4.68,1.06,8.71,52.04,51.99905000000004,Struggle
3.21,2.13,42.22,64.27,64.6372500000002,Average
4.05,1.0,59.46,54.44,55.524649999999966,Struggle
4.5,2.62,96.87,75.09,74.53370000000012,Average
4.17,1.0,50.52,41.52,45.12665000000015,Struggle
2.03,5.0,70.63,88.16,87.90305000000004,Excel
3.12,2.12,96.34,92.63,74.38314999999999,Average
5.56,2.56,69.22,49.24,55.41524999999991,Struggle
5.93,1.78,54.66,62.54,57.109400000000115,Struggle
2.29,3.21,38.0,81.37,80.67970000000022,Excel
7.0,1.54,74.9,44.74,48.578199999999896,Struggle
2.79,1.09,59.26,56.39,58.85794999999997,Struggle
5.29,4.24,73.33,59.77,62.820600000000155,Average
5.17,3.6,91.82,68.6,68.97935,Average
3.92,4.35,93.63,71.31,72.74234999999994,Average
6.35,2.93,66.83,53.39,54.11249999999999,Struggle
3.92,3.07,58.05,82.32,77.01529999999993,Excel
6.5,4.83,63.76,64.02,65.26110000000016,Average
1.87,2.47,79.74,87.56,80.21139999999986,Excel
4.99,3.95,68.05,75.2,72.9484000000002,Average
5.8,1.0,92.2,55.97,48.814949999999996,Struggle
5.37,5.0,85.83,83.53,81.46435000000015,Excel
2.11,5.0,66.83,71.25,78.82124999999995,Excel
6.38,2.29,81.23,74.84,68.64660000000009,Average
2.23,3.99,55.65,69.53,83.05550000000002,Excel
1.54,1.67,62.75,62.71,66.63204999999972,Average
5.52,2.17,58.89,60.07,55.4824999999999,Struggle
3.52,1.48,58.65,54.89,56.84584999999992,Struggle
5.91,2.79,28.77,63.28,61.05090000000012,Average
3.92,2.7,9.61,71.51,64.58070000000008,Average
2.41,4.14,27.33,89.34,87.56010000000009,Excel
5.8,5.0,99.51,69.54,78.49474999999991,Excel
3.81,3.54,71.09,75.69,75.9546000000001,Excel
2.5,1.0,54.85,62.53,62.76160000000005,Average
5.2,4.74,32.82,75.4,72.5477499999999,Average
3.9,5.0,79.19,83.57,82.22844999999995,Excel
4.48,3.96,98.95,78.54,79.57025000000023,Excel
3.69,3.12,78.6,61.6,63.832350000000154,Average
5.85,2.94,97.45,63.42,60.427550000000025,Struggle
6.05,1.0,72.21,38.76,41.29560000000009,Struggle
4.84,2.15,33.26,60.63,58.98559999999987,Struggle
2.1,1.0,42.74,63.7,63.35060000000008,Average
6.47,3.01,84.87,64.7,64.26060000000011,Average
5.46,2.59,45.17,67.24,64.15739999999994,Average
5.56,2.36,66.44,66.79,64.56345000000017,Average
3.34,4.59,51.46,60.89,62.770299999999914,Average
6.0,5.0,71.99,65.79,67.22745000000026,Average
4.9,2.23,75.55,45.56,60.955499999999994,Average
1.28,5.0,80.35,87.42,91.27824999999993,Excel
3.27,2.48,63.8,56.57,64.0674499999999,Average
6.32,1.0,71.37,36.37,38.49019999999993,Struggle
1.77,1.0,0.0,68.15,68.03309999999982,Average
6.71,3.86,84.35,65.68,65.64035000000011,Average
5.09,4.22,88.68,61.2,65.83715000000002,Average
4.99,5.0,47.09,81.33,79.32515,Excel
2.3,1.1,67.08,68.18,66.39985000000013,Average
2.92,2.69,99.97,59.28,67.56525000000012,Average
6.68,4.67,92.43,68.23,67.60469999999981,Average
2.57,1.0,2.21,50.85,53.06600000000016,Struggle
6.09,4.96,59.76,69.07,64.55269999999994,Average
3.49,1.47,33.18,52.35,59.30569999999992,Struggle
1.82,2.18,72.62,67.36,69.716,Average
1.14,2.05,8.0,95.31,88.32954999999997,Excel
4.52,2.82,88.92,87.1,81.89755000000015,Excel
6.5,3.29,62.03,48.77,54.961000000000034,Struggle
3.57,5.0,63.6,77.65,78.84854999999983,Excel
3.6,2.56,79.67,59.04,61.78375000000021,Average
3.13,4.0,64.16,79.35,86.78204999999998,Excel
4.3,3.43,55.45,70.34,67.57195000000007,Average
4.0,1.0,84.21,63.2,60.620600000000124,Average
6.15,2.01,57.15,39.78,49.844299999999976,Struggle
4.52,1.8,54.42,51.4,49.599149999999845,Struggle
4.23,2.33,82.4,66.11,68.41555000000007,Average
1.75,1.0,90.51,74.15,73.03294999999991,Average
7.0,2.58,56.98,58.03,54.65520000000009,Struggle
2.52,5.0,26.31,94.12,90.96305000000018,Excel
1.05,1.85,99.96,67.42,71.14665000000002,Average
5.28,3.96,92.55,71.8,72.11324999999987,Average
4.63,4.09,87.59,74.61,76.07870000000011,Excel
3.79,5.0,83.11,84.71,88.84124999999987,Excel
3.18,2.82,71.09,70.68,69.96880000000012,Average
5.75,2.97,86.53,62.0,59.928549999999966,Struggle
2.44,1.89,86.21,74.66,73.2884999999999,Average
6.41,1.88,57.83,50.56,45.621800000000015,Struggle
5.27,1.02,89.81,46.27,49.41025000000014,Struggle
3.87,3.43,72.44,67.85,71.22985000000006,Average
3.5,1.0,56.06,47.58,50.088049999999946,Struggle
2.88,2.2,8.4,81.11,67.58190000000005,Average
5.18,2.87,36.17,47.5,54.39024999999999,Struggle
3.78,4.73,69.22,61.8,66.63814999999988,Average
2.54,1.0,50.87,48.61,50.63029999999998,Struggle
4.94,5.0,69.14,79.82,72.85434999999988,Average
6.58,4.0,90.44,75.02,75.19970000000016,Excel
3.25,1.0,49.68,56.51,58.28985000000008,Struggle
6.27,3.17,17.64,41.61,45.15134999999994,Struggle
3.14,3.25,43.89,76.44,73.27410000000005,Average
1.71,1.18,64.57,58.17,67.38399999999996,Average
3.92,2.22,73.88,71.44,68.83395000000007,Average
3.56,1.8,70.23,57.91,58.90129999999992,Struggle
1.99,2.66,61.16,100.0,88.61810000000001,Excel
1.0,3.41,5.81,91.62,88.35310000000018,Excel
6.12,4.92,84.18,57.12,60.92350000000014,Average
5.97,3.88,92.55,63.15,66.33989999999987,Average
5.54,2.72,97.96,86.36,78.0101000000001,Excel
1.79,4.53,58.88,85.78,85.21945000000011,Excel
2.07,5.0,42.4,100.0,95.94750000000003,Excel
1.89,2.3,52.18,55.82,74.9021,Average
4.96,1.8,66.83,47.22,48.0603,Struggle
6.09,5.0,56.27,60.54,62.38950000000019,Average
3.92,3.97,91.89,77.08,81.95495000000024,Excel
1.4,1.8,55.69,53.1,56.85935000000014,Struggle
3.92,1.05,52.08,44.92,49.77520000000006,Struggle
2.98,4.35,54.8,84.2,80.88445000000016,Excel
3.67,3.48,98.58,93.91,89.94089999999993,Excel
4.89,2.23,82.75,60.41,60.86519999999994,Average
3.92,4.36,64.39,72.01,71.50945000000003,Average
1.17,4.97,62.04,83.24,83.64849999999991,Excel
1.0,3.22,7.73,86.4,84.63110000000006,Excel
6.79,2.51,87.83,53.97,53.68529999999997,Struggle
2.38,1.0,48.26,63.55,59.61789999999987,Struggle
1.66,2.53,80.49,80.12,78.31260000000022,Excel
1.95,4.43,52.04,67.99,72.75634999999987,Average
1.11,2.2,3.33,85.66,76.11075,Excel
3.18,2.22,43.88,61.16,63.740399999999944,Average
5.32,3.97,98.19,84.62,81.45810000000021,Excel
3.51,2.78,79.36,63.64,65.92069999999994,Average
3.31,1.0,44.54,55.67,64.14084999999986,Average
4.84,4.71,69.08,57.25,62.09979999999999,Average
3.68,2.15,58.79,66.7,61.96490000000013,Average
6.16,2.56,48.93,57.72,60.04674999999993,Struggle
6.63,3.09,85.39,72.09,66.7930000000001,Average
1.0,4.67,8.31,81.13,83.24424999999985,Excel
5.61,4.24,57.92,62.17,63.013650000000005,Average
3.28,3.69,53.85,70.18,71.05475000000013,Average
7.0,1.9,95.6,43.14,45.87145000000006,Struggle
4.04,2.28,61.65,64.38,63.48869999999986,Average
7.0,5.0,67.21,67.57,67.94614999999985,Average
5.5,1.87,64.03,33.29,38.81344999999997,Struggle
2.9,2.42,70.68,65.15,69.05024999999983,Average
4.14,4.0,85.7,82.52,82.78670000000018,Excel
6.96,1.41,71.08,50.6,50.1034500000001,Struggle
6.35,3.63,59.13,45.6,49.06265000000014,Struggle
1.6,5.0,49.65,100.0,95.80869999999999,Excel
4.93,3.4,66.83,45.25,67.25625000000005,Average
2.89,1.06,99.03,64.32,69.20709999999988,Average
1.0,4.24,2.75,89.14,90.21894999999982,Excel
3.35,5.0,50.36,74.88,74.74044999999998,Average
2.52,1.0,75.78,73.66,72.5003999999999,Average
5.53,1.06,57.54,52.14,47.741899999999994,Struggle
3.15,5.0,22.79,75.28,77.58295000000012,Excel
6.36,2.87,84.91,75.06,58.70650000000004,Struggle
1.0,1.86,5.46,74.43,76.64695000000015,Excel
2.57,2.67,73.03,55.57,59.840599999999895,Struggle
2.84,3.72,83.84,74.3,77.95074999999983,Excel
2.59,4.24,76.91,94.25,84.60570000000008,Excel
1.02,5.0,81.49,97.07,97.61284999999987,Excel
2.03,5.0,79.84,100.0,97.96609999999998,Excel
4.5,4.0,83.29,81.96,83.0491500000001,Excel
2.82,1.32,32.08,67.53,67.19560000000014,Average
3.62,4.38,63.44,64.5,66.89149999999997,Average
3.33,3.9,72.0,81.55,81.16199999999988,Excel
6.56,3.76,72.31,61.19,59.83999999999999,Struggle
6.25,2.95,88.72,58.32,58.89869999999997,Struggle
4.17,1.0,68.37,52.05,52.28315,Struggle
3.47,2.7,58.13,79.91,76.57569999999996,Excel
3.92,1.82,62.57,73.67,67.01395000000007,Average
7.0,2.25,40.51,44.43,45.729100000000074,Struggle
1.11,4.32,86.58,91.26,91.5549500000001,Excel
2.57,1.7,73.52,75.48,66.5228,Average
3.22,1.64,62.47,65.94,64.90875000000001,Average
2.45,4.0,70.81,80.17,83.6781499999999,Excel
1.71,2.96,94.49,72.65,76.57639999999986,Excel
5.68,1.0,78.34,53.75,43.567200000000085,Struggle
1.63,3.43,46.27,81.81,81.08344999999989,Excel
4.94,2.92,93.19,74.37,74.4229500000002,Average
1.43,3.86,53.95,94.21,89.74539999999972,Excel
1.0,2.87,96.73,100.0,91.98259999999975,Excel
6.33,3.76,91.58,76.52,62.94765,Average
2.16,2.36,99.59,71.01,72.81315000000012,Average
5.99,2.88,81.15,47.47,51.44749999999996,Struggle
4.37,2.87,88.96,77.51,77.79905000000015,Excel
1.52,1.16,66.83,70.93,70.70310000000009,Average
6.48,3.31,62.96,63.38,60.39999999999987,Struggle
2.74,5.0,67.74,83.87,86.06275000000014,Excel
5.75,3.88,94.7,77.33,74.03604999999997,Average
1.71,3.62,52.8,60.51,68.34525000000009,Average
6.36,4.54,79.57,56.45,60.3441000000001,Struggle
1.0,2.8,2.14,78.13,81.05510000000018,Excel
4.06,1.0,69.33,59.99,52.34970000000007,Struggle
5.45,4.16,94.23,71.1,70.76955000000015,Average
6.62,2.57,92.69,56.34,59.32930000000002,Struggle
6.31,2.87,51.67,57.87,46.374199999999995,Struggle
6.41,4.05,63.65,48.89,53.05059999999997,Struggle
6.19,2.67,73.77,39.91,40.94834999999991,Struggle
2.33,3.89,70.41,73.69,80.59000000000005,Excel
3.1,3.14,40.23,62.39,65.4858499999999,Average
2.87,2.61,55.14,45.46,54.755449999999875,Struggle
3.33,3.03,77.16,64.53,77.62840000000006,Excel
3.43,1.91,65.09,56.74,58.50014999999987,Struggle
4.27,3.37,83.04,60.73,65.34284999999983,Average
2.27,2.33,38.48,65.23,69.29759999999978,Average
4.7,4.63,6.74,65.02,70.37535000000005,Average
2.4,4.57,52.62,79.79,84.20079999999999,Excel
3.92,3.32,99.63,89.7,84.9732500000002,Excel
4.37,4.0,75.38,84.07,83.43299999999982,Excel
5.29,4.41,21.32,51.32,66.54129999999998,Average
3.92,3.88,77.06,61.9,66.57974999999989,Average
4.49,4.04,93.52,84.93,82.26285000000016,Excel
2.15,3.51,51.93,79.72,79.64015000000003,Excel
4.2,2.81,59.71,73.48,69.81394999999979,Average
1.7,1.0,56.97,70.56,67.20624999999997,Average
3.39,2.47,4.24,69.73,68.03589999999994,Average
3.14,3.04,88.31,88.85,85.2797000000001,Excel
1.25,3.3,4.76,70.98,78.21434999999981,Excel
2.42,2.15,94.64,77.44,76.60355000000006,Excel
6.79,1.0,63.85,42.08,39.99259999999999,Struggle
6.96,3.24,62.11,42.53,47.74669999999996,Struggle
2.69,1.8,7.89,68.88,63.79379999999983,Average
1.28,2.32,3.18,83.23,81.18899999999981,Excel
2.19,2.19,13.87,80.65,77.02239999999979,Excel
3.15,3.95,67.66,83.11,80.83525000000017,Excel
7.0,1.46,92.89,55.14,54.706399999999974,Struggle
1.87,5.0,51.37,94.02,92.17085000000024,Excel
5.26,3.18,50.16,53.5,57.31255,Struggle
1.26,4.2,4.07,74.47,77.4794499999998,Excel
6.93,3.34,95.7,69.68,65.66420000000011,Average
3.17,3.72,95.07,86.72,82.28215000000002,Excel
5.34,2.0,75.94,68.87,64.15215000000013,Average
2.59,3.38,77.66,61.36,66.39090000000012,Average
4.84,3.67,39.2,56.19,62.30140000000006,Average
2.25,4.0,62.19,86.02,87.16540000000023,Excel
1.52,1.02,90.76,84.7,68.70499999999987,Average
6.73,3.53,66.83,56.33,57.129799999999975,Struggle
6.96,3.15,74.37,58.75,57.210449999999966,Struggle
6.8,5.0,47.28,71.72,70.13664999999986,Average
5.14,1.0,55.18,53.64,49.965799999999966,Struggle
6.16,3.1,75.98,65.89,63.27974999999994,Average
1.12,1.0,78.88,65.12,69.17500000000014,Average
2.67,3.56,87.12,82.2,83.86040000000017,Excel
2.82,2.87,61.74,78.97,73.40054999999982,Average
4.93,1.0,34.11,38.01,40.725000000000115,Struggle
3.49,4.5,78.48,77.87,79.33750000000019,Excel
1.62,3.46,99.16,79.21,84.01394999999994,Excel
4.56,3.1,60.87,42.59,46.72265000000006,Struggle
6.04,2.48,99.3,63.53,64.47320000000016,Average
3.24,1.0,51.38,60.91,54.718800000000016,Struggle
1.74,1.66,91.3,76.75,84.84644999999988,Excel
1.91,2.34,23.46,69.72,77.06680000000004,Excel
2.91,3.75,65.02,85.65,86.02699999999987,Excel
2.78,4.9,52.89,81.49,79.02979999999987,Excel
3.92,3.23,48.17,64.48,62.48999999999982,Average
4.33,1.8,67.75,48.14,50.65495,Struggle
5.19,2.87,55.26,68.95,66.7090500000001,Average
2.94,4.54,55.21,77.7,78.17590000000011,Excel
5.64,1.0,0.0,28.99,48.070050000000094,Struggle
2.0,5.0,66.83,96.13,91.91424999999985,Excel
3.31,1.8,59.86,56.77,57.7842999999999,Struggle
5.88,3.12,56.48,59.26,56.98345000000011,Struggle
1.97,2.67,34.8,75.65,74.78294999999986,Average
2.06,3.48,60.67,80.95,81.07845000000016,Excel
5.84,3.56,55.33,68.4,65.91659999999987,Average
3.92,3.55,61.49,70.12,67.42590000000014,Average
5.49,1.8,50.42,38.64,39.59875000000005,Struggle
1.0,5.0,0.0,100.0,97.34974261904745,Excel
3.92,5.0,79.61,76.62,77.9376500000003,Excel
2.58,3.54,85.99,84.54,84.98665000000003,Excel
1.65,2.67,46.06,80.16,73.41265000000007,Average
4.96,1.8,57.22,46.67,47.37445000000003,Struggle
2.28,3.16,79.75,89.44,86.05385,Excel
3.49,2.9,28.86,50.14,56.24924999999997,Struggle
1.49,2.07,70.06,56.38,63.36679999999985,Average
2.28,2.95,78.45,80.62,73.38384999999998,Average
2.35,1.0,77.94,60.14,60.665749999999996,Average
1.85,1.0,55.95,56.44,60.048299999999905,Struggle
6.13,1.0,25.45,43.94,42.38935000000002,Struggle
1.0,3.15,9.67,77.04,85.4676500000001,Excel
3.59,1.0,66.29,59.49,61.67379999999987,Average
1.94,2.91,54.09,57.23,63.04274999999982,Average
3.03,2.62,56.37,60.05,67.90705000000004,Average
6.61,2.86,0.0,74.14,63.78169999999988,Average
2.17,2.87,88.46,91.07,87.03319999999981,Excel
6.93,2.61,99.81,62.2,61.0182000000001,Average
2.51,2.83,62.7,69.58,68.17754999999994,Average
5.19,1.0,74.39,40.94,46.310249999999975,Struggle
3.92,1.0,61.82,40.95,44.529249999999976,Struggle
5.96,1.83,66.83,49.33,48.01719999999993,Struggle
4.25,2.98,55.77,61.62,65.03675000000017,Average
4.41,5.0,56.36,71.74,74.38789999999985,Average
2.36,3.22,53.59,76.21,73.63329999999982,Average
2.21,3.37,58.24,77.3,77.19249999999992,Excel
6.31,1.27,74.7,37.55,42.11060000000006,Struggle
3.13,3.92,43.38,88.99,85.60169999999992,Excel
3.1,1.46,93.97,72.16,70.83259999999993,Average
6.0,3.74,87.02,72.6,71.8051000000001,Average
2.87,2.85,73.09,77.15,69.15314999999994,Average
6.81,1.95,99.22,68.55,61.03309999999993,Average
5.68,5.0,72.81,76.27,74.84090000000016,Average
4.99,5.0,66.83,77.41,76.4667499999999,Excel
6.23,3.94,99.63,61.09,61.40225000000005,Average
3.92,2.05,1.6,72.88,69.63394999999987,Average
2.47,3.66,77.49,69.16,71.64029999999997,Average
3.61,2.87,65.45,80.45,74.97140000000014,Average
2.51,1.0,75.18,73.99,72.16059999999986,Average
3.92,1.0,77.94,47.49,46.978649999999945,Struggle
6.15,2.53,31.86,50.01,55.48465000000003,Struggle
3.6,1.0,77.84,58.04,59.28855000000017,Struggle
3.45,2.01,87.8,79.85,78.43635000000015,Excel
6.37,2.25,63.33,51.58,48.82329999999991,Struggle
3.66,3.95,69.17,62.97,67.5244999999999,Average
4.3,1.8,63.41,49.59,50.175350000000044,Struggle
3.51,4.0,91.03,92.46,90.78684999999972,Excel
6.47,5.0,51.07,74.16,71.0351999999999,Average
3.93,5.0,93.56,88.27,86.7518500000001,Excel
5.18,2.27,58.5,47.3,50.099799999999966,Struggle
5.96,4.84,53.68,63.9,63.47819999999983,Average
2.67,1.94,55.97,68.12,64.06125000000014,Average
3.25,1.8,58.05,51.73,56.008799999999816,Struggle
6.36,3.1,76.65,46.18,62.415950000000045,Average
3.43,1.0,78.53,74.37,69.33460000000018,Average
6.1,1.0,67.86,43.64,43.30355000000009,Struggle
6.26,2.99,97.93,78.24,72.90849999999989,Average
4.44,2.8,51.91,37.95,45.25194999999995,Struggle
5.78,2.56,66.75,63.59,55.30215000000007,Struggle
6.05,1.81,59.06,54.0,49.42704999999999,Struggle
6.38,3.8,66.83,56.52,63.30835000000005,Average
3.92,3.09,52.81,62.75,68.73889999999997,Average
1.67,1.8,97.41,71.75,71.95484999999996,Average
3.43,3.14,60.04,77.09,73.9000500000001,Average
4.85,1.33,65.14,55.01,54.7085000000001,Struggle
3.77,3.17,51.15,75.0,70.8505,Average
5.63,4.66,0.0,66.77,68.69454999999988,Average
2.98,3.56,83.38,86.08,82.36269999999996,Excel
5.08,5.0,98.74,81.9,79.68150000000006,Excel
3.92,1.43,80.32,80.34,71.77935000000004,Average
5.78,1.55,86.07,61.63,59.51944999999984,Struggle
3.8,4.61,54.4,56.87,67.02989999999996,Average
2.22,3.07,81.39,88.67,82.89355000000002,Excel
3.11,2.51,72.69,89.86,81.33665000000013,Excel
5.08,1.0,94.29,54.68,54.42375000000005,Struggle
3.92,1.54,69.41,66.72,62.79569999999992,Average
1.96,2.1,52.04,94.22,84.89759999999987,Excel
7.0,1.73,61.41,48.91,47.98754999999989,Struggle
5.62,1.0,62.97,53.21,49.139599999999966,Struggle
7.0,2.45,40.13,51.04,50.635100000000094,Struggle
3.93,3.21,65.2,74.49,69.78094999999986,Average
4.09,5.0,29.07,89.07,84.97064999999981,Excel
6.07,2.77,52.48,47.95,47.57745000000002,Struggle
3.95,3.43,91.84,59.27,66.98295000000019,Average
5.24,2.45,9.27,40.87,47.496700000000025,Struggle
2.6,2.87,94.37,64.06,80.60254999999995,Excel
3.96,2.87,56.27,68.64,63.38689999999995,Average
1.47,1.18,23.1,77.78,72.28745000000012,Average
1.87,3.42,66.83,65.01,71.33820000000013,Average
1.0,3.58,7.87,88.92,88.35110000000006,Excel
1.0,2.96,9.84,95.6,90.06760000000014,Excel
7.0,1.84,78.73,42.04,46.223550000000024,Struggle
2.53,2.18,64.35,63.08,66.70424999999994,Average
5.22,3.96,55.02,86.8,68.27880000000003,Average
5.59,4.1,75.12,49.18,68.2142,Average
4.76,5.0,66.74,72.92,73.1934000000001,Average
1.42,4.41,91.33,78.82,84.65509999999989,Excel
5.2,3.97,64.36,72.45,73.3330500000002,Average
4.78,3.88,69.68,74.5,72.87214999999999,Average
4.94,3.47,61.49,71.2,66.5766000000002,Average
5.2,5.0,96.01,79.53,80.51260000000013,Excel
6.43,4.56,76.84,68.36,66.29425000000008,Average
4.52,4.92,20.94,66.9,67.25919999999985,Average
3.45,1.0,95.79,66.13,65.00159999999984,Average
4.95,1.59,59.47,52.72,55.84390000000005,Struggle
1.51,2.87,52.42,81.5,81.38070000000003,Excel
6.23,2.6,43.49,58.36,57.71300000000003,Struggle
1.24,1.0,86.35,69.04,69.86910000000026,Average
2.49,1.8,96.16,61.29,63.99600000000013,Average
6.28,4.53,81.86,72.08,69.78394999999999,Average
3.92,1.8,97.59,65.42,64.915825,Average
3.86,2.8,54.62,65.68,63.41175000000009,Average
3.5,5.0,53.04,67.0,72.62945,Average
6.3,1.25,53.35,62.04,54.573550000000104,Struggle
3.49,1.13,98.31,58.49,62.87899999999985,Average
3.92,1.54,75.14,45.95,52.1219,Struggle
1.76,1.0,52.58,60.82,60.49534999999986,Struggle
5.51,1.03,61.06,48.69,51.15175,Struggle
5.89,2.26,62.24,60.25,58.406900000000014,Struggle
1.79,4.62,66.89,73.99,78.36404999999982,Excel
3.9,2.61,52.18,50.46,53.98274999999986,Struggle
1.75,1.07,95.24,67.22,69.46879999999987,Average
5.02,1.0,75.78,45.41,46.81244999999994,Struggle
4.71,5.0,83.55,92.69,81.99875000000011,Excel
4.64,2.67,53.36,54.99,54.03269999999989,Struggle
2.1,2.47,52.71,81.28,75.11695000000014,Average
2.76,5.0,79.32,94.07,89.12969999999984,Excel
1.12,2.85,0.2,84.75,84.59635,Excel
2.8,3.63,76.42,78.01,76.2449500000001,Excel
4.69,1.57,93.89,59.7,62.71610000000017,Average
5.96,3.55,60.75,70.63,60.31710000000005,Struggle
4.73,1.0,53.79,47.73,48.393849999999865,Struggle
3.53,3.33,66.83,79.85,75.09740000000016,Average
6.92,1.0,82.89,35.72,39.03345000000004,Struggle
4.86,2.09,72.18,70.71,66.03109999999988,Average
6.45,1.0,64.53,34.03,36.09639999999994,Struggle
4.02,3.52,70.93,85.36,80.29465000000012,Excel
2.29,3.82,45.13,61.62,84.50944999999993,Excel
1.47,2.62,95.53,91.24,90.71015,Excel
5.15,2.75,55.17,58.67,63.72889999999998,Average
1.84,2.27,66.83,75.08,77.69439999999997,Excel
2.82,5.0,76.88,83.01,83.71540000000012,Excel
3.91,5.0,84.91,83.18,84.32160000000007,Excel
4.16,2.77,81.53,49.82,56.47834999999987,Struggle
4.27,3.68,97.08,86.93,85.34860000000019,Excel
1.56,3.24,89.78,89.4,87.54424999999992,Excel
3.4,3.23,38.67,79.81,75.5142999999999,Excel
4.87,4.14,39.46,52.09,57.544600000000116,Struggle
6.49,2.69,37.61,51.45,51.61030000000001,Struggle
5.49,4.28,84.67,74.93,72.82775000000017,Average
3.92,1.66,91.9,58.4,61.467149999999855,Average
5.14,1.14,77.02,71.15,65.61474999999987,Average
4.54,1.0,80.27,49.18,50.97315000000012,Struggle
2.38,1.0,76.35,62.86,64.33350000000009,Average
4.55,1.57,50.88,64.75,60.00240000000007,Struggle
5.02,2.87,53.6,62.46,56.74559999999999,Struggle
5.09,2.33,23.99,60.2,57.54655000000008,Struggle
3.53,3.17,32.28,46.72,54.725349999999956,Struggle
4.49,1.0,70.04,58.58,56.564499999999946,Struggle
2.89,2.22,66.84,60.16,65.98569999999994,Average
3.76,2.78,81.87,67.74,64.84175000000002,Average
2.18,4.28,76.78,96.32,82.6674,Excel
5.4,5.0,53.1,74.87,72.70240000000017,Average
2.13,2.14,16.41,59.59,66.86360000000002,Average
1.03,2.56,63.89,88.64,77.48894999999997,Excel
3.85,1.89,97.64,71.87,70.69470000000014,Average
4.94,3.78,54.32,65.12,67.43775000000015,Average
3.92,1.8,96.94,58.63,59.09547499999994,Struggle
2.36,2.68,65.56,74.0,73.29570000000008,Average
4.21,2.75,38.75,57.18,61.15980000000011,Average
2.76,4.35,55.44,64.55,70.00929999999985,Average
6.84,1.8,53.55,26.68,31.13325000000002,Struggle
6.24,1.8,71.48,42.63,43.02050000000003,Struggle
4.13,2.97,4.18,57.53,62.81465000000006,Average
2.75,1.8,33.59,58.7,59.29570000000007,Struggle
5.58,2.2,78.12,41.3,47.73969999999999,Struggle
1.26,3.57,6.99,89.96,89.25999999999972,Excel
3.77,1.0,69.43,49.47,51.632599999999954,Struggle
3.19,3.27,95.32,80.67,79.06450000000004,Excel
6.44,1.0,92.79,46.94,46.06479999999997,Struggle
1.39,5.0,2.53,99.24,96.93795000000001,Excel
4.55,4.53,61.91,80.63,74.98364999999983,Average
5.48,2.87,59.66,44.44,50.081650000000025,Struggle
4.29,2.46,97.7,79.21,75.26274999999976,Excel
1.84,1.0,60.14,58.95,59.712300000000006,Struggle
6.86,3.73,90.41,76.41,70.53504999999994,Average
3.68,2.89,68.45,61.68,61.96530000000007,Average
4.76,2.77,99.28,48.69,58.868150000000036,Struggle
2.28,1.37,68.41,65.17,67.23690000000008,Average
3.94,1.0,67.58,48.18,51.06170000000011,Struggle
3.72,2.37,81.87,65.16,65.30864999999991,Average
1.59,4.48,98.08,95.49,96.11400000000002,Excel
1.81,3.68,61.96,82.19,81.6895500000001,Excel
6.2,3.33,0.82,57.85,54.64560000000005,Struggle
2.05,1.0,87.73,66.65,68.28074999999983,Average
1.86,2.78,78.17,63.64,67.56339999999993,Average
4.16,2.2,87.79,56.7,62.55695000000012,Average
5.52,5.0,92.99,81.76,80.21870000000008,Excel
1.63,2.34,74.3,62.77,68.63060000000014,Average
4.08,2.38,80.99,74.89,72.94979999999984,Average
1.41,2.87,76.87,74.22,73.17049999999985,Average
1.28,1.0,0.4,72.25,69.40644999999996,Average
1.32,5.0,94.5,87.87,91.51950000000014,Excel
5.77,2.63,67.78,56.12,52.66360000000006,Struggle
1.62,1.0,60.41,70.36,67.9019000000001,Average
1.0,4.97,4.03,86.4,82.04354999999993,Excel
3.17,4.57,60.4,67.76,72.1305000000001,Average
5.65,1.21,74.92,49.51,49.93380000000011,Struggle
2.65,4.04,95.18,80.74,84.20144999999991,Excel
3.89,5.0,57.09,74.83,75.18400000000005,Excel
1.0,1.91,9.35,64.34,69.08760000000008,Average
3.22,2.87,58.31,66.31,67.19975000000007,Average
4.68,2.03,95.04,49.7,56.41210000000007,Struggle
4.79,2.87,80.09,53.22,58.3754999999999,Struggle
2.63,3.04,51.59,66.27,69.21605000000021,Average
2.78,4.0,81.66,93.3,92.05564999999974,Excel
1.3,4.33,66.83,100.0,95.77955000000003,Excel
2.81,2.08,53.96,52.95,53.603649999999995,Struggle
1.75,1.68,2.28,79.91,78.31039999999989,Excel
6.07,4.93,95.77,72.54,72.94235000000019,Average
6.98,1.8,50.48,28.03,30.88909999999998,Struggle
7.0,3.86,48.88,63.5,58.05629999999999,Struggle
6.12,5.0,73.75,62.33,68.11095000000002,Average
5.0,3.61,67.35,77.94,75.51175000000012,Excel
4.92,1.0,81.38,45.85,47.28930000000013,Struggle
2.33,1.0,52.64,52.63,52.822399999999895,Struggle
4.98,5.0,87.65,76.8,77.35934999999982,Excel
3.6,2.68,50.22,69.36,69.89595000000006,Average
3.92,4.0,65.35,78.26,78.57560000000007,Excel
5.72,1.0,75.2,41.9,43.443099999999916,Struggle
2.52,1.39,68.85,71.62,68.87485000000014,Average
2.98,2.28,65.37,74.67,74.11124999999998,Average
6.35,1.94,91.54,41.53,45.13774999999996,Struggle
1.62,2.85,96.74,89.3,89.04584999999979,Excel
3.72,4.24,93.69,75.71,80.17170000000004,Excel
6.51,1.57,53.17,40.92,44.612800000000014,Struggle
4.18,1.89,94.21,63.88,62.826499999999825,Average
4.57,5.0,8.63,80.2,80.27875000000026,Excel
2.62,1.0,70.46,73.14,68.42139999999985,Average
2.75,2.43,64.17,84.53,69.21780000000007,Average
5.83,3.97,54.91,40.56,47.960350000000034,Struggle
4.12,1.07,73.95,59.65,60.05655000000012,Struggle
4.17,5.0,97.31,95.84,91.70360000000004,Excel
3.92,5.0,78.05,97.72,92.79109999999997,Excel
1.0,1.92,0.0,69.9,75.83650000000017,Excel
6.97,5.0,55.64,55.28,57.44480000000006,Struggle
3.65,1.8,3.21,52.12,50.696250000000056,Struggle
4.16,1.0,73.22,49.6,51.12195000000014,Struggle
1.4,2.87,97.56,75.87,91.65769999999993,Excel
5.19,1.08,68.04,45.86,46.45779999999997,Struggle
6.69,3.28,93.87,75.31,69.49484999999993,Average
3.97,2.84,31.23,63.02,67.79729999999998,Average
1.47,5.0,80.85,100.0,98.44135,Excel
4.05,4.65,80.03,70.62,74.57680000000022,Average
5.67,1.0,92.99,63.12,58.287250000000085,Struggle
3.92,2.8,8.56,69.62,62.62360000000003,Average
3.92,5.0,59.5,68.48,70.93999999999984,Average
4.72,3.64,60.98,71.23,68.56924999999984,Average
6.23,4.85,65.02,75.21,71.03734999999975,Average
5.06,5.0,57.68,74.51,72.04610000000018,Average
1.48,1.0,51.85,53.95,56.57225000000003,Struggle
2.91,5.0,76.72,84.28,85.4367000000002,Excel
2.49,5.0,76.43,94.24,92.0236,Excel
6.78,5.0,92.2,80.77,75.9067000000002,Excel
5.73,1.64,97.44,56.23,58.37614999999977,Struggle
4.86,4.62,76.93,60.26,64.03930000000013,Average
3.92,2.72,96.5,90.63,66.57264999999992,Average
2.34,2.79,86.26,72.77,73.1758499999999,Average
5.74,5.0,42.08,60.44,63.68310000000001,Average
3.41,2.83,96.42,65.14,72.4495499999999,Average
1.89,1.33,83.37,72.25,78.12680000000013,Excel
4.9,1.77,70.7,63.69,59.78924999999998,Struggle
1.68,2.92,5.88,87.63,85.91634999999978,Excel
3.23,1.0,70.07,72.78,67.0668500000001,Average
4.14,4.57,55.71,62.44,67.13340000000005,Average
1.93,1.0,48.71,74.48,68.96314999999986,Average
6.71,3.24,91.2,47.76,50.750400000000106,Struggle
2.43,2.79,86.44,58.91,67.60449999999986,Average
1.99,3.38,61.46,61.78,68.72075000000017,Average
2.4,2.33,97.83,87.76,84.32045000000005,Excel
6.06,4.94,66.83,67.88,66.80339999999991,Average
3.42,2.48,66.63,49.2,76.05840000000003,Excel
3.93,1.0,66.83,43.38,44.36555000000011,Struggle
1.54,3.8,5.01,82.42,82.72175000000001,Excel
1.0,2.02,8.73,70.5,71.3945,Average
3.87,4.0,81.16,86.92,85.54005000000001,Excel
6.27,3.66,66.61,73.24,67.75489999999992,Average
6.12,2.11,99.48,60.25,59.408150000000006,Struggle
1.85,1.0,90.4,77.49,73.88924999999989,Average
4.06,2.09,66.83,64.19,63.628750000000075,Average
6.77,1.0,86.19,45.29,43.90740000000005,Struggle
2.9,1.0,52.7,62.02,60.663850000000174,Average
6.14,3.3,36.04,41.27,53.28655000000009,Struggle
1.98,4.9,89.25,92.39,90.13869999999986,Excel
6.6,4.66,74.13,57.69,65.78335,Average
5.7,1.8,48.97,41.04,41.25365000000001,Struggle
3.92,3.49,76.3,62.31,67.4887999999999,Average
5.29,1.0,83.79,58.18,54.43865000000005,Struggle
3.64,2.84,48.03,78.43,74.61035000000014,Average
6.58,2.66,67.84,38.88,45.634400000000035,Struggle
2.68,1.21,78.57,80.14,75.69224999999985,Excel
2.75,4.0,95.49,99.37,92.08240000000004,Excel
5.69,1.09,98.82,49.19,53.126749999999966,Struggle
5.15,2.94,61.36,43.98,48.694999999999844,Struggle
6.44,1.77,26.23,36.0,45.8451,Struggle
2.03,1.8,83.83,66.32,65.52194999999995,Average
5.68,2.31,70.73,48.95,51.403250000000035,Struggle
3.92,5.0,51.21,67.08,78.31275000000015,Excel
1.25,2.65,67.34,95.79,88.18740000000027,Excel
3.74,1.0,90.34,64.46,58.66355000000005,Struggle
2.62,2.17,54.27,81.58,74.76199999999997,Average
3.18,4.35,74.73,81.92,80.77155000000002,Excel
6.92,4.69,66.83,57.62,58.68535000000013,Struggle
4.67,1.0,66.83,59.1,50.83535000000002,Struggle
5.26,1.57,60.97,45.32,46.084899999999934,Struggle
6.78,3.75,76.3,48.87,55.106100000000104,Struggle
3.02,2.4,50.55,56.07,69.91855000000002,Average
5.6,4.98,53.5,71.43,67.41484999999993,Average
3.3,3.05,66.8,77.36,73.41080000000012,Average
6.06,1.0,83.74,47.01,48.397950000000094,Struggle
2.2,2.15,81.92,61.93,66.00550000000017,Average
6.58,5.0,69.04,64.84,66.10760000000009,Average
2.52,4.74,50.36,73.68,78.17165000000014,Excel
3.45,5.0,62.61,79.11,82.47415000000008,Excel
5.42,2.83,61.41,40.99,54.316549999999985,Struggle
3.32,2.91,1.47,63.16,74.54025000000003,Average
4.31,2.16,66.83,64.92,64.03335000000004,Average
3.56,2.44,82.35,84.92,78.55870000000003,Excel
5.68,1.0,87.79,48.0,50.90015000000001,Struggle
2.09,3.56,66.08,65.27,69.5773500000002,Average
1.03,3.43,74.48,78.26,79.93150000000011,Excel
2.68,4.0,97.29,98.2,95.23430000000022,Excel
4.17,5.0,72.47,92.4,79.82894999999998,Excel
2.13,2.97,66.83,98.99,91.22635000000004,Excel
3.59,5.0,90.5,97.87,95.29440000000005,Excel
3.8,2.62,79.7,51.12,57.567800000000105,Struggle
1.0,1.0,64.87,68.64,66.96479999999985,Average
4.04,1.39,73.88,54.86,60.99230000000007,Average
6.21,1.4,88.74,55.92,54.38175000000001,Struggle
1.93,4.0,66.83,96.39,93.1449999999999,Excel
4.61,3.57,74.87,82.79,74.89425000000014,Average
4.62,3.35,89.78,55.09,62.66125000000004,Average
3.14,1.48,63.05,67.71,65.31174999999983,Average
4.76,3.67,56.11,70.68,69.51715000000014,Average
3.81,2.65,66.83,68.16,66.00354999999995,Average
4.48,2.21,97.18,53.29,73.97665000000008,Average
1.0,2.63,0.84,79.99,78.69659999999983,Excel
4.86,3.3,81.76,61.34,62.862100000000034,Average
4.56,2.31,81.21,64.26,65.8739000000001,Average
1.61,1.75,6.82,68.98,71.7708999999998,Average
3.67,1.0,69.51,53.86,54.22575000000002,Struggle
6.63,5.0,85.35,77.23,74.92294999999979,Average
3.32,2.17,98.6,75.45,75.77295000000021,Excel
3.87,3.69,58.4,64.43,67.04330000000012,Average
3.92,2.82,70.52,73.64,73.27519999999993,Average
5.48,3.22,54.75,39.47,47.718550000000015,Struggle
4.49,1.0,62.12,47.55,47.588600000000014,Struggle
6.24,5.0,68.84,65.56,69.90899999999992,Average
5.79,1.84,44.69,50.91,49.44804999999993,Struggle
4.04,5.0,61.53,76.85,77.60095000000018,Excel
3.68,1.0,61.38,55.63,55.775749999999924,Struggle
3.2,2.73,88.89,60.2,80.29469999999992,Excel
7.0,2.87,98.13,56.3,56.56184999999991,Struggle
5.61,1.0,66.18,42.52,44.37510000000013,Struggle
1.72,3.83,84.4,89.74,87.74269999999999,Excel
6.46,4.36,62.9,53.87,55.90635000000003,Struggle
4.13,4.49,63.74,93.0,84.35725000000002,Excel
1.23,5.0,83.65,95.68,96.64960000000015,Excel
4.56,1.52,90.13,54.85,57.90010000000019,Struggle
3.78,5.0,1.72,71.74,76.54919999999989,Excel
6.3,4.37,79.93,59.79,63.04865000000017,Average
2.26,3.48,53.34,88.15,84.66049999999989,Excel
6.22,4.0,24.77,69.83,69.47965,Average
4.67,4.1,63.12,66.04,66.67565000000019,Average
1.17,1.86,66.83,78.87,75.8203500000002,Excel
3.92,3.35,85.32,61.28,64.95265000000009,Average
4.39,2.99,30.27,47.89,51.341949999999976,Struggle
2.48,3.33,78.37,67.04,78.59204999999996,Excel
4.04,3.27,58.52,70.71,70.81724999999976,Average
5.84,1.74,57.02,41.97,46.80309999999998,Struggle
2.42,1.8,51.45,59.28,55.537599999999976,Struggle
2.23,1.8,42.01,53.91,56.84369999999994,Struggle
2.18,1.43,72.04,79.64,77.69474999999993,Excel
2.33,2.25,68.0,63.21,70.41809999999992,Average
6.01,3.01,82.42,71.92,66.52275000000004,Average
3.84,2.3,73.51,58.61,65.59865000000005,Average
2.72,1.0,98.17,77.8,72.37334999999987,Average
2.34,3.43,46.07,72.19,74.04180000000002,Average
3.38,1.6,87.01,86.3,79.14399999999983,Excel
6.91,2.22,62.86,49.0,49.69129999999999,Struggle
3.4,5.0,75.44,86.04,80.33215000000011,Excel
6.61,5.0,77.63,67.11,67.26100000000008,Average
3.71,5.0,66.46,80.12,80.99180000000025,Excel
3.92,5.0,73.59,97.01,89.96965000000004,Excel
6.59,4.4,63.96,54.98,58.30299999999982,Struggle
3.41,2.95,50.3,66.4,65.03880000000001,Average
4.94,4.77,60.78,68.41,68.30559999999996,Average
7.0,3.58,85.0,60.81,61.92034999999996,Average
1.51,2.56,15.63,96.39,89.00424999999984,Excel
1.96,2.87,26.4,80.48,76.3191999999998,Excel
3.92,5.0,70.4,80.54,79.95997499999999,Excel
2.59,2.87,51.87,56.37,61.75610000000018,Average
1.89,2.33,33.58,88.7,82.30445000000016,Excel
1.0,3.59,6.8,95.51,91.8749,Excel
1.0,3.57,6.69,86.94,87.80915000000006,Excel
5.53,1.3,60.29,51.9,51.57584999999985,Struggle
3.92,3.94,62.87,86.43,81.36540000000016,Excel
3.88,2.6,90.84,93.25,87.51109999999993,Excel
4.52,3.47,60.45,52.65,56.845149999999855,Struggle
3.12,2.87,11.79,69.13,70.75574999999982,Average
1.36,4.17,9.42,78.67,81.04400000000004,Excel
5.93,5.0,78.06,75.86,70.04515000000004,Average
1.39,1.92,8.23,83.56,80.3765499999999,Excel
5.56,1.8,94.99,54.79,53.21215000000003,Struggle
6.83,4.13,60.99,51.09,51.35350000000007,Struggle
4.01,5.0,87.07,76.4,84.37629999999989,Excel
4.26,2.87,57.95,46.22,57.893649999999944,Struggle
3.8,3.21,66.83,78.93,59.06694999999986,Struggle
2.84,4.52,93.53,95.21,92.35674999999965,Excel
6.53,2.4,72.9,64.96,60.40494999999983,Struggle
6.42,1.0,55.18,42.65,40.427049999999944,Struggle
3.45,4.77,91.02,93.75,91.15145000000001,Excel
3.92,2.87,56.8,61.8,63.98409999999988,Average
7.0,1.0,85.29,42.64,42.582550000000055,Struggle
7.0,1.0,56.18,38.11,37.291549999999916,Struggle
4.5,1.0,52.41,58.18,54.49515000000007,Struggle
3.55,5.0,66.83,76.43,77.64950000000012,Excel
2.32,1.0,56.35,51.78,57.07849999999994,Struggle
7.0,1.0,62.99,34.61,34.143899999999945,Struggle
2.15,2.03,55.18,77.7,74.16485000000013,Average
4.19,2.34,75.67,63.99,62.12414999999988,Average
2.96,4.93,53.49,76.04,76.42655000000026,Excel
2.75,2.98,61.17,78.54,76.16705000000023,Excel
3.04,2.0,72.0,52.53,57.17330000000013,Struggle
6.99,4.0,73.7,72.72,65.56329999999998,Average
1.76,1.0,66.83,69.48,66.26614999999984,Average
4.48,3.01,85.28,65.89,68.29369999999994,Average
1.79,5.0,52.36,75.96,81.79424999999979,Excel
1.46,2.47,54.03,62.24,66.32504999999988,Average
3.87,5.0,53.04,83.71,82.72704999999975,Excel
4.51,3.75,71.16,68.45,67.7518500000001,Average
2.55,1.03,52.09,46.42,50.32670000000004,Struggle
2.74,5.0,87.3,90.54,85.56454999999984,Excel
1.67,3.15,61.15,75.37,79.33009999999996,Excel
3.24,4.6,63.54,91.56,77.53865,Excel
6.48,2.9,74.32,51.4,53.8911499999999,Struggle
6.57,2.34,48.31,68.18,64.36000000000007,Average
2.67,1.0,8.78,58.12,57.46995000000008,Struggle
4.43,1.07,85.66,59.69,57.990300000000026,Struggle
6.5,1.0,51.9,52.57,48.14739999999987,Struggle
1.48,1.0,0.42,73.28,71.30530000000016,Average
5.77,3.62,71.11,60.66,62.918649999999865,Average
6.76,2.37,90.43,59.31,58.86304999999997,Struggle
1.94,1.89,69.0,64.12,67.45310000000015,Average
1.79,1.81,25.53,58.33,62.49079999999997,Average
6.93,3.68,62.97,57.14,56.69824999999998,Struggle
4.49,2.34,64.46,79.9,76.23564999999981,Excel
1.0,1.58,4.71,78.09,77.54750000000007,Excel
2.21,3.06,60.64,72.76,71.28550000000007,Average
3.7,1.0,34.74,49.22,51.58294999999995,Struggle
5.02,1.49,65.26,59.47,58.53109999999989,Struggle
5.17,2.65,83.95,44.76,50.22140000000012,Struggle
7.0,1.0,94.47,54.93,40.18665000000002,Struggle
3.92,5.0,83.73,84.21,85.02354999999974,Excel
4.59,3.67,30.55,90.82,81.06699999999987,Excel
3.92,3.33,77.18,65.96,66.7680499999998,Average
3.87,3.86,53.45,70.82,71.7551499999999,Average
2.3,2.87,0.48,74.91,74.0894999999999,Average
7.0,4.0,40.08,75.59,70.27395000000013,Average
6.01,1.0,66.39,52.94,50.049649999999936,Struggle
3.98,2.87,61.03,52.33,62.46544999999995,Average
4.71,3.55,73.31,79.42,74.27785000000003,Average
2.65,1.0,83.32,64.42,65.04520000000005,Average
4.61,1.0,69.25,49.38,51.171799999999976,Struggle
4.75,1.8,90.13,52.86,55.19345000000002,Struggle
4.49,3.37,86.93,84.29,77.76840000000021,Excel
7.0,1.84,3.04,32.79,39.56839999999998,Struggle
4.76,5.0,99.26,82.41,83.4128999999999,Excel
2.92,2.61,64.76,61.84,64.01955000000005,Average
5.95,1.82,82.24,38.68,45.40995000000005,Struggle
2.07,2.87,92.77,82.77,82.50645000000017,Excel
3.63,1.0,9.1,61.15,59.97899999999985,Struggle
3.39,5.0,58.11,83.83,82.97219999999994,Excel
3.18,4.52,38.76,76.68,76.06990000000003,Excel
5.8,2.75,79.52,58.77,56.02075000000018,Struggle
3.89,1.0,52.78,40.05,45.57130000000004,Struggle
6.21,1.62,99.29,76.44,69.01550000000006,Average
4.26,4.17,90.0,83.55,79.48929999999977,Excel
2.76,2.88,93.44,86.39,83.08364999999989,Excel
6.26,3.32,84.71,79.27,71.67740000000012,Average
2.08,3.4,59.3,57.48,79.44440000000003,Excel
2.54,5.0,51.55,87.86,87.0393000000002,Excel
3.83,3.09,93.23,69.34,73.22525000000002,Average
2.64,2.65,69.82,50.92,60.942850000000014,Average
1.17,4.0,3.98,88.36,88.77815000000015,Excel
4.81,5.0,78.08,86.43,84.03755000000018,Excel
4.54,3.42,71.04,71.42,69.77449999999999,Average
3.3,1.73,82.58,55.75,60.331100000000006,Struggle
6.69,1.81,74.19,43.35,45.40695000000009,Struggle
4.36,3.67,84.86,68.2,68.54605000000014,Average
6.31,4.39,66.83,80.56,75.33984999999993,Excel
1.75,2.4,59.78,64.16,71.9574999999999,Average
4.02,2.3,45.85,79.99,74.75199999999988,Average
6.66,1.17,49.63,51.6,50.09450000000009,Struggle
4.42,2.23,66.83,79.55,69.9807999999999,Average
5.15,2.68,7.16,77.85,70.75030000000021,Average
3.18,4.31,66.83,63.92,68.82545000000006,Average
1.27,2.26,82.67,73.53,77.98494999999994,Excel
3.35,5.0,70.96,82.64,81.73099999999988,Excel
3.02,3.92,71.97,77.79,76.36085000000001,Excel
5.87,5.0,94.72,73.98,80.7608499999999,Excel
2.16,2.49,8.42,75.73,75.90674999999982,Excel
3.92,3.21,82.24,44.79,52.942800000000105,Struggle
6.87,4.0,52.9,57.29,59.91320000000019,Struggle
2.62,1.58,84.79,62.55,69.49574999999999,Average
2.59,5.0,49.6,92.23,90.74479999999974,Excel
6.79,2.8,39.22,42.49,50.49125,Struggle
3.92,3.74,60.98,58.56,67.91489999999999,Average
4.12,1.94,65.07,71.23,69.0672499999998,Average
2.79,2.07,71.34,66.03,67.40850000000009,Average
3.92,2.04,60.59,59.31,59.49940000000006,Struggle
4.8,1.99,51.67,61.48,56.11169999999982,Struggle
2.96,1.23,70.7,74.51,70.2025000000001,Average
5.08,4.33,90.86,79.97,76.98499999999979,Excel
1.14,3.03,69.38,72.58,76.38599999999997,Excel
1.29,3.57,3.1,87.91,92.88614999999989,Excel
3.41,3.81,60.49,79.32,77.10904999999987,Excel
3.18,1.41,70.83,52.73,56.71319999999987,Struggle
2.49,3.4,96.38,76.07,77.87424999999982,Excel
3.87,2.73,78.32,69.28,66.83725000000013,Average
3.34,1.42,95.1,70.2,69.72480000000003,Average
3.92,1.29,95.1,78.94,74.37290000000003,Average
2.95,2.75,97.21,88.52,81.72279999999992,Excel
6.92,1.0,68.74,49.24,45.5620999999999,Struggle
3.08,5.0,50.16,71.08,74.28524999999995,Average
3.37,2.74,96.7,97.16,88.48454999999991,Excel
4.21,2.26,56.87,64.3,63.000099999999875,Average
6.89,2.45,66.83,49.42,50.53775000000006,Struggle
2.68,2.08,52.77,48.77,51.36600000000013,Struggle
5.05,3.46,66.83,70.1,67.90005000000014,Average
4.93,1.94,81.04,50.87,53.903000000000084,Struggle
4.58,3.26,37.58,72.36,66.37320000000003,Average
1.19,4.72,51.28,91.0,88.27080000000002,Excel
5.31,4.98,73.82,69.63,69.98839999999984,Average
1.05,2.9,72.11,85.44,81.17530000000014,Excel
4.56,1.78,87.84,65.51,66.20540000000014,Average
5.63,1.8,63.98,44.0,43.369349999999976,Struggle
3.92,3.19,60.88,79.73,64.14559999999994,Average
5.63,1.94,6.0,35.93,43.24300000000006,Struggle
1.24,5.0,4.51,90.85,90.41765000000001,Excel
5.61,1.8,79.96,44.08,47.253049999999966,Struggle
3.85,5.0,73.58,86.23,86.1226000000001,Excel
2.56,3.23,66.84,63.36,65.99670000000013,Average
1.63,1.06,68.72,78.74,74.29824999999987,Average
6.71,2.87,68.55,53.07,50.7749999999999,Struggle
1.87,1.83,98.62,87.99,82.10279999999986,Excel
2.16,1.0,29.52,70.93,66.89315000000009,Average
3.59,1.87,90.9,75.78,72.5363000000001,Average
4.38,1.25,85.41,57.13,60.96149999999996,Average
4.48,3.55,66.83,56.97,62.089449999999886,Average
1.9,4.04,5.24,82.45,83.05185000000016,Excel
3.11,2.26,8.45,77.33,73.14204999999995,Average
3.92,3.55,66.83,69.78,68.71260000000015,Average
2.06,4.0,70.27,95.06,91.59164999999993,Excel
3.1,3.8,77.76,72.1,77.89155000000017,Excel
5.65,1.8,62.66,43.56,43.47304999999997,Struggle
2.23,3.71,51.77,64.68,71.27450000000015,Average
3.61,5.0,91.8,92.47,91.82674999999989,Excel
3.92,1.0,94.82,58.46,60.653299999999824,Average
6.49,2.72,25.63,53.72,53.130249999999954,Struggle
6.53,3.99,89.35,58.01,72.63810000000007,Average
5.9,1.48,87.06,47.39,49.148049999999984,Struggle
2.8,3.27,58.92,83.02,79.19605000000023,Excel
1.3,2.87,71.09,78.83,79.73389999999993,Excel
3.31,1.98,31.46,66.28,63.72875000000016,Average
2.34,3.31,88.0,95.02,89.1110000000002,Excel
4.23,3.35,91.88,77.92,75.39830000000006,Excel
5.91,5.0,54.74,69.23,66.50745000000002,Average
5.92,3.32,78.15,59.94,63.80384999999995,Average
5.6,5.0,88.09,72.89,74.21354999999987,Average
3.03,5.0,89.31,88.71,87.79359999999976,Excel
4.67,1.0,29.03,41.24,53.21490000000005,Struggle
3.28,3.1,76.28,83.57,79.46804999999989,Excel
1.82,3.25,92.88,86.6,85.89060000000012,Excel
5.45,2.08,65.93,38.26,45.19450000000009,Struggle
1.29,2.83,0.0,84.49,83.91109999999989,Excel
3.2,2.13,90.22,55.65,63.25429999999985,Average
2.55,3.74,54.47,73.48,76.06244999999981,Excel
5.46,3.99,92.97,73.28,72.59580000000018,Average
5.66,2.87,65.56,76.34,70.10010000000007,Average
3.0,2.53,66.83,49.36,55.693850000000026,Struggle
6.15,4.22,61.71,54.8,55.609399999999894,Struggle
2.67,3.45,28.6,53.77,69.92175000000012,Average
3.32,2.46,66.83,68.53,71.34880000000011,Average
5.66,2.87,84.64,75.02,72.1699500000002,Average
5.11,3.69,60.7,64.05,64.41704999999989,Average
7.0,3.26,96.74,75.73,70.89609999999979,Average
2.29,3.41,75.82,86.19,86.58735000000003,Excel
4.69,1.11,73.0,42.23,46.772349999999854,Struggle
4.33,1.0,71.71,61.62,58.011800000000136,Struggle
6.73,1.75,84.63,61.79,54.09235000000004,Struggle
2.01,4.59,33.26,80.86,82.30525000000016,Excel
5.41,1.0,56.43,44.02,46.53084999999991,Struggle
4.4,3.01,55.57,68.98,65.03155000000007,Average
2.7,2.43,71.42,69.31,70.94944999999997,Average
3.59,1.56,53.7,57.65,58.105199999999826,Struggle
2.88,5.0,76.47,89.66,87.77774999999994,Excel
4.27,4.23,82.37,62.82,67.66939999999988,Average
6.22,1.91,6.39,33.05,40.58250000000009,Struggle
4.42,2.03,90.02,48.33,54.97209999999996,Struggle
4.46,5.0,83.49,81.69,81.31540000000012,Excel
4.0,4.64,82.52,84.71,73.78055000000018,Average
1.2,3.55,71.04,83.04,82.49775000000028,Excel
2.19,2.26,98.1,82.0,73.8763000000001,Average
4.45,5.0,63.71,79.56,78.87649999999994,Excel
2.43,5.0,78.89,77.28,80.99845000000013,Excel
2.23,4.18,41.39,89.98,84.91969999999998,Excel
3.69,3.06,87.24,84.89,71.84164999999999,Average
3.28,4.12,52.39,56.86,62.00640000000009,Average
2.96,1.91,52.29,63.09,61.96170000000011,Average
3.68,1.8,90.54,56.56,60.09499999999996,Struggle
2.12,1.17,71.71,64.68,68.71575000000007,Average
6.32,5.0,67.06,64.96,66.52659999999973,Average
5.85,5.0,80.38,74.75,74.33115000000002,Average
5.07,4.7,85.09,74.91,72.47829999999992,Average
1.48,3.66,24.42,73.47,77.34489999999981,Excel
5.56,1.0,22.7,41.16,42.55339999999994,Struggle
5.72,1.0,97.91,47.89,49.441149999999965,Struggle
5.52,3.3,79.48,59.98,59.69324999999983,Struggle
1.89,2.87,6.86,75.91,75.06049999999998,Average
3.92,5.0,90.07,75.03,76.36320000000022,Excel
5.53,2.63,76.26,37.2,46.444999999999965,Struggle
4.45,5.0,24.62,80.28,79.73199999999996,Excel
4.83,1.46,24.83,56.79,56.473600000000104,Struggle
3.31,5.0,69.84,77.18,80.25590000000015,Excel
3.8,2.94,1.53,74.1,71.45985000000013,Average
1.22,1.0,4.32,62.33,65.61349999999997,Average
4.56,5.0,66.83,73.53,74.34805000000017,Average
1.87,1.84,94.66,95.26,74.17689999999995,Average
3.28,2.91,56.09,64.36,65.72485000000012,Average
2.28,3.86,81.48,73.85,85.01070000000007,Excel
4.22,1.15,38.49,49.45,51.948700000000045,Struggle
2.29,3.42,80.29,84.98,83.3058999999998,Excel
5.28,4.0,7.96,79.39,76.72564999999993,Excel
5.62,2.97,55.08,31.69,43.44809999999993,Struggle
1.5,1.05,79.12,66.66,67.54084999999992,Average
1.61,4.41,84.15,96.65,94.88364999999997,Excel
1.58,1.0,84.01,73.97,71.97464999999985,Average
6.41,1.62,81.85,62.65,52.27050000000004,Struggle
4.25,2.94,75.01,63.47,67.09054999999992,Average
3.57,3.19,37.67,69.43,67.76130000000008,Average
1.21,4.26,51.26,75.53,79.7907000000002,Excel
5.16,1.2,84.51,54.61,56.36315000000003,Struggle
6.3,1.0,82.74,37.71,39.35449999999999,Struggle
6.31,3.78,66.83,71.44,69.31635000000011,Average
4.52,3.78,20.16,67.46,55.891200000000005,Struggle
1.6,3.48,60.53,81.76,81.68940000000015,Excel
1.29,3.37,63.01,85.92,82.87775000000006,Excel
1.09,1.8,9.79,76.46,66.93470000000002,Average
2.7,2.69,61.14,63.87,64.95980000000013,Average
2.14,3.23,45.37,89.53,84.54280000000016,Excel
2.38,1.0,62.6,69.59,60.589249999999986,Average
3.61,3.03,55.54,56.37,58.19500000000016,Struggle
6.84,1.8,2.54,44.74,41.508549999999914,Struggle
4.51,1.8,94.63,53.43,54.757450000000055,Struggle
6.39,2.87,16.21,43.09,44.94950000000004,Struggle
5.27,5.0,66.83,80.79,78.52560000000021,Excel
1.83,4.47,49.08,94.96,92.35169999999967,Excel
5.42,3.59,66.2,68.73,67.03649999999979,Average
2.6,5.0,35.07,95.55,92.80624999999982,Excel
5.18,5.0,80.72,84.35,76.76695000000015,Excel
2.84,3.91,55.36,75.05,76.56584999999978,Excel
6.53,1.0,53.72,30.34,41.01954999999986,Struggle
2.96,2.19,65.93,86.85,82.57480000000014,Excel
3.0,3.45,65.97,64.7,69.36135000000012,Average
6.45,1.87,8.7,38.51,42.22920000000011,Struggle
1.0,1.73,0.89,75.47,74.97449999999982,Average
5.36,2.86,64.15,57.54,59.80680000000021,Struggle
3.92,3.09,72.22,57.23,63.02879999999976,Average
5.94,1.8,68.39,43.11,42.9321499999999,Struggle
6.44,1.81,0.0,58.78,53.06760000000005,Struggle
6.95,5.0,80.18,72.66,66.70849999999999,Average
1.0,3.08,82.68,80.93,84.58860000000011,Excel
6.06,2.51,60.53,64.26,51.7288,Struggle
5.05,1.8,30.83,48.54,47.7936000000001,Struggle
4.87,3.27,51.06,38.91,46.09234999999994,Struggle
1.45,4.1,33.2,75.39,76.50054999999988,Excel
4.5,2.65,63.25,62.52,68.72524999999999,Average
6.7,1.64,53.27,50.88,50.342499999999944,Struggle
6.44,3.18,80.13,68.38,64.33219999999983,Average
3.77,5.0,99.91,85.77,87.40115000000019,Excel
1.0,5.0,0.0,94.31,97.34974261904745,Excel
3.38,1.0,91.06,69.31,67.22719999999993,Average
6.17,1.8,55.94,37.88,39.30415000000007,Struggle
5.15,2.2,44.36,69.59,64.91850000000004,Average
3.6,2.24,82.16,58.36,61.25255000000007,Average
1.67,2.96,95.14,81.38,83.87099999999977,Excel
3.84,1.63,55.7,54.92,56.947000000000024,Struggle
4.29,1.59,65.77,61.18,62.51835000000014,Average
6.44,1.24,54.54,35.2,40.0685499999999,Struggle
5.26,1.8,70.37,42.03,45.97487499999997,Struggle
2.46,3.43,95.58,81.63,80.96464999999975,Excel
4.06,2.44,89.08,74.31,75.64474999999989,Excel
1.37,2.83,86.15,88.73,91.97559999999982,Excel
6.78,2.64,76.65,59.1,57.97610000000015,Struggle
3.92,2.87,94.17,60.03,61.68320000000016,Average
3.54,1.0,72.47,59.98,58.30870000000007,Struggle
3.5,3.12,57.48,50.41,56.81819999999997,Struggle
3.92,5.0,91.88,82.82,82.04229999999986,Excel
5.37,2.87,63.98,69.37,65.43860000000022,Average
4.79,2.61,52.68,46.65,49.49589999999985,Struggle
2.74,2.87,56.3,58.45,63.36610000000012,Average
2.8,3.87,80.45,95.26,90.5782,Excel
1.76,4.98,47.43,85.88,85.63374999999978,Excel
5.17,5.0,32.38,75.76,76.29660000000014,Excel
1.0,1.86,0.0,74.02,72.06440000000022,Average
4.29,2.64,66.83,55.11,59.37849999999996,Struggle
6.42,3.94,96.03,70.83,65.85555000000005,Average
6.36,2.74,79.25,62.13,60.14154999999989,Struggle
3.42,3.52,66.83,80.46,79.43179999999973,Excel
3.74,1.21,87.65,77.97,64.59990000000002,Average
1.42,3.05,62.89,76.91,77.65689999999996,Excel
5.21,4.74,65.51,65.53,67.90665000000017,Average
5.43,2.87,51.46,46.05,51.0797,Struggle
2.56,2.21,50.95,58.04,71.59644999999995,Average
3.64,5.0,32.41,85.98,83.81124999999976,Excel
6.28,3.04,52.33,53.08,50.181599999999975,Struggle
6.65,1.19,55.4,50.3,48.56734999999996,Struggle
2.4,5.0,56.31,75.16,87.66024999999996,Excel
4.14,4.8,73.16,89.5,85.12469999999998,Excel
1.75,3.54,86.55,72.63,78.18979999999978,Excel
1.45,3.51,66.83,82.56,81.4122499999999,Excel
6.04,3.37,77.32,73.71,69.57414999999976,Average
6.22,2.22,48.42,69.81,62.15064999999995,Average
5.87,2.92,66.83,62.19,58.4075499999999,Struggle
1.21,1.0,6.24,72.13,70.69154999999988,Average
5.82,2.1,57.33,49.12,50.301500000000054,Struggle
3.25,4.23,57.69,73.2,72.1851000000001,Average
3.4,4.0,73.25,85.67,86.85029999999986,Excel
4.66,5.0,89.52,88.75,86.44400000000002,Excel
1.32,1.0,85.2,70.49,70.36954999999988,Average
5.66,2.51,35.87,52.08,52.55419999999998,Struggle
4.25,2.66,75.52,61.13,61.0994499999999,Average
3.92,5.0,72.2,96.16,87.30614999999993,Excel
1.65,2.71,71.19,80.44,77.17400000000009,Excel
2.19,3.43,77.13,71.44,76.05265000000007,Excel
1.0,2.7,99.1,72.11,86.85274999999993,Excel
4.04,1.26,90.65,68.69,65.95110000000008,Average
5.64,1.0,95.19,42.21,47.03054999999993,Struggle
1.0,2.87,0.0,86.71,77.62934999999989,Excel
1.46,2.01,66.83,85.67,68.49295000000006,Average
4.14,3.64,54.24,59.52,63.0631500000002,Average
6.31,4.32,63.16,54.36,57.136499999999984,Struggle
2.75,5.0,72.09,89.36,88.73905000000008,Excel
2.93,2.95,82.1,66.9,66.89084999999986,Average
4.3,2.8,75.04,56.27,60.79180000000016,Average
2.4,5.0,95.16,95.61,94.92060000000009,Excel
1.0,3.24,4.3,99.52,91.64520000000024,Excel
5.2,3.28,3.76,69.37,66.58515000000017,Average
5.11,2.58,92.65,52.5,71.19760000000001,Average
4.67,1.0,74.09,48.48,49.97074999999989,Struggle
5.83,1.0,50.35,39.62,42.508499999999955,Struggle
4.65,1.0,89.25,56.36,52.039199999999944,Struggle
2.2,2.1,30.08,81.06,76.53629999999984,Excel
2.84,1.0,59.06,69.47,55.52179999999999,Struggle
1.98,1.92,83.54,90.2,87.90580000000026,Excel
2.25,1.0,93.76,78.37,75.06810000000021,Average
5.38,2.38,99.72,64.22,64.22749999999989,Average
5.69,2.93,75.9,76.57,62.262599999999956,Average
6.6,1.0,54.66,32.33,35.53994999999993,Struggle
4.3,1.51,0.0,51.85,57.58950000000015,Struggle
1.64,1.0,66.18,70.02,67.42195000000017,Average
1.21,1.24,55.18,56.14,61.72434999999993,Average
5.66,3.76,90.77,59.96,70.21415000000005,Average
4.27,3.31,64.84,57.64,61.27069999999994,Average
4.61,2.78,98.79,74.67,69.65630000000004,Average
5.59,3.27,85.13,75.11,64.84969999999993,Average
5.49,3.98,58.67,56.34,57.731200000000065,Struggle
5.65,2.73,73.8,37.22,43.91960000000003,Struggle
1.0,3.28,73.34,88.02,83.9462000000002,Excel
5.62,2.02,74.63,43.76,47.21240000000011,Struggle
6.18,1.47,43.35,61.65,58.356549999999864,Struggle
2.37,4.54,31.43,75.04,79.0603000000003,Excel
5.19,1.8,84.32,56.66,55.08799999999993,Struggle
2.71,5.0,74.36,88.17,88.09149999999994,Excel
6.62,2.64,89.55,71.37,53.55100000000005,Struggle
1.12,5.0,4.1,96.74,95.66603333333336,Excel
4.3,2.02,61.53,51.74,61.48515000000006,Average
2.06,4.15,66.83,71.1,73.77305000000015,Average
5.16,4.0,85.16,75.92,77.45389999999999,Excel
1.82,3.08,69.16,73.91,74.50124999999993,Average
2.81,5.0,72.33,90.53,89.2218500000001,Excel
3.78,1.84,62.98,44.9,50.05384999999989,Struggle
6.69,1.81,57.83,28.42,33.392300000000034,Struggle
2.12,4.84,64.37,84.44,83.22520000000006,Excel
1.81,2.05,66.4,88.47,83.3523499999998,Excel
5.29,3.96,36.86,68.75,67.22075000000002,Average
4.25,5.0,82.77,86.69,83.89910000000008,Excel
6.71,1.0,63.66,32.09,35.23605000000005,Struggle
1.4,1.0,52.55,61.64,59.48814999999997,Struggle
4.44,3.61,68.66,75.86,72.64655000000012,Average
2.82,1.8,92.78,67.27,66.31970000000015,Average
3.92,3.53,74.92,84.3,80.29499999999982,Excel
5.11,4.72,98.24,71.5,74.05235000000005,Average
4.55,1.0,50.82,48.78,48.72360000000003,Struggle
5.84,1.0,0.0,47.11,49.07114999999999,Struggle
2.5,2.87,59.67,64.57,63.98389999999991,Average
3.84,5.0,52.78,87.28,83.89490000000006,Excel
3.41,3.63,76.82,82.99,78.4785499999999,Excel
7.0,3.29,80.2,62.16,59.28339999999991,Struggle
2.28,1.0,87.76,82.19,76.42785000000009,Excel
2.86,1.0,86.3,65.33,62.05120000000004,Average
3.19,1.28,52.17,47.03,51.74170000000004,Struggle
4.73,1.0,90.13,66.88,51.66569999999991,Struggle
2.69,1.0,0.0,53.9,56.18204999999983,Struggle
6.87,2.64,46.93,37.17,42.52355000000005,Struggle
2.98,2.53,76.88,71.44,69.48410000000007,Average
6.28,2.47,80.62,51.91,53.79109999999992,Struggle
1.26,1.0,17.74,53.58,58.101799999999976,Struggle
5.07,3.16,70.87,69.69,67.75800000000005,Average
6.81,2.2,66.78,52.22,52.04375000000005,Struggle
1.58,2.91,67.52,54.6,61.790900000000164,Average
6.87,4.0,54.57,61.27,60.693300000000164,Average
3.33,3.0,57.99,50.86,59.39510000000013,Struggle
6.2,5.0,58.09,65.43,66.12845000000011,Average
5.24,1.0,68.66,36.59,40.37902285714286,Struggle
2.99,3.53,94.72,91.86,87.95610000000015,Excel
3.92,1.8,60.3,55.71,55.0577499999999,Struggle
3.18,2.03,45.33,80.19,74.11320000000012,Average
3.92,3.25,65.58,76.19,65.51199999999996,Average
1.47,4.75,66.83,92.42,90.3011999999999,Excel
1.99,1.61,52.51,65.62,67.91475000000014,Average
3.54,2.88,59.83,51.64,57.4639,Struggle
5.54,3.87,3.54,63.2,63.51260000000019,Average
3.92,2.89,99.65,66.43,72.50205000000011,Average
2.17,5.0,78.54,94.84,90.46225000000003,Excel
5.05,1.8,56.95,42.47,44.337850000000024,Struggle
2.47,1.0,63.61,69.12,68.98620000000021,Average
1.37,2.89,58.39,82.28,79.65470000000016,Excel
1.79,3.37,56.23,62.88,77.44429999999993,Excel
3.92,3.47,89.86,51.22,60.30614999999987,Struggle
6.04,4.84,74.79,66.59,66.89855000000006,Average
2.85,4.94,81.56,82.75,85.54930000000004,Excel
4.95,2.69,32.65,78.02,72.38895000000021,Average
4.41,3.3,9.94,64.25,61.60215,Average
4.78,4.63,62.88,61.99,64.56569999999988,Average
5.25,1.45,0.46,52.1,52.50695000000002,Struggle
4.31,1.03,9.53,59.36,57.90390000000011,Struggle
2.4,3.8,21.77,78.9,84.58319999999996,Excel
1.4,3.96,3.75,72.72,79.6248999999998,Excel
3.38,3.51,92.61,74.7,73.6941500000001,Average
6.07,2.41,56.02,46.63,48.07904999999996,Struggle
4.8,1.85,94.87,80.89,63.374799999999986,Average
6.16,4.47,53.97,72.32,68.20149999999994,Average
6.95,4.47,67.45,57.78,58.124400000000094,Struggle
1.69,3.69,42.32,73.21,75.6801499999997,Excel
4.99,3.92,77.97,77.55,75.47564999999985,Excel
5.12,4.36,23.61,59.64,65.92480000000005,Average
6.54,1.04,89.95,40.0,54.208349999999975,Struggle
6.89,1.0,98.66,40.9,46.67405000000006,Struggle
5.03,2.75,59.06,36.59,45.705850000000034,Struggle
2.44,1.0,94.76,81.29,75.73260000000023,Excel
5.4,4.0,77.84,71.7,71.60850000000016,Average
1.25,2.05,0.0,79.61,77.74590000000012,Excel
6.14,1.0,58.8,52.88,51.29684999999993,Struggle
6.94,5.0,53.66,74.39,67.21529999999993,Average
3.23,4.0,52.99,78.58,79.17519999999996,Excel
5.07,2.66,94.16,78.72,76.79734999999978,Excel
3.74,2.87,83.71,65.06,65.69274999999996,Average
3.25,1.0,68.51,52.5,59.54230000000004,Struggle
2.66,1.0,59.52,47.99,53.93914999999989,Struggle
5.38,2.23,90.83,47.77,52.39250000000018,Struggle
6.72,2.97,80.16,46.98,47.620849999999834,Struggle
6.72,2.21,68.02,52.79,53.57475000000009,Struggle
2.47,1.0,40.98,61.0,60.884199999999964,Average
6.54,1.34,66.83,42.8,44.85620000000001,Struggle
5.78,1.0,66.95,49.86,46.844999999999985,Struggle
2.91,2.53,54.48,76.83,65.04889999999995,Average
1.7,2.46,95.56,89.25,85.84649999999996,Excel
2.44,3.0,69.37,70.19,70.13890000000005,Average
6.19,3.6,40.73,44.99,47.51374999999991,Struggle
4.87,3.28,60.22,56.21,53.46084999999999,Struggle
5.52,2.99,94.87,55.35,56.99050000000013,Struggle
2.43,1.0,22.42,57.2,58.62770000000005,Struggle
5.67,5.0,44.23,74.68,71.33830000000007,Average
1.63,2.92,9.26,100.0,92.33434999999996,Excel
3.32,3.39,51.75,67.76,66.51220000000013,Average
4.72,5.0,91.44,87.55,85.65964999999984,Excel
2.22,2.57,70.53,78.07,75.31189999999984,Excel
5.46,1.0,82.9,44.08,46.20134999999998,Struggle
2.04,2.87,68.62,89.71,85.52129999999981,Excel
5.26,3.0,54.12,51.84,54.89450000000008,Struggle
3.66,2.73,62.71,74.29,68.93435000000022,Average
4.5,2.81,51.1,52.08,50.07109999999996,Struggle
2.03,3.37,97.39,77.09,82.77145000000004,Excel
1.0,2.58,8.29,78.47,77.69484999999985,Excel
6.59,2.55,91.2,53.26,56.290350000000025,Struggle
2.75,1.0,58.46,63.23,55.375299999999946,Struggle
5.6,1.0,69.61,50.62,48.037550000000074,Struggle
6.78,3.17,70.75,51.39,51.6066,Struggle
2.69,4.64,27.36,86.45,83.63085000000025,Excel
2.27,3.19,93.29,91.83,80.89145000000005,Excel
4.65,4.43,45.6,59.85,62.16280000000013,Average
6.77,2.87,68.31,37.7,45.03249999999996,Struggle
6.08,2.24,83.12,72.61,67.64915000000008,Average
4.41,1.43,30.53,46.93,54.733700000000134,Struggle
5.37,3.44,67.36,46.22,67.95029999999994,Average
1.93,3.26,86.68,79.78,83.80450000000017,Excel
6.7,4.0,30.82,69.62,68.10780000000014,Average
7.0,1.0,60.04,36.82,40.51429999999997,Struggle
2.07,1.8,90.38,64.94,66.50910000000003,Average
2.69,1.98,90.27,78.89,74.07069999999995,Average
2.08,1.0,74.88,66.98,67.51189999999978,Average
2.2,4.07,76.33,73.62,78.10175000000004,Excel
5.98,1.0,84.8,60.43,55.01625000000009,Struggle
3.76,1.74,75.46,72.2,69.15050000000015,Average
1.72,3.05,70.85,58.78,74.65489999999996,Average
3.29,1.0,99.74,61.33,63.01349999999993,Average
6.42,3.28,57.38,61.22,58.63379999999993,Struggle
4.3,2.54,51.73,77.57,71.32794999999979,Average
3.04,1.0,94.29,66.31,65.54329999999993,Average
2.49,2.25,84.36,61.95,67.13945000000015,Average
7.0,1.0,94.05,36.88,39.43910000000006,Struggle
5.76,1.43,66.82,60.15,55.24404999999989,Struggle
2.48,5.0,63.6,82.85,85.53400000000006,Excel
1.07,1.0,92.56,82.42,73.64289999999993,Average
1.17,3.52,34.95,89.6,85.17805000000017,Excel
1.59,5.0,85.48,88.21,91.4424499999997,Excel
4.73,3.74,57.39,81.08,76.89600000000002,Excel
6.94,2.86,87.79,39.86,44.49059999999998,Struggle
4.23,1.8,44.1,59.56,56.373449999999984,Struggle
6.21,1.0,63.43,36.14,40.728649999999945,Struggle
3.95,4.27,74.73,81.4,79.50149999999981,Excel
5.49,4.97,59.14,73.51,67.98265000000004,Average
5.37,2.3,50.59,56.9,56.273749999999836,Struggle
1.88,1.13,81.87,58.45,73.40315000000002,Average
2.95,1.89,77.08,67.47,68.90229999999991,Average
3.92,2.99,61.01,48.82,61.20365000000003,Average
3.92,2.24,87.65,84.95,78.53380000000023,Excel
3.25,1.83,65.17,56.33,59.557399999999916,Struggle
4.62,1.09,4.82,41.03,45.718500000000006,Struggle
6.49,1.92,73.56,63.29,59.15870000000015,Struggle
4.14,3.8,83.81,63.8,70.37044999999985,Average
6.25,4.41,59.86,65.63,62.84054999999987,Average
3.72,2.31,18.7,44.68,64.57350000000002,Average
6.21,5.0,69.82,73.43,72.63990000000007,Average
4.66,3.06,66.83,59.06,60.13740000000003,Struggle
6.06,5.0,2.69,80.01,75.77050000000013,Excel
3.19,2.78,72.39,65.24,65.71359999999989,Average
4.69,4.0,85.35,87.59,85.0515000000001,Excel
5.19,5.0,34.11,77.43,77.14510000000017,Excel
3.07,1.31,59.61,76.85,69.99500000000013,Average
1.97,4.54,43.92,91.86,90.15710000000016,Excel
1.83,3.09,66.78,80.3,78.80489999999982,Excel
1.0,2.26,1.09,65.55,70.6302499999998,Average
5.86,1.98,75.71,38.33,42.494049999999945,Struggle
2.29,3.16,88.32,84.04,81.86515000000026,Excel
2.04,3.69,80.01,88.88,85.96584999999983,Excel
5.12,3.89,51.16,69.06,69.98899999999996,Average
2.62,2.4,66.07,63.59,66.24415000000009,Average
3.67,4.38,64.91,60.3,64.07119999999985,Average
2.09,2.51,37.21,59.35,65.69495000000012,Average
6.95,2.87,74.28,62.3,54.87534999999993,Struggle
6.31,1.0,77.11,48.2,44.88359999999995,Struggle
3.92,2.62,88.31,81.54,82.90964999999989,Excel
3.92,2.72,69.66,62.36,63.39720000000009,Average
5.95,3.77,72.0,54.24,59.854449999999915,Struggle
2.32,3.4,76.75,97.63,89.85069999999988,Excel
1.0,2.63,1.08,77.73,76.85564999999978,Excel
1.5,1.0,4.28,73.6,71.39020000000012,Average
4.78,4.58,92.56,72.58,73.50134999999999,Average
3.57,2.94,72.75,48.26,55.49770000000012,Struggle
3.72,5.0,50.01,74.31,80.73430000000012,Excel
1.22,2.35,0.99,88.96,87.0093999999997,Excel
3.18,1.03,56.22,57.25,59.003250000000016,Struggle
5.1,3.05,62.23,60.94,60.41890000000005,Struggle
3.66,1.8,20.77,44.33,46.450149999999965,Struggle
5.57,4.0,58.99,70.17,70.41415000000002,Average
2.83,4.5,5.67,93.46,87.11654999999972,Excel
3.92,5.0,78.98,77.51,78.98875000000017,Excel
4.7,3.17,97.8,68.33,68.99444999999997,Average
2.07,2.1,66.83,69.9,73.31479999999986,Average
2.61,2.74,74.28,53.09,59.53160000000009,Struggle
4.71,2.61,98.87,80.98,69.81250000000009,Average
6.34,3.94,91.32,62.31,63.381100000000025,Average
3.38,4.44,86.43,71.04,73.15240000000027,Average
2.52,2.63,59.45,86.07,75.64214999999987,Excel
6.13,1.0,88.47,48.51,48.319750000000134,Struggle
5.33,1.8,67.38,45.46,45.374799999999944,Struggle
4.14,1.8,76.53,53.41,53.55579999999995,Struggle
3.76,1.0,80.46,62.66,59.57499999999995,Struggle
2.21,1.0,8.34,56.84,60.597150000000056,Average
4.97,2.81,86.33,66.18,66.00140000000012,Average
3.55,1.26,48.66,66.82,66.50829999999985,Average
6.96,1.52,31.67,31.61,37.652849999999916,Struggle
3.49,3.8,0.0,82.23,77.28624999999978,Excel
3.79,3.42,55.93,60.82,59.66425000000006,Struggle
4.45,3.55,64.8,69.73,68.53969999999977,Average
6.42,3.2,38.28,48.71,49.09624999999996,Struggle
5.49,2.85,56.23,53.04,53.78200000000012,Struggle
3.25,4.54,70.93,80.3,78.92984999999987,Excel
5.5,1.0,77.47,50.18,48.32340000000009,Struggle
5.01,4.6,64.27,62.93,66.48935000000007,Average
4.37,4.0,76.57,87.23,84.80039999999975,Excel
2.33,4.95,87.16,79.31,82.22649999999989,Excel
4.12,3.71,50.67,52.52,57.3684000000002,Struggle
2.23,1.0,95.02,73.04,72.7483000000003,Average
6.61,3.52,69.33,57.04,57.60675000000018,Struggle
2.57,5.0,93.46,94.69,94.82014999999996,Excel
6.92,1.96,51.95,25.95,29.625799999999934,Struggle
4.67,1.09,57.28,46.58,47.401349999999965,Struggle
5.15,2.1,66.13,54.03,54.023850000000046,Struggle
4.29,1.73,67.27,50.36,55.71450000000007,Struggle
2.07,3.66,92.39,74.35,83.77340000000008,Excel
3.69,1.8,50.56,47.83,51.11025000000001,Struggle
1.31,2.58,82.06,73.1,75.46800000000016,Excel
5.03,2.32,56.57,38.6,44.0273500000001,Struggle
3.45,2.74,91.16,86.42,83.16044999999997,Excel
6.05,1.0,88.93,50.24,48.895399999999945,Struggle
1.92,1.0,52.41,68.84,57.37670000000005,Struggle
1.67,1.0,60.63,66.7,66.60630000000012,Average
3.66,2.73,81.72,87.14,64.81335000000003,Average
6.23,2.02,0.7,56.71,56.13169999999984,Struggle
4.92,4.96,59.5,69.41,69.02589999999994,Average
3.57,3.02,81.33,59.28,62.7949500000001,Average
4.43,2.35,60.69,86.49,57.51175000000003,Struggle
1.28,3.43,94.55,81.44,82.47100000000005,Excel
7.0,3.65,79.66,41.0,48.37495000000003,Struggle
5.31,1.3,76.93,62.61,59.386050000000075,Struggle
3.92,2.29,99.92,95.01,87.59865000000009,Excel
4.66,5.0,6.32,72.79,74.58165000000031,Average
1.2,5.0,71.01,90.62,90.92085000000009,Excel
6.67,4.51,59.13,74.09,68.77855000000007,Average
1.81,1.0,31.91,62.2,65.4284499999998,Average
4.54,4.3,17.3,49.47,55.032849999999954,Struggle
2.36,2.66,81.7,57.76,63.973050000000114,Average
5.16,5.0,54.79,74.37,75.02255000000022,Average
5.89,1.0,68.66,38.74,40.75919999999991,Struggle
5.14,5.0,7.52,76.96,73.86344999999999,Average
5.1,1.32,77.38,61.32,57.07210000000007,Struggle
6.0,2.27,99.58,55.95,57.231500000000096,Struggle
1.03,2.76,61.05,53.88,60.378999999999884,Struggle
3.02,3.91,68.79,59.22,65.68339999999988,Average
1.99,5.0,56.61,86.47,86.51819999999992,Excel
7.0,1.0,80.38,35.99,39.28639999999988,Struggle
3.35,4.23,59.3,67.81,68.7959499999999,Average
5.39,1.8,74.1,44.85,45.246600000000115,Struggle
4.97,3.28,62.29,55.29,57.68280000000015,Struggle
2.14,2.49,54.76,62.63,65.14259999999982,Average
2.36,1.01,76.96,68.57,61.59525000000007,Average
2.21,4.31,58.56,81.67,80.02515,Excel
3.05,1.74,70.28,67.89,65.37724999999993,Average
2.42,2.9,71.76,61.66,64.83654999999997,Average
1.0,3.16,6.19,94.66,89.64199999999991,Excel
6.56,1.37,66.83,44.43,46.552350000000054,Struggle
6.56,3.64,86.72,48.19,51.712899999999955,Struggle
2.65,4.78,70.01,76.61,79.84450000000014,Excel
2.77,1.0,86.77,67.64,65.06399999999998,Average
1.0,4.52,1.44,91.16,90.63764999999991,Excel
4.62,1.97,52.73,51.77,50.079800000000205,Struggle
5.59,3.89,72.8,64.83,65.14729999999994,Average
1.7,5.0,87.34,95.12,92.77034999999995,Excel
1.77,1.0,79.16,66.0,66.39989999999999,Average
6.04,2.14,58.76,52.14,52.128099999999996,Struggle
5.04,1.28,67.02,57.19,56.55315,Struggle
1.0,1.4,5.22,68.02,72.24355000000014,Average
4.36,3.24,63.07,67.68,66.0359500000001,Average
2.98,4.84,0.06,77.48,77.89919999999981,Excel
3.51,1.94,75.74,71.66,69.83319999999986,Average
6.08,1.15,92.74,71.0,65.76785000000004,Average
5.38,2.04,87.1,45.79,51.02830000000013,Struggle
3.31,4.02,91.76,76.47,79.43374999999975,Excel
6.91,4.97,94.18,68.02,67.22915000000017,Average
3.77,4.1,70.81,68.57,69.17024999999994,Average
5.19,2.86,67.3,46.27,51.291150000000144,Struggle
4.08,5.0,52.88,70.2,72.82980000000015,Average
6.18,1.45,96.52,51.82,53.719549999999884,Struggle
6.02,2.18,15.86,54.06,53.17220000000003,Struggle
1.51,3.75,65.82,87.43,85.88435000000014,Excel
6.28,1.52,68.91,51.66,51.08595,Struggle
6.19,3.68,97.44,77.41,73.58204999999994,Average
5.99,2.54,70.98,68.1,54.8167,Struggle
2.55,2.62,90.83,66.18,71.64420000000013,Average
5.71,2.73,0.0,71.05,64.20339999999985,Average
5.61,2.85,64.95,58.18,61.81595000000009,Average
2.49,3.6,51.05,80.15,78.30824999999987,Excel
6.68,5.0,99.9,75.09,73.07090000000002,Average
1.49,3.67,0.07,75.41,79.97149999999989,Excel
1.78,4.14,96.82,93.35,93.26160000000006,Excel
4.27,1.51,89.31,62.18,61.92005000000012,Average
4.47,3.24,89.79,59.19,71.71940000000006,Average
4.53,3.43,33.87,68.79,64.80069999999996,Average
1.22,5.0,3.17,95.35,95.80564999999999,Excel
6.7,4.37,33.21,67.27,64.39385000000017,Average
1.58,2.57,6.77,92.23,83.42370000000001,Excel
2.05,2.9,97.97,88.71,89.94019999999972,Excel
1.0,1.33,4.84,78.96,76.75389999999975,Excel
4.39,2.87,64.81,83.02,78.33680000000018,Excel
6.79,3.08,62.26,48.18,51.804500000000104,Struggle
4.59,3.78,99.43,79.34,80.83460000000007,Excel
6.23,4.73,53.33,51.78,55.50070000000007,Struggle
1.0,1.43,9.78,95.61,79.24665000000009,Excel
4.25,2.37,67.77,63.81,62.85049999999998,Average
4.2,2.86,70.94,91.01,81.01250000000009,Excel
4.06,4.09,61.52,75.94,72.97725000000005,Average
1.35,2.75,23.58,90.15,85.26909999999984,Excel
4.62,1.8,66.83,37.47,43.59575000000006,Struggle
3.65,3.09,97.6,72.42,72.78365000000007,Average
5.67,4.67,84.95,73.5,71.39429999999999,Average
3.9,4.78,87.75,78.91,87.16764999999988,Excel
1.76,2.62,87.88,99.13,92.0718999999998,Excel
5.31,1.0,53.03,40.82,42.774499999999904,Struggle
1.86,1.0,60.16,57.4,60.39764999999997,Struggle
6.27,1.89,74.56,50.16,49.97399999999994,Struggle
4.75,1.92,0.0,41.49,46.60014999999989,Struggle
1.97,3.9,39.35,98.84,84.18554999999998,Excel
6.75,1.0,89.07,47.14,43.71055000000005,Struggle
3.95,1.89,22.68,61.64,61.27245000000004,Average
1.85,1.0,83.02,68.64,68.7460499999999,Average
4.71,2.09,27.1,56.53,55.689700000000066,Struggle
3.92,2.87,53.15,62.13,63.787249999999865,Average
3.92,1.8,70.41,38.38,46.17089999999999,Struggle
5.48,3.94,92.05,57.99,62.27684999999988,Average
7.0,2.37,57.25,42.2,47.849550000000015,Struggle
4.02,5.0,77.73,90.62,86.78760000000018,Excel
3.89,1.0,66.83,63.87,59.96360000000018,Struggle
5.79,1.18,25.93,55.47,52.65164999999995,Struggle
2.16,4.0,37.43,100.0,96.29234999999996,Excel
4.17,3.97,95.57,85.2,85.45080000000026,Excel
4.59,5.0,75.61,89.76,86.97955,Excel
1.3,4.0,57.87,89.4,88.71859999999995,Excel
3.67,4.56,4.82,68.98,70.43099999999978,Average
5.72,3.59,79.61,64.39,61.79179999999997,Average
5.66,3.04,51.35,32.13,38.25130000000004,Struggle
1.2,3.56,54.53,67.68,74.27700000000013,Average
1.36,5.0,2.36,90.73,92.66634999999982,Excel
2.11,2.82,56.81,68.53,67.99375000000015,Average
6.38,2.81,62.97,65.37,60.41840000000015,Struggle
1.59,5.0,72.71,88.6,92.52264999999996,Excel
5.56,1.01,30.43,45.46,45.23479999999992,Struggle
3.92,4.0,94.53,100.0,80.59305000000013,Excel
4.46,2.64,47.69,68.82,65.36769999999987,Average
3.05,1.8,70.11,66.49,62.85889999999989,Average
5.61,2.46,76.35,68.87,63.64460000000015,Average
2.03,2.47,54.49,70.38,65.95189999999995,Average
5.33,4.8,73.16,70.1,69.18575000000008,Average
2.19,3.99,91.1,84.07,87.11464999999984,Excel
5.5,4.13,59.71,51.96,57.65639999999982,Struggle
3.92,2.87,54.56,60.82,63.2788999999999,Average
2.14,3.14,66.47,77.37,79.24355000000016,Excel
6.09,3.36,69.44,54.72,59.068999999999896,Struggle
4.96,3.04,39.74,50.31,54.25344999999995,Struggle
1.6,5.0,9.63,89.16,90.64584999999994,Excel
3.08,1.0,62.54,44.9,51.82454999999991,Struggle
1.99,2.45,66.83,90.91,76.14989999999993,Excel
5.22,4.04,69.3,50.76,57.655700000000124,Struggle
5.17,5.0,81.63,67.56,76.6503500000001,Excel
1.36,3.69,76.82,94.87,89.36445000000015,Excel
4.32,3.21,77.45,49.56,55.48950000000001,Struggle
5.43,3.07,62.43,56.53,58.61565000000013,Struggle
6.61,3.86,76.08,67.79,66.1605000000002,Average
4.11,2.03,51.18,74.17,69.21390000000002,Average
6.89,2.1,71.59,54.83,54.13719999999995,Struggle
3.75,2.87,78.63,74.77,70.44180000000017,Average
3.46,3.03,59.1,74.82,70.8961499999999,Average
5.59,5.0,62.83,66.96,68.29674999999975,Average
3.73,3.05,60.98,76.29,68.5432000000002,Average
3.83,3.22,53.53,58.39,61.31864999999994,Average
4.35,5.0,67.39,84.66,80.52119999999984,Excel
5.71,3.54,98.95,62.12,64.93900000000016,Average
5.66,2.7,67.69,40.6,48.62285000000013,Struggle
3.59,3.25,73.03,65.63,62.50219999999999,Average
2.87,2.31,47.05,61.32,64.3706999999999,Average
4.07,1.0,82.42,57.72,54.44010000000005,Struggle
4.94,1.13,97.49,59.5,61.8398,Average
2.92,2.01,92.88,63.04,67.66495000000018,Average
5.61,3.55,89.7,75.2,68.78555000000017,Average
3.92,1.0,97.58,56.29,58.873500000000114,Struggle
3.4,3.41,61.54,54.51,60.25640000000014,Struggle
1.23,1.0,44.0,65.77,66.63600000000025,Average
2.38,1.0,94.36,60.87,65.50875000000016,Average
6.58,3.67,2.38,47.12,66.52799999999995,Average
2.62,3.09,98.87,79.97,80.27169999999977,Excel
2.5,4.66,55.02,90.85,86.99570000000007,Excel
3.99,3.5,38.13,83.81,79.13024999999988,Excel
2.73,3.5,98.87,94.65,91.71459999999998,Excel
1.54,1.8,8.74,65.47,65.06044999999986,Average
2.93,1.86,86.98,64.45,70.31235000000002,Average
4.63,1.8,51.52,40.57,44.32235,Struggle
4.08,2.87,84.74,79.96,74.26494999999981,Average
2.86,2.88,0.0,58.6,68.08945000000013,Average
3.43,2.87,69.14,72.47,75.95345000000013,Excel
6.83,1.8,51.06,38.36,33.61729999999997,Struggle
3.05,3.57,51.4,51.51,58.615800000000135,Struggle
2.2,3.96,66.83,96.2,90.85435000000021,Excel
2.95,5.0,7.85,83.84,80.24239999999995,Excel
4.15,4.15,4.31,77.32,73.49364999999996,Average
5.7,1.29,52.73,53.03,51.53785,Struggle
2.63,5.0,90.24,90.8,90.1049999999998,Excel
5.7,3.38,90.49,70.24,63.56034999999993,Average
1.31,4.0,3.59,98.58,96.98085000000012,Excel
3.53,3.73,65.08,60.17,65.45220000000003,Average
6.04,4.18,66.83,70.78,70.44390000000017,Average
3.1,4.56,76.27,76.78,77.6310000000002,Excel
4.01,3.37,97.83,63.88,70.30254999999994,Average
2.1,4.0,74.05,86.38,87.15699999999981,Excel
5.4,5.0,83.85,86.66,82.2134999999999,Excel
1.75,1.98,75.49,78.9,77.40924999999982,Excel
6.28,4.16,97.15,58.74,66.37219999999996,Average
2.57,3.69,69.93,72.87,74.22175000000017,Average
6.51,4.0,61.49,68.6,68.24170000000015,Average
2.93,3.38,66.33,73.2,63.42970000000011,Average
5.56,1.98,24.22,48.25,51.25254999999999,Struggle
2.62,2.17,74.9,79.53,80.19055000000014,Excel
6.35,1.0,67.71,33.25,35.58369999999997,Struggle
2.07,3.91,77.21,90.98,86.96509999999978,Excel
2.18,3.11,24.25,64.77,67.77305000000017,Average
4.29,2.69,50.27,62.21,62.81094999999979,Average
1.24,2.19,64.03,86.33,83.1837,Excel
2.43,1.0,80.25,56.78,69.25605000000006,Average
6.36,2.43,6.9,46.21,46.66934999999996,Struggle
3.92,3.39,91.33,53.16,60.819799999999944,Average
3.19,1.8,67.07,70.94,65.75045,Average
6.6,3.95,14.57,48.42,49.46065000000005,Struggle
3.91,4.79,87.03,90.3,86.61459999999987,Excel
2.48,4.0,53.73,76.72,78.70289999999979,Excel
5.38,3.54,5.72,72.52,67.1071500000002,Average
5.01,4.0,56.24,76.48,75.9841999999998,Excel
6.98,3.96,72.43,47.08,63.629499999999965,Average
2.6,1.19,60.56,59.8,60.8523999999999,Average
5.47,1.0,64.35,53.02,51.466900000000166,Struggle
1.74,5.0,82.39,94.58,96.01435000000006,Excel
1.54,3.52,1.92,80.7,84.82070000000022,Excel
1.0,2.74,0.0,77.53,79.46710000000022,Excel
7.0,1.0,70.62,48.75,41.28409999999991,Struggle
5.41,1.03,58.45,52.93,51.64310000000006,Struggle
5.52,4.71,28.2,57.97,61.87224999999986,Average
3.79,3.55,0.0,74.65,75.87539999999989,Excel
2.52,2.32,52.89,57.94,60.9877,Average
2.05,5.0,80.93,97.85,96.99945,Excel
2.59,1.77,63.25,72.87,70.78690000000017,Average
2.93,4.79,9.28,82.87,79.39435000000014,Excel
5.93,2.72,69.36,78.71,69.36784999999975,Average
4.61,5.0,90.81,85.41,85.60649999999991,Excel
1.82,1.0,40.28,62.23,62.619999999999855,Average
1.0,1.8,8.46,59.87,64.59029999999993,Average
1.17,1.91,75.06,79.05,78.10494999999987,Excel
3.07,2.53,82.31,74.05,71.56929999999987,Average
6.38,3.36,79.98,65.15,63.42014999999982,Average
4.54,2.78,64.61,82.97,75.09809999999989,Average
6.18,2.25,52.84,33.13,38.291500000000035,Struggle
4.29,1.0,36.27,62.63,58.83469999999994,Struggle
3.49,1.57,61.93,55.57,57.25224999999986,Struggle
1.88,4.38,87.96,99.91,95.48519999999994,Excel
6.35,5.0,93.64,75.72,73.64384999999989,Average
5.97,1.0,64.07,53.96,50.01939999999994,Struggle
2.46,1.22,54.76,58.88,59.588399999999844,Struggle
4.17,2.14,62.67,74.29,68.14680000000023,Average
3.57,2.79,55.2,66.55,62.83280000000007,Average
4.41,2.22,44.56,59.83,62.21344999999996,Average
6.76,3.55,76.91,67.84,52.47040000000005,Struggle
4.31,3.9,98.68,94.19,89.65655000000002,Excel
4.65,3.03,69.97,64.03,63.57265000000009,Average
1.41,4.86,40.05,78.63,82.58559999999976,Excel
1.56,1.99,58.34,67.41,68.5681999999999,Average
1.63,3.14,29.64,75.4,76.42989999999985,Excel
1.19,4.36,9.11,74.7,79.61365000000025,Excel
5.39,3.81,88.11,53.48,58.015099999999826,Struggle
5.55,1.07,53.05,37.07,45.35060000000002,Struggle
1.7,1.0,99.87,75.78,75.08870000000014,Average
6.5,2.59,76.13,42.73,47.26644999999987,Struggle
2.1,3.97,77.21,85.09,86.70049999999999,Excel
2.97,3.21,67.88,79.07,68.07034999999999,Average
3.92,1.43,84.51,86.08,67.17010000000006,Average
3.73,1.55,73.57,68.28,64.40515000000008,Average
2.23,3.48,66.45,65.68,73.1533500000001,Average
4.24,5.0,63.26,78.41,78.21994999999993,Excel
3.1,2.7,96.28,78.9,77.92469999999982,Excel
6.88,4.75,64.55,64.65,64.06284999999983,Average
1.0,1.0,71.82,77.4,72.9600999999999,Average
1.97,2.6,67.52,80.97,80.91654999999983,Excel
1.29,1.0,54.31,53.81,55.35794999999998,Struggle
4.89,1.61,59.3,63.87,59.71240000000011,Struggle
1.51,2.41,59.48,95.13,85.7362499999998,Excel
6.14,3.77,84.68,80.24,75.88754999999989,Excel
3.86,5.0,34.5,83.64,82.5912999999998,Excel
4.5,1.13,89.1,63.28,61.62625000000009,Average
4.42,4.1,85.45,69.25,73.1615999999999,Average
2.01,3.6,59.6,71.89,74.80269999999992,Average
2.68,3.06,53.88,84.06,79.22329999999994,Excel
2.69,1.0,87.15,63.46,64.6095499999999,Average
4.59,5.0,81.65,83.23,83.57939999999984,Excel
2.44,4.0,80.0,93.63,91.03184999999986,Excel
1.33,1.8,86.98,80.84,70.17500000000007,Average
6.67,1.0,52.84,39.9,37.992699999999914,Struggle
1.43,3.16,8.21,74.05,76.1040999999998,Excel
5.56,3.54,63.63,63.98,63.48064999999983,Average
5.72,3.85,78.59,57.2,61.22105000000007,Average
2.91,5.0,62.12,89.33,88.08180000000004,Excel
1.98,3.48,91.94,93.1,89.14360000000002,Excel
2.1,3.38,74.03,87.11,84.76895000000013,Excel
5.55,2.24,66.83,63.96,61.48919999999979,Average
4.75,1.0,89.7,48.73,51.24734999999988,Struggle
5.91,5.0,94.77,82.88,81.45614999999981,Excel
6.85,1.51,4.89,62.6,54.95870000000013,Struggle
4.95,5.0,9.94,79.76,77.38235000000014,Excel
2.41,3.95,66.83,79.89,81.48654999999981,Excel
2.83,4.64,80.93,82.47,83.31819999999996,Excel
5.84,1.02,80.47,44.91,47.21654999999994,Struggle
2.44,1.53,56.94,83.41,74.2611499999999,Average
1.66,3.86,62.44,84.4,82.10830000000001,Excel
5.15,2.11,61.98,67.11,48.81384999999996,Struggle
3.78,3.88,38.42,83.91,70.26139999999988,Average
6.71,2.87,87.54,48.36,53.410750000000064,Struggle
5.06,5.0,44.4,85.75,81.56815000000007,Excel
1.26,3.98,81.69,98.89,96.04559999999984,Excel
6.6,1.0,72.63,40.06,42.07075000000012,Struggle
2.48,2.87,80.52,91.74,83.54974999999993,Excel
3.25,1.96,91.11,66.29,67.2466500000002,Average
3.53,4.56,4.28,73.24,73.60664999999983,Average
1.0,2.15,47.16,73.09,75.26205,Excel
3.79,3.87,89.37,89.45,74.25824999999998,Average
1.71,1.0,4.8,60.66,63.436849999999886,Average
3.65,2.79,66.16,64.3,66.86039999999986,Average
3.34,4.31,50.68,65.41,69.33399999999992,Average
5.63,2.1,89.86,55.62,56.337250000000076,Struggle
5.44,2.58,66.4,66.44,65.75475000000006,Average
1.71,2.32,67.87,64.96,80.45754999999997,Excel
2.95,2.87,66.8,74.69,71.23204999999989,Average
3.52,3.92,74.94,90.53,86.0391000000002,Excel
1.59,4.0,85.12,94.2,95.65525000000017,Excel
5.75,3.44,66.83,80.22,74.78264999999983,Average
5.41,2.24,66.83,57.95,59.08264999999994,Struggle
2.6,3.1,6.74,73.49,73.40309999999987,Average
3.92,4.67,1.86,70.86,77.35784999999987,Excel
2.08,1.0,64.85,57.92,60.31440000000004,Struggle
4.99,4.0,20.06,79.25,79.31325000000001,Excel
1.98,1.38,32.08,72.71,71.41204999999974,Average
7.0,4.41,83.86,75.36,70.32605000000011,Average
6.04,1.8,82.41,46.36,46.868099999999984,Struggle
3.79,2.29,52.95,72.53,68.41005000000017,Average
4.42,1.41,90.89,60.7,61.67310000000016,Average
6.39,1.0,78.3,41.82,42.85190000000002,Struggle
3.92,3.68,92.39,76.18,75.31755000000005,Excel
2.21,2.92,98.73,71.7,75.96055000000013,Excel
3.55,3.66,97.86,87.0,80.84084999999999,Excel
6.43,3.02,92.8,67.31,64.79119999999998,Average
4.83,1.8,50.55,39.04,42.25515000000002,Struggle
4.76,4.53,94.29,82.45,79.61545000000018,Excel
6.68,4.41,53.75,48.33,53.41484999999997,Struggle
6.09,5.0,92.56,68.74,71.97214999999991,Average
6.24,2.8,64.01,50.12,50.61305,Struggle
1.79,4.22,80.5,86.95,86.67685000000021,Excel
3.94,3.81,27.41,55.23,61.75654999999981,Average
5.34,1.8,88.56,52.95,52.21000000000007,Struggle
5.33,2.17,55.59,57.55,50.23744999999998,Struggle
4.31,3.56,70.53,62.16,65.95579999999991,Average
2.08,2.36,90.87,78.37,79.27340000000025,Excel
5.65,4.49,84.77,66.54,67.1151500000002,Average
5.28,2.76,50.3,59.87,58.11654999999996,Struggle
1.22,1.8,40.07,58.4,63.63395000000008,Average
4.05,2.15,52.1,59.4,59.692599999999885,Struggle
3.92,1.65,83.67,79.67,74.76735000000006,Average
2.86,1.0,72.87,64.13,63.11799999999987,Average
1.0,1.74,0.0,77.8,76.35729999999984,Excel
3.33,1.8,22.35,52.33,53.46089999999997,Struggle
4.26,5.0,67.76,87.9,74.02712499999997,Average
4.75,4.75,98.83,77.77,77.0683500000002,Excel
5.45,2.15,61.2,44.14,47.037950000000016,Struggle
6.42,1.0,78.08,40.22,42.33495000000002,Struggle
2.4,3.68,70.02,85.69,83.12510000000015,Excel
1.26,2.56,64.08,78.16,79.47389999999996,Excel
6.22,4.95,93.37,75.91,71.13065000000005,Average
1.53,5.0,67.04,91.41,90.69064999999992,Excel
7.0,5.0,9.02,63.0,66.94120000000007,Average
5.95,1.0,77.45,48.39,48.78164999999999,Struggle
4.35,3.93,63.92,72.54,73.4060000000003,Average
7.0,4.0,63.6,64.67,66.09245000000014,Average
1.5,3.12,76.93,85.56,84.13554999999992,Excel
2.78,1.73,66.83,76.01,73.1897000000001,Average
4.92,3.15,90.54,62.08,65.47784999999993,Average
2.8,4.13,53.45,63.36,66.80520000000008,Average
3.92,2.94,54.73,61.52,65.01570000000004,Average
1.32,4.0,67.11,92.67,92.66234999999992,Excel
3.97,1.52,21.47,66.03,62.1992,Average
4.81,3.96,73.79,79.28,76.47385000000014,Excel
4.64,2.49,69.98,52.02,54.69055000000017,Struggle
2.17,1.8,86.09,64.55,64.93104999999989,Average
3.25,3.93,66.83,75.69,78.53170000000013,Excel
6.23,1.0,51.31,45.43,44.40460000000007,Struggle
2.24,3.34,14.04,81.7,79.85705000000019,Excel
6.12,1.0,96.78,55.56,52.746849999999995,Struggle
4.0,3.17,8.01,74.87,70.43570000000018,Average
5.55,4.03,73.71,66.69,67.20105000000005,Average
5.14,1.0,71.08,54.03,51.918800000000054,Struggle
2.72,1.8,64.03,61.85,61.87645000000018,Average
3.96,3.39,94.75,78.17,76.63590000000006,Excel
3.92,3.97,66.61,74.39,73.94244999999992,Average
4.03,1.49,78.93,71.73,67.3270999999998,Average
7.0,1.0,62.0,29.52,34.45630000000005,Struggle
4.03,1.8,89.87,57.23,58.55810000000005,Struggle
1.44,1.28,88.71,71.86,73.85185000000017,Average
3.4,1.0,2.85,59.37,53.955,Struggle
3.92,5.0,84.08,65.39,84.79119999999978,Excel
3.23,5.0,53.85,86.45,83.56755000000021,Excel
5.77,1.83,78.13,47.47,48.3916,Struggle
5.99,2.87,80.03,55.01,55.23965000000008,Struggle
3.09,3.54,78.72,60.81,66.40944999999996,Average
1.16,3.63,15.73,91.61,82.51094999999992,Excel
3.92,2.01,83.51,64.29,64.9128000000002,Average
3.19,2.62,73.49,75.39,71.27084999999992,Average
5.9,3.46,71.92,52.16,63.755549999999964,Average
3.6,3.32,93.0,84.1,82.61780000000013,Excel
4.29,2.34,8.72,53.05,56.863649999999936,Struggle
5.31,1.0,62.57,50.97,50.306899999999985,Struggle
3.05,2.87,66.83,75.42,73.38430000000002,Average
3.65,3.16,51.77,62.03,65.21005000000012,Average
2.82,1.97,33.08,58.53,66.19015000000009,Average
2.8,3.2,99.42,62.07,67.99674999999988,Average
4.06,3.27,0.0,55.17,65.21970000000012,Average
6.29,2.46,83.19,53.5,56.083650000000006,Struggle
3.58,5.0,55.91,72.52,77.42575000000012,Excel
4.12,4.46,80.09,87.34,84.38330000000013,Excel
4.66,1.0,99.22,52.83,55.63454999999998,Struggle
2.3,2.77,0.0,65.22,69.05204999999982,Average
2.55,1.57,92.4,63.53,67.47290000000014,Average
6.31,3.81,99.88,60.26,61.59445000000011,Average
4.92,4.32,79.43,57.77,61.582050000000116,Average
4.63,3.72,65.47,68.86,69.0671000000001,Average
4.97,1.0,8.84,51.78,50.270000000000046,Struggle
1.0,1.38,9.98,90.44,85.0547500000001,Excel
4.99,5.0,58.57,77.77,74.78180000000022,Average
4.34,5.0,72.63,87.43,79.27609999999996,Excel
4.26,4.0,65.96,78.13,78.26779999999984,Excel
2.76,5.0,64.17,82.58,87.24389999999993,Excel
1.91,2.62,66.83,100.0,92.51164999999997,Excel
2.33,3.54,71.08,63.81,74.39489999999998,Average
6.45,2.87,45.71,35.59,39.76460000000007,Struggle
3.56,1.0,80.18,57.0,58.229000000000035,Struggle
3.71,5.0,33.52,74.15,83.58539999999986,Excel
1.46,4.0,61.49,99.17,88.63775000000001,Excel
1.2,1.0,2.59,68.99,68.3547999999999,Average
5.29,4.35,70.46,64.09,64.17040000000007,Average
4.47,3.79,64.75,70.65,65.39419999999984,Average
4.16,5.0,52.7,82.5,79.85405000000003,Excel
2.04,5.0,76.04,78.94,82.87605000000006,Excel
3.92,2.87,90.83,78.94,73.27900000000007,Average
1.82,3.98,92.57,76.65,82.71534999999987,Excel
2.07,2.2,61.77,65.6,69.65205000000016,Average
3.54,2.17,79.98,69.51,63.86855000000004,Average
2.87,3.33,92.79,75.88,76.55779999999976,Excel
2.18,1.81,3.99,52.47,68.21620000000003,Average
5.07,4.73,96.61,77.96,74.14444999999995,Average
5.18,4.81,95.15,74.33,74.55725,Average
5.57,5.0,66.83,64.16,66.00329999999987,Average
3.66,1.38,62.95,56.36,59.34805000000006,Struggle
1.9,3.89,59.02,73.54,77.34150000000027,Excel
2.33,2.24,59.8,66.31,67.2891999999999,Average
7.0,1.86,95.39,37.95,41.57769999999994,Struggle
4.69,3.05,96.56,70.2,70.84060000000017,Average
5.35,1.8,52.59,40.25,42.78185000000001,Struggle
1.0,1.0,7.24,64.05,69.84795000000001,Average
4.36,3.82,78.21,75.82,75.45074999999987,Excel
1.21,1.0,9.08,61.32,65.23354999999987,Average
4.64,5.0,81.58,88.17,85.84239999999996,Excel
6.83,2.86,97.37,64.61,61.597200000000036,Average
6.83,5.0,19.01,67.63,65.63404999999989,Average
4.0,2.03,56.02,42.45,46.94490000000002,Struggle
3.39,2.33,51.67,67.93,65.59520000000008,Average
6.33,1.4,68.19,43.04,45.39880000000004,Struggle
5.41,4.0,66.88,70.09,71.6062500000001,Average
3.92,3.24,71.54,75.56,74.65949999999991,Average
3.67,2.87,36.06,58.1,62.09760000000013,Average
2.27,4.0,87.89,95.57,95.87429999999983,Excel
4.19,1.5,43.21,59.35,61.20955000000006,Average
3.71,1.87,66.53,45.26,51.72440000000012,Struggle
4.99,1.0,91.34,69.52,54.25590000000012,Struggle
3.38,5.0,92.49,82.46,86.32799999999972,Excel
2.34,2.82,61.64,64.65,66.19204999999987,Average
3.62,1.0,65.73,57.99,59.8160999999999,Struggle
5.73,1.0,51.86,41.57,42.975799999999914,Struggle
4.62,4.95,53.97,55.15,59.83929999999984,Struggle
2.99,3.83,66.29,79.28,80.3204000000001,Excel
6.83,3.45,72.42,55.07,55.159450000000014,Struggle
6.14,1.0,59.35,50.99,50.94969999999992,Struggle
1.89,1.0,59.0,56.23,57.82589999999982,Struggle
1.35,1.0,2.36,71.88,71.08244999999977,Average
5.18,1.8,87.73,51.21,51.898249999999905,Struggle
5.95,2.73,66.98,60.74,60.81234999999987,Average
3.92,2.92,98.96,58.57,62.1359499999999,Average
6.52,4.6,53.7,68.94,65.10060000000007,Average
4.64,1.0,60.83,40.08,43.41709999999998,Struggle
4.33,4.2,50.24,73.62,71.82555000000019,Average
1.0,3.91,9.08,86.62,86.00125000000018,Excel
2.26,4.66,66.38,69.41,75.13154999999992,Average
4.06,5.0,60.28,75.47,76.18049999999982,Excel
4.99,1.0,64.02,45.8,53.41450000000011,Struggle
4.42,1.8,71.46,46.86,51.351649999999964,Struggle
3.92,3.49,20.99,59.78,63.52595000000013,Average
2.27,1.0,48.52,74.89,69.13004999999987,Average
4.75,2.67,55.38,38.38,48.59699999999996,Struggle
1.8,2.81,76.47,77.3,74.10884999999986,Average
3.57,3.84,92.09,65.4,71.73294999999986,Average
5.92,4.27,71.16,68.35,67.53100000000002,Average
4.83,1.0,86.99,52.12,52.95410000000011,Struggle
3.92,1.0,83.58,54.31,54.95010000000002,Struggle
3.13,4.53,25.98,71.15,72.27144999999985,Average
3.8,1.84,41.99,63.44,61.14900000000004,Average
2.5,4.7,46.76,89.19,88.16760000000005,Excel
3.87,1.0,81.89,53.27,53.47610000000016,Struggle
3.92,4.0,77.14,77.25,79.38909999999998,Excel
5.48,4.13,73.65,64.44,69.26490000000001,Average
5.85,3.18,72.16,62.82,60.28609999999987,Struggle
2.37,1.72,74.91,68.75,70.42944999999999,Average
6.12,1.0,71.72,51.79,49.11095000000006,Struggle
1.06,4.0,77.07,93.02,90.56235000000027,Excel
6.73,4.0,94.4,81.53,76.91980000000017,Excel
3.22,2.75,81.64,60.9,62.99469999999988,Average
2.73,1.0,59.54,63.33,61.54739999999995,Average
3.85,1.0,79.87,70.53,54.7822,Struggle
6.88,5.0,82.15,75.6,67.09629999999999,Average
1.63,3.89,3.09,74.9,90.51169999999995,Excel
3.33,4.41,51.34,67.76,68.48245000000009,Average
6.28,4.63,99.98,70.3,67.64755,Average
3.11,5.0,51.68,73.89,74.62834999999983,Average
2.54,2.26,69.76,76.22,72.55344999999983,Average
3.8,2.87,66.83,58.41,59.767299999999935,Struggle
3.33,2.87,54.85,79.92,73.36935000000004,Average
6.5,4.25,89.68,68.09,68.46515000000002,Average
5.64,2.87,71.3,62.94,64.98980000000007,Average
4.36,3.98,90.06,65.07,69.52314999999992,Average
7.0,4.48,6.8,61.05,61.38109999999989,Average
4.15,1.83,62.82,56.79,59.78725000000015,Struggle
1.36,1.78,29.36,65.37,66.04915000000014,Average
2.69,4.66,80.81,81.45,84.26884999999993,Excel
3.97,3.89,61.75,79.66,69.32380000000002,Average
1.67,4.53,72.61,79.52,82.22590000000017,Excel
6.63,1.88,35.97,44.85,45.41480000000006,Struggle
5.72,4.19,5.12,74.31,66.10660000000006,Average
3.03,1.0,55.84,61.75,56.824899999999985,Struggle
4.06,4.99,74.33,70.75,72.5667,Average
5.04,1.96,70.42,56.06,55.80975000000003,Struggle
6.38,1.86,0.0,58.22,56.00709999999998,Struggle
6.12,4.02,27.81,63.92,64.61510000000004,Average
3.87,1.04,51.42,54.12,54.90380000000008,Struggle
5.74,1.2,93.85,57.45,57.36265000000009,Struggle
4.76,4.44,80.39,76.16,70.96474999999995,Average
4.46,2.78,55.1,79.3,73.05364999999988,Average
1.43,3.62,76.08,82.96,83.84979999999995,Excel
2.12,4.53,79.98,84.63,85.40914999999977,Excel
4.31,1.57,85.04,61.1,62.27430000000016,Average
2.33,4.18,95.4,72.44,87.138,Excel
1.0,2.82,9.76,61.08,69.3379,Average
5.63,3.23,66.55,43.78,65.30600000000007,Average
1.43,3.57,2.81,89.17,90.76529999999994,Excel
4.65,2.87,97.92,58.78,65.95475000000015,Average
3.88,3.75,99.04,93.51,88.98045,Excel
7.0,3.31,81.91,69.35,64.79190000000014,Average
3.92,4.23,59.68,77.54,73.54210000000019,Average
1.65,5.0,66.83,88.75,90.28790000000001,Excel
4.46,1.63,64.2,68.69,58.71240000000012,Struggle
5.81,3.39,71.7,71.57,68.04594999999986,Average
6.69,2.87,0.0,37.14,49.013849999999984,Struggle
3.21,1.0,96.69,52.82,57.76194999999987,Struggle
2.66,2.87,55.23,80.45,75.3666500000002,Excel
6.1,1.8,86.48,44.17,50.77359999999996,Struggle
2.27,4.0,25.72,98.72,95.75864999999997,Excel
4.79,3.5,54.39,62.01,64.44185000000019,Average
3.52,4.81,1.7,78.42,78.31905000000002,Excel
1.39,2.78,9.53,65.83,71.90574999999995,Average
3.92,5.0,80.22,80.42,80.31060000000016,Excel
3.0,1.8,34.35,55.51,57.51055000000014,Struggle
4.85,5.0,50.21,64.07,67.70024999999985,Average
6.78,2.87,98.79,44.82,50.24084999999988,Struggle
2.19,5.0,67.48,76.07,78.34534999999984,Excel
3.92,1.7,62.91,40.95,47.66365,Struggle
3.92,1.8,61.12,57.02,55.254400000000125,Struggle
4.22,4.53,57.94,57.98,68.92515000000002,Average
1.68,2.48,99.96,71.8,74.76544999999984,Average
6.53,2.92,66.83,62.98,60.18399999999977,Struggle
5.23,3.55,70.28,50.77,58.06380000000016,Struggle
5.32,2.17,93.57,60.29,62.456450000000174,Average
5.52,1.27,82.09,60.68,59.785200000000124,Struggle
4.58,1.14,68.43,55.92,55.752099999999906,Struggle
6.59,2.31,94.92,55.77,59.696600000000046,Struggle
5.78,2.26,87.49,75.38,67.55334999999987,Average
6.47,1.0,61.4,40.01,44.15534999999993,Struggle
4.1,1.0,9.48,50.9,50.76269999999987,Struggle
1.97,3.91,96.12,79.3,83.00394999999976,Excel
4.31,2.5,74.82,68.52,66.19889999999992,Average
2.1,2.17,86.68,81.92,80.35890000000002,Excel
4.54,1.49,66.83,71.02,64.82985000000022,Average
4.36,3.96,84.52,80.71,73.04249999999999,Average
5.04,1.96,55.12,39.84,47.933700000000066,Struggle
1.0,4.33,0.0,75.27,87.28644999999997,Excel
2.05,1.53,79.75,76.21,76.97394999999977,Excel
4.38,5.0,66.83,65.89,71.66669999999988,Average
6.88,3.87,58.62,80.84,54.24845000000002,Struggle
3.42,3.84,35.62,72.59,74.09560000000005,Average
3.81,5.0,72.86,88.33,86.67495000000004,Excel
5.35,1.21,85.08,52.23,56.74294999999988,Struggle
4.28,1.0,76.21,43.41,47.91214999999994,Struggle
2.61,1.0,69.11,60.18,61.90705000000007,Average
3.52,2.38,53.83,63.6,60.03925000000001,Struggle
1.83,1.27,79.82,69.31,71.76609999999992,Average
6.74,2.99,66.83,43.52,47.52810000000014,Struggle
2.04,1.73,84.29,75.97,76.21449999999983,Excel
2.89,1.35,69.07,62.19,67.19360000000007,Average
1.0,1.29,7.09,59.38,65.46554999999982,Average
2.67,1.98,90.82,73.95,73.02800000000003,Average
5.8,5.0,97.09,86.07,84.31444999999985,Excel
1.89,3.01,69.41,70.01,70.88615000000013,Average
1.79,1.86,58.92,89.05,68.17305000000002,Average
3.92,3.25,70.54,72.19,72.07115000000007,Average
1.0,1.0,5.32,75.0,75.19620000000002,Excel
1.39,1.76,61.92,72.07,70.74974999999989,Average
5.51,2.28,2.21,43.52,45.30885000000015,Struggle
5.97,2.87,76.52,61.86,62.991500000000045,Average
6.5,1.0,60.73,46.56,47.16680000000004,Struggle
6.19,1.0,66.99,43.04,42.145899999999976,Struggle
5.48,2.27,13.65,53.2,51.86145000000003,Struggle
1.0,5.0,51.36,86.19,88.87305,Excel
5.27,4.36,53.76,56.65,60.71634999999986,Average
5.73,2.5,66.83,57.2,57.028600000000125,Struggle
5.32,2.76,83.47,58.05,56.68309999999993,Struggle
4.21,3.49,57.08,81.71,77.33509999999974,Excel
2.53,2.19,47.01,79.81,75.15804999999989,Excel
5.78,3.72,66.83,62.94,67.07694999999997,Average
5.01,2.7,98.56,83.67,73.56839999999994,Average
6.53,3.68,95.56,65.11,63.98735000000005,Average
2.38,1.8,64.17,55.29,57.766750000000165,Struggle
2.54,1.51,51.37,59.32,62.17619999999992,Average
2.36,2.15,82.77,85.3,80.73389999999984,Excel
3.92,5.0,80.14,78.29,79.3050000000003,Excel
2.05,3.98,51.37,70.79,76.38570000000024,Excel
1.0,1.22,56.13,74.51,71.24040000000005,Average
7.0,3.33,57.02,60.3,58.09119999999991,Struggle
1.41,1.0,4.78,81.86,77.48225000000015,Excel
6.13,1.72,95.33,66.47,62.37994999999987,Average
3.28,2.23,21.33,53.9,58.347699999999826,Struggle
3.92,5.0,69.23,73.27,75.75655000000019,Excel
4.09,5.0,52.16,69.18,72.49125000000015,Average
6.14,5.0,66.83,56.95,62.44770000000008,Average
6.61,3.07,87.65,46.81,53.34545000000005,Struggle
1.0,3.24,2.23,71.68,76.06010000000019,Excel
1.02,1.64,74.95,76.7,77.62980000000023,Excel
2.56,5.0,54.79,78.09,80.92200000000014,Excel
5.44,2.53,69.07,65.93,63.44330000000009,Average
6.74,2.33,67.97,60.46,57.31129999999987,Struggle
3.27,5.0,61.48,65.3,72.2898499999998,Average
4.25,4.05,65.99,69.74,70.15204999999983,Average
2.21,2.71,87.34,58.24,68.34454999999988,Average
6.18,4.4,1.01,62.57,63.854299999999874,Average
7.0,2.03,95.61,72.58,66.34624999999997,Average
2.97,2.87,69.41,70.99,74.28109999999991,Average
4.15,3.41,75.73,69.28,68.94915000000016,Average
1.22,3.87,73.37,81.96,81.8513499999998,Excel
3.92,3.97,75.29,95.42,88.30544999999995,Excel
3.57,1.02,88.47,56.18,64.09495,Average
1.98,4.56,91.57,79.75,82.75400000000003,Excel
3.19,1.0,56.65,48.28,54.0547500000001,Struggle
3.24,1.44,66.83,65.85,64.8013499999999,Average
4.34,3.33,66.83,58.7,60.21610000000009,Struggle
4.09,1.0,4.53,44.28,48.61864999999996,Struggle
3.92,2.85,7.06,92.29,80.7479500000003,Excel
5.59,4.0,83.9,77.48,76.19314999999987,Excel
5.68,1.34,28.94,57.28,54.68780000000007,Struggle
3.6,3.36,93.41,86.75,84.45145000000001,Excel
1.02,4.74,86.71,85.27,88.03535000000025,Excel
5.41,3.26,51.08,61.64,59.84229999999994,Struggle
6.36,5.0,84.34,64.03,66.1094000000001,Average
2.71,2.87,59.62,48.24,55.0891499999999,Struggle
2.94,4.85,46.62,78.82,76.36815000000006,Excel
2.53,1.99,0.0,87.59,75.89700000000003,Excel
4.17,3.84,93.64,71.49,74.65064999999989,Average
2.12,4.0,72.8,89.26,88.48134999999996,Excel
3.63,5.0,90.42,93.44,92.48199999999997,Excel
3.92,3.9,89.15,62.0,66.2703,Average
3.93,3.23,70.73,72.64,72.37109999999986,Average
3.41,5.0,7.41,95.02,90.42875000000012,Excel
3.2,1.2,85.02,67.24,67.1192499999999,Average
3.9,2.1,23.54,51.28,56.848950000000094,Struggle
1.0,1.0,1.91,73.01,65.02565,Average
1.24,3.58,60.52,100.0,92.47699999999999,Excel
6.58,5.0,35.29,66.41,66.81264999999993,Average
1.34,1.22,65.64,68.15,68.50584999999982,Average
5.47,4.0,24.32,75.45,74.55075000000019,Average
6.04,1.92,70.88,68.46,63.48929999999982,Average
2.13,4.0,66.83,84.33,87.06045000000003,Excel
2.75,1.8,88.16,56.31,60.260849999999984,Struggle
4.13,2.82,72.82,69.51,68.60575000000013,Average
6.16,1.79,86.82,65.08,61.23729999999994,Average
6.76,4.77,57.79,50.71,54.74109999999987,Struggle
5.93,5.0,63.48,68.06,67.87824999999992,Average
1.37,5.0,54.99,86.36,87.13555000000014,Excel
3.92,1.5,93.26,66.56,66.26014999999992,Average
3.92,4.0,64.81,76.63,78.76704999999976,Excel
4.22,1.0,66.83,62.35,60.08430000000017,Struggle
1.49,1.88,5.53,73.53,74.51180000000016,Average
2.44,1.8,73.8,69.27,67.47555000000018,Average
5.36,1.0,55.31,44.25,43.36014999999994,Struggle
3.92,3.32,94.65,69.44,75.2709,Excel
2.42,2.22,59.86,79.19,74.20290000000004,Average
3.66,2.61,86.85,79.99,75.47679999999994,Excel
5.84,4.35,86.44,55.29,60.71815000000017,Average
3.92,3.41,14.94,63.43,59.49125000000013,Struggle
2.65,2.01,31.65,50.32,60.649549999999984,Average
1.75,2.52,74.6,67.56,69.79899999999996,Average
2.21,4.31,71.0,75.22,76.80354999999984,Excel
6.66,2.57,95.93,70.12,67.52115000000018,Average
3.92,3.9,67.99,74.37,69.79930000000004,Average
4.69,1.61,96.85,73.95,70.84060000000017,Average
4.11,5.0,72.97,72.13,76.62004999999984,Excel
2.75,2.74,98.22,82.82,84.85194999999987,Excel
5.66,2.87,20.12,78.82,55.70260000000005,Struggle
4.47,1.0,91.47,62.71,60.033949999999834,Struggle
1.46,4.01,55.24,76.76,86.60449999999997,Excel
1.74,1.41,79.31,86.83,81.60509999999998,Excel
3.74,2.99,57.14,76.68,59.78325000000009,Struggle
6.2,3.4,64.88,40.17,58.01929999999995,Struggle
2.96,2.09,81.18,80.33,75.89205000000003,Excel
5.91,1.38,86.31,49.67,50.48535000000005,Struggle
5.77,3.9,51.96,49.63,51.97404999999997,Struggle
2.78,2.73,76.55,66.98,67.38959999999983,Average
1.57,1.8,2.53,62.43,63.73375000000012,Average
1.24,1.29,53.94,77.62,73.55965000000018,Average
5.33,2.14,75.03,54.51,56.577150000000096,Struggle
2.65,1.8,85.69,71.87,67.73830000000012,Average
3.5,2.1,52.66,61.54,60.69470000000018,Average
3.63,1.0,3.08,55.13,57.30739999999992,Struggle
5.35,5.0,24.73,77.51,75.41250000000012,Excel
2.1,2.32,58.03,84.92,68.40579999999996,Average
3.38,4.06,34.44,82.49,73.3378,Average
4.25,3.49,91.66,70.7,71.85480000000018,Average
3.92,5.0,25.22,79.21,77.8255499999998,Excel
5.52,3.73,70.19,55.31,58.566799999999965,Struggle
1.68,2.3,59.97,71.87,79.99419999999988,Excel
5.4,1.0,93.8,61.92,58.57215000000003,Struggle
4.86,4.73,85.25,70.69,70.94815000000006,Average
4.73,2.87,51.27,64.2,59.59935000000009,Struggle
5.35,3.69,7.21,47.05,53.40779999999995,Struggle
3.71,1.0,64.56,48.7,59.06434999999994,Struggle
1.95,5.0,1.96,78.41,92.68930166666664,Excel
4.88,4.56,66.83,67.85,65.36555000000007,Average
3.87,1.0,83.19,54.98,55.01014999999987,Struggle
5.27,1.58,66.83,65.84,47.919825,Struggle
3.04,3.86,97.6,77.85,80.13450000000022,Excel
6.42,5.0,82.94,74.65,71.66149999999988,Average
5.02,2.1,50.28,39.71,42.16215000000005,Struggle
1.39,2.19,67.95,75.29,75.70595000000021,Excel
4.05,4.0,75.66,84.93,83.98255000000012,Excel
5.9,4.39,74.96,68.85,67.95510000000014,Average
5.49,3.76,80.17,56.75,62.79899999999992,Average
3.56,2.38,98.03,90.85,83.8163000000001,Excel
6.85,2.77,2.3,56.47,54.82584999999992,Struggle
2.54,4.59,18.82,65.54,73.7378500000003,Average
2.96,5.0,8.06,81.14,79.95499999999994,Excel
6.39,4.59,91.66,75.35,66.70634999999999,Average
6.5,3.23,91.22,50.38,53.404849999999925,Struggle
5.39,1.0,63.77,44.2,47.45980000000002,Struggle
6.59,1.0,86.53,48.49,46.03279999999991,Struggle
1.95,2.72,83.6,63.36,85.96170000000002,Excel
6.63,2.68,3.71,40.94,54.02299999999997,Struggle
2.45,3.38,66.83,66.71,67.29564999999978,Average
2.28,4.56,94.43,100.0,94.63239999999998,Excel
2.17,5.0,83.89,90.13,91.86274999999986,Excel
3.2,3.85,24.37,65.8,68.85694999999986,Average
2.81,4.86,85.24,78.81,80.6397499999999,Excel
2.84,2.87,66.83,56.66,61.60574999999987,Average
2.23,1.0,94.34,73.42,73.2079000000002,Average
2.32,1.8,61.14,45.8,51.57799999999997,Struggle
4.73,3.02,64.96,80.21,73.47699999999978,Average
3.29,1.38,57.67,51.9,55.64939999999987,Struggle
2.76,5.0,66.83,91.14,89.56524999999989,Excel
5.46,2.57,82.86,68.85,65.58795000000013,Average
6.26,3.52,22.62,41.39,46.19895000000003,Struggle
5.53,1.43,73.75,44.78,47.7341,Struggle
3.92,2.51,1.12,79.48,76.33469999999984,Excel
5.63,2.87,9.61,82.86,73.89165000000015,Average
1.7,2.87,74.85,90.29,82.95360000000032,Excel
1.45,1.0,56.42,62.58,62.32229999999994,Average
2.99,3.15,50.37,64.93,68.58245000000008,Average
5.8,1.24,56.25,45.84,47.02595000000005,Struggle
2.58,4.8,0.0,99.27,78.27092500000006,Excel
1.15,3.0,88.2,98.9,95.64119999999994,Excel
2.06,3.26,98.36,92.71,92.40474999999971,Excel
5.75,2.87,51.79,44.42,44.550700000000035,Struggle
4.86,4.27,84.01,65.96,68.70199999999974,Average
2.64,2.17,52.21,64.76,66.9713500000001,Average
4.04,1.0,89.1,50.52,54.06240000000018,Struggle
4.5,1.58,69.05,62.09,61.33565000000009,Average
5.05,3.72,54.79,71.86,70.76660000000014,Average
2.55,2.87,78.4,78.05,70.90355000000008,Average
6.19,2.87,64.01,38.41,51.05134999999996,Struggle
3.27,5.0,82.98,90.5,89.44550000000001,Excel
5.35,1.0,82.91,52.22,50.08449999999991,Struggle
1.0,1.0,9.56,71.25,67.95750000000004,Average
2.98,1.99,66.83,71.39,68.62234999999993,Average
2.68,4.91,69.33,75.6,81.4545000000001,Excel
3.93,2.18,14.22,65.32,59.602750000000135,Struggle
1.93,4.57,90.23,86.92,88.51939999999999,Excel
5.65,3.67,78.92,65.51,60.086099999999966,Struggle
2.71,2.07,51.86,60.09,56.67165000000009,Struggle
4.73,5.0,92.15,81.09,82.07015000000001,Excel
5.75,2.5,52.57,40.27,42.910750000000164,Struggle
4.83,2.13,58.54,69.72,59.47149999999992,Struggle
5.04,1.66,55.1,57.1,55.42860000000016,Struggle
5.06,3.53,53.9,59.04,61.635450000000155,Average
3.55,4.53,51.28,67.41,67.83494999999992,Average
6.3,5.0,12.75,54.03,58.6144500000001,Struggle
3.12,2.92,72.12,52.13,57.537049999999915,Struggle
4.79,5.0,62.64,73.12,73.53595000000023,Average
5.62,1.8,28.25,36.21,37.72075000000001,Struggle
2.99,3.19,82.94,62.33,66.93494999999996,Average
3.05,4.11,1.5,69.87,72.36650000000017,Average
4.24,3.76,50.95,71.52,70.07970000000016,Average
5.94,1.0,70.92,35.73,38.92184999999988,Struggle
6.34,3.68,65.52,68.2,65.31570000000015,Average
4.34,4.0,3.58,79.11,81.3414000000001,Excel
5.16,2.42,0.0,63.14,61.12179999999998,Average
6.13,1.92,83.45,55.8,53.51009999999993,Struggle
1.81,4.77,80.82,93.61,91.32990000000014,Excel
2.48,2.11,96.86,77.65,76.76924999999984,Excel
5.36,4.57,47.79,60.37,63.886900000000125,Average
5.75,4.0,73.63,70.18,70.97135000000013,Average
5.8,4.0,66.83,68.51,70.02250000000012,Average
3.61,3.71,87.77,91.03,85.62715000000009,Excel
1.63,2.85,57.04,68.61,68.55210000000007,Average
3.47,1.73,74.56,63.2,67.50995000000006,Average
2.18,2.99,71.07,67.7,68.70755000000017,Average
2.6,1.77,82.92,72.33,70.81574999999997,Average
5.62,2.06,95.88,60.15,61.320699999999846,Average
1.92,4.1,65.06,80.31,79.52184999999992,Excel
6.23,3.28,58.39,58.72,56.16569999999993,Struggle
3.92,4.85,63.09,74.01,75.58750000000013,Excel
4.59,2.94,90.58,76.34,74.3753000000001,Average
1.57,4.0,75.91,88.43,88.79825000000015,Excel
2.72,1.8,72.65,52.2,56.537150000000075,Struggle
1.76,1.0,85.53,66.04,67.73594999999996,Average
6.69,4.96,80.1,69.67,67.26739999999991,Average
6.08,1.13,59.6,69.77,61.70320000000015,Average
3.67,4.91,56.87,77.98,78.07939999999978,Excel
1.95,2.01,73.3,53.27,62.33660000000013,Average
6.27,1.82,77.14,45.27,45.99145000000013,Struggle
3.38,5.0,1.56,82.49,79.2645499999998,Excel
1.73,5.0,80.63,96.78,96.28790000000002,Excel
4.14,4.0,82.35,82.17,83.39155000000002,Excel
7.0,3.8,98.57,56.96,59.87854999999987,Struggle
1.18,4.78,0.29,84.11,86.76065000000017,Excel
2.04,2.33,69.01,91.69,85.39255000000004,Excel
6.27,2.95,84.57,62.72,62.99534999999985,Average
1.8,1.07,82.97,79.39,70.20879999999993,Average
1.77,4.0,50.69,91.77,89.53140000000022,Excel
4.67,2.87,44.6,71.84,66.20125000000009,Average
5.94,2.64,87.15,74.84,54.52485000000001,Struggle
4.23,2.87,74.95,59.15,60.845299999999845,Average
6.58,4.7,52.36,55.06,57.49509999999999,Struggle
4.79,4.17,72.54,72.05,69.494,Average
1.91,1.8,99.17,75.57,73.5565999999999,Average
6.59,3.18,64.64,62.55,60.402549999999884,Struggle
3.84,3.33,54.61,56.32,65.08280000000002,Average
2.92,2.23,66.83,81.5,76.15884999999997,Excel
3.92,4.25,17.64,69.44,72.42069999999988,Average
3.92,1.8,67.45,56.9,56.11479999999983,Struggle
1.54,2.69,23.87,78.73,77.12139999999998,Excel
1.44,3.53,2.0,89.88,89.55565000000006,Excel
3.62,2.54,68.86,71.09,71.52115000000003,Average
5.97,2.87,81.57,52.9,57.68069999999997,Struggle
4.04,3.6,88.95,88.29,81.72700000000026,Excel
7.0,2.08,55.97,54.59,50.56015000000008,Struggle
2.43,2.02,68.77,67.91,67.14770000000007,Average
3.92,2.85,78.39,56.97,61.65019999999987,Average
2.46,5.0,72.48,92.76,91.34144999999998,Excel
1.75,1.0,93.54,67.04,69.8708500000002,Average
2.35,4.71,93.94,77.07,81.12674999999989,Excel
5.96,4.01,67.19,72.42,72.0808500000001,Average
6.75,1.0,54.59,33.51,39.04539999999999,Struggle
6.41,1.11,58.38,45.36,43.73214999999992,Struggle
2.0,1.0,68.35,60.61,62.19410000000009,Average
5.88,4.84,78.21,71.94,68.61334999999997,Average
2.52,3.06,82.84,73.46,76.47144999999975,Excel
1.84,4.22,66.57,93.93,89.65620000000007,Excel
3.92,3.58,51.88,78.63,74.3302499999998,Average
3.92,4.39,71.0,74.65,74.4461999999998,Average
2.0,1.9,82.6,86.77,85.04365000000021,Excel
3.9,3.0,36.91,68.25,65.12904999999996,Average
2.77,3.34,78.98,72.52,78.46905000000002,Excel
5.84,2.87,77.09,69.73,65.9646499999998,Average
3.92,5.0,8.46,94.07,91.78074999999995,Excel
7.0,1.67,67.52,44.94,47.18249999999993,Struggle
1.24,2.06,38.67,74.16,73.28199999999994,Average
3.07,1.0,79.93,65.18,63.79265000000012,Average
4.24,1.0,76.22,65.92,58.752850000000024,Struggle
3.63,2.89,66.83,54.71,56.518249999999846,Struggle
2.96,3.79,52.02,62.62,67.77440000000013,Average
5.61,2.78,78.18,57.12,58.445900000000144,Struggle
6.5,1.35,56.08,51.02,47.40755000000012,Struggle
6.72,1.45,65.76,45.28,46.612799999999986,Struggle
5.78,3.25,83.08,69.15,64.98139999999981,Average
5.86,3.51,57.87,67.28,63.71135000000014,Average
4.71,4.0,65.44,83.82,79.12359999999991,Excel
5.83,2.33,85.15,60.79,58.026349999999965,Struggle
3.12,2.77,82.54,53.42,58.69665000000002,Struggle
2.92,2.88,54.55,80.61,73.57750000000016,Average
2.63,5.0,78.86,80.5,82.15939999999995,Excel
3.65,1.34,57.36,57.09,60.17734999999999,Struggle
2.88,2.39,62.61,59.95,62.84890000000013,Average
6.59,1.0,72.96,38.0,40.10390000000003,Struggle
2.42,1.8,55.47,54.13,53.592899999999936,Struggle
3.92,1.8,99.68,63.8,61.18343499999995,Average
3.92,5.0,58.27,73.11,73.15925000000007,Average
1.02,2.16,89.07,82.46,77.1470499999999,Excel
1.36,2.8,54.12,94.14,87.72954999999985,Excel
2.59,5.0,60.38,96.28,91.85345000000005,Excel
3.7,3.97,0.0,76.11,75.39905000000009,Excel
3.51,2.53,93.7,91.34,70.7061499999998,Average
6.27,4.0,97.88,84.51,80.10380000000015,Excel
3.92,3.56,58.64,48.88,56.965499999999935,Struggle
3.99,3.8,73.97,88.8,83.0706999999998,Excel
2.8,3.69,53.0,77.47,78.3554500000001,Excel
2.8,1.0,49.0,55.48,55.80694999999983,Struggle
5.54,1.73,40.59,69.7,61.71415000000008,Average
1.36,4.55,0.0,81.01,83.98315000000014,Excel
1.16,3.62,2.42,100.0,98.60295000000002,Excel
5.52,2.29,51.86,50.73,50.37849999999983,Struggle
4.15,4.14,51.62,75.61,72.3875500000001,Average
1.79,2.65,66.83,49.4,62.02589999999993,Average
1.92,2.13,55.22,70.09,71.55605000000003,Average
6.69,2.05,53.94,28.18,33.873650000000026,Struggle
6.46,2.09,62.56,48.88,49.38349999999995,Struggle
5.01,3.27,86.1,78.73,75.06009999999978,Average
3.43,1.63,35.47,48.48,53.73239999999986,Struggle
4.43,2.91,75.56,65.27,63.925200000000096,Average
7.0,3.42,95.76,49.9,54.60909999999988,Struggle
6.37,1.8,52.48,33.25,33.622649999999986,Struggle
2.73,2.84,90.55,76.85,78.77665000000019,Excel
5.73,1.12,25.05,36.43,41.8531000000001,Struggle
2.62,4.95,56.34,78.81,81.00725000000003,Excel
2.43,1.8,55.97,47.44,50.29649999999995,Struggle
5.45,2.23,99.71,53.07,63.954800000000006,Average
3.72,4.0,59.01,69.85,74.9594500000001,Average
6.12,2.37,94.84,65.88,60.12160000000005,Struggle
1.1,1.0,99.55,65.68,70.37755000000014,Average
4.1,4.89,69.19,64.94,77.01394999999997,Excel
6.14,2.35,81.55,73.26,68.7789500000001,Average
6.38,1.89,88.95,73.05,50.21740000000002,Struggle
2.39,1.0,69.63,64.06,64.7621999999999,Average
3.92,1.37,58.09,74.76,67.60090000000011,Average
4.7,4.49,71.69,70.91,69.37809999999996,Average
1.84,1.95,88.59,67.57,83.64655000000008,Excel
6.94,4.0,63.16,73.77,68.54770000000019,Average
6.18,5.0,61.53,71.4,69.51374999999983,Average
1.76,2.4,58.75,83.24,77.20429999999983,Excel
2.09,3.3,96.03,100.0,95.61939999999996,Excel
1.82,2.98,52.2,79.88,68.06114999999998,Average
6.75,2.53,4.44,59.3,56.77704999999991,Struggle
2.43,3.51,52.32,77.17,76.55575000000005,Excel
3.46,4.03,91.9,85.55,84.1471499999998,Excel
3.92,3.45,95.27,77.07,77.37434999999988,Excel
4.48,3.91,64.87,59.41,68.13909999999993,Average
1.03,1.5,30.81,70.62,72.0394000000002,Average
2.25,3.59,74.03,95.33,75.67220000000007,Excel
6.25,1.0,64.92,37.22,37.37265000000003,Struggle
6.34,3.6,70.86,60.93,60.19825000000009,Struggle
5.49,3.82,52.68,77.27,70.51055000000017,Average
3.92,3.62,4.14,82.59,79.70650000000009,Excel
2.82,4.0,67.85,90.51,83.34445000000001,Excel
4.98,2.75,89.13,76.45,71.53755000000007,Average
2.66,1.0,54.42,57.53,59.06260000000006,Struggle
6.88,4.0,66.31,64.57,63.82679999999995,Average
4.39,1.94,83.22,54.05,55.934149999999924,Struggle
1.62,3.58,88.27,81.55,84.68154999999987,Excel
6.62,3.05,79.62,44.99,55.61499999999995,Struggle
7.0,1.0,61.97,44.19,40.250949999999904,Struggle
1.34,1.73,50.01,65.42,68.08885000000005,Average
4.0,1.52,90.14,65.1,65.64040000000007,Average
2.49,4.33,91.13,79.54,81.63285000000018,Excel
3.92,5.0,84.88,88.91,86.28824999999992,Excel
2.08,2.87,32.46,60.78,67.51595000000009,Average
4.81,1.0,79.26,51.06,50.69455000000003,Struggle
6.53,1.67,91.05,65.58,61.718299999999964,Average
3.68,3.48,69.48,76.71,74.50410000000005,Average
1.27,4.4,59.9,95.56,88.55169999999994,Excel
4.32,1.0,79.38,43.31,49.220800000000025,Struggle
3.47,2.41,66.71,93.49,87.44814999999991,Excel
6.51,2.88,17.83,46.13,47.56499999999998,Struggle
3.42,1.49,79.85,72.12,70.2960500000002,Average
1.91,1.0,82.16,62.54,65.52150000000016,Average
2.56,2.53,80.12,72.87,69.38230000000016,Average
5.11,2.71,82.5,53.78,57.60935000000007,Struggle
2.69,2.82,81.57,71.03,71.53099999999996,Average
6.02,2.87,56.52,49.2,52.98610000000008,Struggle
2.25,4.05,38.31,82.15,82.57159999999983,Excel
2.43,3.78,66.83,83.83,81.61359999999996,Excel
3.51,1.36,50.88,65.54,63.582300000000124,Average
7.0,1.16,81.74,61.98,57.503799999999856,Struggle
6.11,3.51,66.83,58.05,59.3881999999999,Struggle
2.13,4.69,61.96,92.66,90.25574999999989,Excel
3.44,2.24,1.57,73.2,71.30430000000017,Average
2.24,2.82,76.7,71.54,72.61990000000023,Average
4.04,1.72,63.03,49.84,51.09160000000009,Struggle
3.49,3.25,66.83,77.3,73.74119999999985,Average
6.5,2.89,95.48,57.6,58.036650000000144,Struggle
6.34,2.87,71.33,34.5,40.38015000000001,Struggle
3.06,5.0,81.49,82.03,84.12430000000013,Excel
4.26,4.62,51.77,68.06,67.63289999999992,Average
6.03,4.45,53.89,57.12,60.014300000000134,Struggle
5.35,1.0,54.07,36.72,38.52420000000004,Struggle
1.0,1.0,2.33,83.93,63.216099999999926,Average
2.91,2.74,29.62,88.99,81.87564999999982,Excel
3.74,4.0,61.38,77.78,76.1772500000002,Excel
2.66,1.0,87.37,74.6,71.08020000000015,Average
2.36,1.8,58.5,60.96,58.49269999999987,Struggle
1.36,3.6,4.91,72.15,78.57089999999981,Excel
5.03,2.22,71.55,59.63,58.761349999999936,Struggle
2.35,4.53,37.16,84.1,84.36210000000015,Excel
1.19,5.0,79.27,100.0,98.10844999999998,Excel
2.51,1.0,66.89,65.44,68.36834999999995,Average
5.38,1.0,69.65,40.41,42.30154999999994,Struggle
5.91,4.39,93.14,76.72,71.88769999999981,Average
3.81,2.75,94.23,57.03,61.3129000000001,Average
3.53,5.0,91.39,93.46,93.30719999999968,Excel
6.86,3.46,93.24,69.52,54.970850000000034,Struggle
3.92,3.77,78.49,96.43,85.26455000000006,Excel
2.26,2.6,66.83,63.38,78.76574999999993,Excel
3.15,1.96,77.86,58.46,66.45775000000005,Average
1.92,3.75,89.28,79.09,82.22630000000008,Excel
3.31,2.6,77.55,67.59,72.03600000000012,Average
5.97,2.13,55.55,41.53,46.35224999999998,Struggle
4.5,4.0,90.48,82.11,81.03835000000018,Excel
3.84,5.0,88.03,91.65,89.23189999999988,Excel
6.44,1.65,91.02,66.08,61.462049999999955,Average
1.04,1.0,8.72,65.64,69.07254999999998,Average
2.3,1.94,30.3,79.75,74.6475,Average
3.98,4.71,64.79,74.0,74.80860000000001,Average
4.72,1.7,46.33,61.84,58.22800000000011,Struggle
1.04,2.7,7.12,92.05,87.90449999999989,Excel
3.3,1.8,69.27,60.09,61.21815000000003,Average
5.18,3.67,59.11,48.92,55.32070000000003,Struggle
5.35,1.8,24.24,42.1,43.6241500000001,Struggle
4.78,3.98,61.99,73.4,72.65099999999997,Average
3.0,3.29,92.74,81.14,79.99954999999983,Excel
1.83,3.06,51.15,69.03,69.32725000000016,Average
3.81,1.8,78.29,59.88,60.8341999999999,Average
1.46,1.96,51.8,53.66,60.115449999999925,Struggle
6.49,2.47,54.26,38.53,43.47574999999999,Struggle
3.7,2.87,85.25,69.29,67.79155000000019,Average
2.59,1.79,66.83,67.1,65.39655000000012,Average
5.11,1.04,90.7,53.43,53.990900000000146,Struggle
3.66,5.0,73.71,83.36,84.06715000000014,Excel
3.17,2.86,61.58,77.39,62.817550000000075,Average
5.92,1.92,58.34,61.21,59.510699999999915,Struggle
6.04,1.0,62.49,38.81,41.01640000000012,Struggle
5.15,1.0,56.73,47.53,46.77539999999996,Struggle
1.52,4.52,5.8,80.82,83.82784999999993,Excel
4.25,1.8,61.43,44.36,47.10849999999999,Struggle
5.55,2.28,57.78,37.43,44.80780000000007,Struggle
1.38,4.0,81.16,94.03,93.19570000000007,Excel
2.47,2.76,53.85,82.85,74.99990000000014,Average
6.15,2.92,52.25,32.92,37.23955000000005,Struggle
1.05,3.2,0.89,70.84,75.73545000000003,Excel
5.44,4.63,50.01,73.21,69.3501999999998,Average
3.92,2.13,84.85,59.31,78.31869999999994,Excel
3.75,5.0,51.47,76.93,77.21420000000008,Excel
1.0,4.0,6.94,92.96,87.5590500000001,Excel
5.44,2.91,37.12,68.88,60.88230000000007,Average
3.28,1.88,90.55,77.94,68.42360000000001,Average
4.62,3.25,75.09,54.33,57.07539999999997,Struggle
5.33,2.61,84.93,49.9,53.31829999999989,Struggle
5.7,5.0,72.64,73.83,73.18424999999999,Average
6.38,3.65,66.83,68.87,62.91575000000002,Average
3.91,1.43,98.52,78.57,75.82739999999988,Excel
3.44,4.86,78.28,82.93,82.57475000000017,Excel
6.46,3.76,56.55,55.07,58.98054999999996,Struggle
4.38,3.45,70.3,69.63,69.69124999999983,Average
2.69,4.11,37.2,86.8,84.80809999999978,Excel
1.55,4.54,60.7,85.66,85.74269999999993,Excel
5.82,1.14,96.67,67.47,64.40059999999986,Average
3.62,1.8,94.05,67.63,63.11249999999996,Average
4.7,5.0,59.96,69.72,78.40955000000022,Excel
3.45,4.49,67.61,64.93,67.68120000000013,Average
1.82,1.98,53.56,69.55,69.16304999999986,Average
4.92,4.0,60.43,76.0,76.45360000000002,Excel
1.57,3.59,79.58,90.3,85.47999999999983,Excel
3.11,4.55,84.99,91.54,87.91150000000033,Excel
4.0,1.0,0.0,59.91,49.90114999999995,Struggle
3.87,1.6,85.32,83.35,65.94295000000007,Average
5.26,3.58,85.33,53.81,58.86074999999996,Struggle
6.45,4.41,60.75,76.06,59.32219999999994,Struggle
5.67,2.2,67.32,40.01,46.823000000000114,Struggle
1.0,3.42,1.66,97.6,91.79980000000015,Excel
2.52,2.16,51.09,79.01,73.8948500000001,Average
4.04,2.22,64.41,62.42,62.38975000000002,Average
6.4,3.82,19.3,61.72,58.790199999999885,Struggle
5.84,4.2,82.56,74.4,72.39359999999988,Average
6.33,1.0,55.04,43.17,41.98585000000002,Struggle
2.49,1.0,92.29,56.44,64.45444999999997,Average
3.46,1.0,82.33,68.19,62.78115000000007,Average
3.35,1.0,51.44,53.82,54.936449999999894,Struggle
2.27,3.56,85.74,93.92,89.3641,Excel
1.03,4.67,66.83,100.0,88.90274999999998,Excel
6.43,1.0,66.83,41.53,38.34904999999993,Struggle
2.52,2.69,51.53,65.14,67.55389999999991,Average
2.64,4.79,92.9,86.37,85.71675000000018,Excel
1.81,1.17,86.62,63.84,67.9403000000001,Average
6.42,2.87,68.92,45.57,47.67479999999992,Struggle
4.79,3.07,66.43,51.68,58.29880000000009,Struggle
4.96,1.14,73.99,59.64,58.15599999999992,Struggle
6.07,2.64,71.83,65.06,46.560800000000015,Struggle
3.42,2.81,62.6,81.52,74.7879000000002,Average
4.78,1.35,66.83,39.31,45.6910500000001,Struggle
1.33,5.0,2.5,96.45,95.96685000000016,Excel
2.56,3.51,21.73,74.61,73.2326500000001,Average
6.05,4.36,65.22,80.51,75.27920000000013,Excel
5.11,1.8,4.27,57.04,54.8596500000001,Struggle
3.47,5.0,49.04,90.44,86.56520000000005,Excel
3.04,4.0,56.61,75.37,76.65785000000017,Excel
4.2,1.75,95.11,71.55,69.20379999999987,Average
1.0,1.52,0.0,82.75,80.41459999999995,Excel
2.25,2.73,96.21,99.09,91.71885000000003,Excel
2.44,4.66,84.16,86.39,85.88709999999986,Excel
2.43,5.0,29.11,90.34,89.25050000000014,Excel
5.97,4.99,5.9,65.76,66.51980000000009,Average
3.0,3.24,9.57,75.6,75.14940000000016,Average
1.99,2.87,80.36,61.06,66.45354999999995,Average
4.1,1.0,96.32,64.84,63.82535000000004,Average
6.47,3.88,35.27,70.75,64.30789999999999,Average
2.67,1.28,85.15,72.17,71.62744999999994,Average
1.51,2.97,98.05,74.61,92.80550000000001,Excel
3.02,3.63,57.62,75.84,76.17770000000013,Excel
5.4,4.74,54.52,74.36,67.54814999999994,Average
4.23,2.94,3.26,59.18,60.619850000000085,Average
5.75,3.79,7.65,55.87,60.156000000000134,Struggle
6.96,2.68,35.7,48.07,50.3163999999999,Struggle
5.39,1.89,66.7,38.15,51.34929999999996,Struggle
5.09,5.0,51.36,71.21,70.63729999999981,Average
4.24,1.0,98.57,64.93,63.120150000000095,Average
1.04,5.0,3.5,98.86,97.99240000000015,Excel
6.45,5.0,19.45,55.02,59.94335000000018,Struggle
3.51,3.45,99.98,89.87,87.92790000000018,Excel
2.14,1.0,80.25,68.38,68.88314999999982,Average
5.46,3.87,61.12,65.19,64.56890000000003,Average
2.46,1.0,53.33,65.05,61.095349999999925,Average
4.09,1.36,69.47,60.54,63.027750000000054,Average
4.94,3.39,83.48,79.9,75.4732499999998,Excel
3.43,1.0,55.32,65.23,60.93964999999984,Average
6.24,5.0,45.15,72.3,69.50409999999984,Average
2.15,1.8,72.13,59.28,65.07210000000019,Average
3.95,1.0,66.83,53.84,54.96315000000013,Struggle
3.86,4.71,65.01,77.59,77.0029500000001,Excel
5.18,2.35,98.36,77.4,75.56009999999982,Excel
5.73,1.04,40.01,59.52,55.83925000000016,Struggle
3.83,2.89,60.67,71.63,67.58574999999983,Average
4.42,2.66,76.81,55.18,57.66290000000008,Struggle
1.69,1.87,83.55,93.05,87.00699999999982,Excel
6.17,1.0,86.25,38.31,42.07270000000013,Struggle
3.68,1.29,63.92,75.91,72.5173999999999,Average
5.47,4.88,51.84,54.6,57.91540000000008,Struggle
1.15,3.66,8.59,93.0,87.68939999999999,Excel
1.86,1.1,88.7,83.76,79.79480000000011,Excel
3.91,1.0,95.24,55.83,59.377299999999934,Struggle
6.17,4.89,48.19,56.11,59.39630000000005,Struggle
3.98,1.8,52.62,46.44,48.390899999999995,Struggle
6.85,2.87,29.88,45.3,47.71749999999997,Struggle
3.46,2.72,53.71,45.45,52.39585000000004,Struggle
4.09,4.65,87.43,75.28,76.61530000000013,Excel
3.92,1.0,53.18,56.71,53.90244999999991,Struggle
6.23,4.48,59.29,56.36,58.405350000000006,Struggle
2.73,2.73,70.85,91.12,83.5219500000002,Excel
3.92,2.88,52.4,68.62,64.05184999999992,Average
6.56,1.0,70.32,32.93,37.04860000000007,Struggle
6.3,1.8,73.17,45.74,44.19234999999991,Struggle
3.74,3.49,85.66,78.41,76.74624999999992,Excel
5.2,3.58,68.46,76.84,72.45580000000008,Average
6.02,2.73,77.39,43.43,55.42019999999994,Struggle
1.36,4.05,65.17,91.5,87.98944999999998,Excel
4.22,4.05,67.68,68.38,69.71024999999979,Average
1.28,2.98,1.27,81.71,82.45544999999973,Excel
3.71,4.63,74.52,82.68,81.17085000000007,Excel
2.04,2.99,86.15,86.26,87.43440000000004,Excel
1.81,3.4,78.03,88.23,85.98059999999978,Excel
2.81,1.42,0.0,67.94,68.40445000000005,Average
3.64,4.82,35.98,73.11,74.65950000000007,Average
5.1,1.46,74.55,68.02,55.99990000000008,Struggle
1.64,1.29,83.5,78.28,76.51805000000019,Excel
4.34,4.88,29.05,65.88,68.91839999999989,Average
1.87,1.0,69.3,65.35,66.30180000000014,Average
4.83,1.0,81.24,48.98,50.37914999999985,Struggle
4.7,1.5,51.44,54.1,55.27245000000006,Struggle
4.69,5.0,43.24,77.04,81.27609999999999,Excel
5.4,2.66,79.94,76.51,70.5484500000001,Average
2.78,4.43,98.37,76.05,81.05994999999979,Excel
5.35,2.57,93.85,68.1,66.66625000000013,Average
3.67,1.0,64.04,53.45,59.160049999999934,Struggle
3.49,5.0,37.06,86.73,85.35524999999978,Excel
5.32,3.07,30.94,60.19,60.72375000000004,Average
1.0,2.12,5.66,86.65,86.52654999999996,Excel
4.76,3.18,88.74,75.54,72.71320000000003,Average
4.44,3.63,56.17,44.1,68.2828,Average
2.36,2.92,24.87,66.22,67.86264999999986,Average
1.7,4.64,97.2,100.0,98.73989999999999,Excel
3.92,1.0,91.19,64.21,65.1952499999998,Average
6.85,4.53,89.09,66.89,66.83800000000005,Average
4.68,2.85,93.23,84.35,78.55310000000019,Excel
2.19,3.8,87.48,73.89,86.93289999999996,Excel
2.97,2.45,56.03,81.55,77.8845499999998,Excel
4.96,5.0,75.83,83.89,81.0001999999999,Excel
5.62,3.79,36.47,68.0,66.31175000000002,Average
1.5,2.73,1.42,65.28,69.27965000000015,Average
3.92,2.14,91.7,76.91,74.52024999999995,Average
3.92,1.0,73.21,40.84,44.24895000000008,Struggle
1.0,5.0,7.05,87.11,91.06825000000012,Excel
2.31,5.0,63.75,82.25,84.53540000000008,Excel
6.28,1.53,61.43,58.97,55.846849999999925,Struggle
4.68,2.21,94.37,68.25,68.69845000000001,Average
2.67,2.11,82.37,55.47,63.29354999999991,Average
1.63,3.01,78.02,86.56,80.78959999999992,Excel
1.66,1.91,0.0,94.01,85.35675000000006,Excel
2.23,2.87,82.51,91.92,85.72359999999995,Excel
6.11,3.72,87.74,73.22,70.60724999999996,Average
3.34,4.0,77.72,81.08,84.11434999999996,Excel
5.55,5.0,0.0,80.88,71.02854999999991,Average
6.94,5.0,98.84,62.99,66.87274999999987,Average
3.92,3.51,99.77,72.39,77.66399999999994,Excel
2.6,4.41,83.47,100.0,87.10474999999992,Excel
4.48,3.4,72.64,76.8,72.74129999999987,Average
6.94,2.39,70.22,46.05,47.822250000000004,Struggle
5.71,2.93,92.98,50.61,54.612300000000005,Struggle
1.84,1.16,95.46,74.47,73.20459999999983,Average
5.42,3.97,74.22,65.44,65.13520000000011,Average
4.1,1.9,91.54,59.55,61.17539999999986,Average
5.99,1.0,70.33,44.05,43.382750000000016,Struggle
1.44,2.11,57.95,76.94,75.26865000000005,Excel
4.48,1.48,66.7,54.62,56.291200000000124,Struggle
6.41,4.0,58.92,72.52,69.16565000000014,Average
3.18,1.0,61.64,64.53,61.12215000000011,Average
4.13,3.1,73.91,69.31,68.17044999999993,Average
1.06,2.39,78.27,70.75,76.68425000000005,Excel
2.99,2.1,80.19,70.95,70.36370000000015,Average
3.24,3.44,96.79,79.74,81.45869999999988,Excel
7.0,4.0,83.07,73.51,71.21660000000013,Average
2.35,3.88,89.31,87.09,84.80890000000005,Excel
3.92,2.69,79.09,59.07,61.18434999999993,Average
4.87,2.46,91.68,73.27,69.66260000000014,Average
1.89,1.0,4.92,60.44,61.94870000000002,Average
3.92,4.0,39.38,78.58,79.96099999999991,Excel
5.56,3.81,96.32,88.52,81.21830000000021,Excel
6.69,3.05,84.67,62.26,62.0074000000001,Average
4.86,3.6,83.58,74.98,71.16234999999979,Average
5.44,2.87,66.83,74.61,72.77925000000015,Average
1.52,2.88,68.83,88.2,80.98710000000021,Excel
6.57,2.8,77.78,59.44,57.02390000000003,Struggle
1.8,5.0,56.03,92.25,90.48789999999997,Excel
5.47,1.39,72.74,62.17,48.90529999999997,Struggle
3.07,3.35,72.77,83.35,79.08730000000018,Excel
6.83,5.0,76.92,69.27,68.32510000000006,Average
3.92,1.68,81.73,74.15,70.03874999999985,Average
5.77,5.0,97.87,74.59,83.09789999999988,Excel
2.28,1.0,82.61,72.3,68.62919999999988,Average
3.18,4.09,94.19,73.61,76.94270000000012,Excel
4.75,1.0,77.82,51.54,50.42445000000005,Struggle
5.75,2.82,81.35,60.04,55.63105000000002,Struggle
2.1,4.42,32.65,69.91,75.74929999999996,Excel
6.31,5.0,56.66,70.78,62.467450000000014,Average
6.35,1.44,42.12,62.2,58.01685000000004,Struggle
2.22,4.95,66.83,83.35,81.11260000000013,Excel
5.59,3.94,0.0,57.04,58.4091000000001,Struggle
4.22,3.33,48.37,83.23,78.30829999999973,Excel
3.5,1.46,66.83,74.21,69.35859999999978,Average
3.14,3.59,98.62,83.93,83.80685000000014,Excel
4.5,1.98,57.38,47.51,49.64915000000013,Struggle
5.1,4.79,69.74,58.24,60.77664999999993,Average
3.46,4.34,83.25,77.29,76.27755000000026,Excel
4.28,3.16,30.74,67.32,60.27174999999999,Struggle
5.56,5.0,63.35,73.12,71.4068000000001,Average
4.78,4.0,90.69,76.93,78.38205000000013,Excel
1.0,3.88,99.02,100.0,97.22925000000004,Excel
6.27,4.47,88.69,72.47,72.88450000000005,Average
4.22,4.69,76.18,86.49,81.59184999999988,Excel
2.93,4.0,66.83,91.7,89.20765000000017,Excel
2.2,2.88,76.98,62.66,73.25275000000009,Average
3.6,2.51,9.67,61.27,63.726700000000164,Average
6.45,1.75,75.14,47.68,49.37240000000009,Struggle
3.59,1.0,9.8,46.91,52.50589999999994,Struggle
5.36,2.55,95.19,56.21,59.66739999999987,Struggle
1.51,1.0,87.73,67.25,67.68875,Average
3.48,3.68,84.05,77.23,79.28969999999984,Excel
6.6,2.5,97.5,58.33,62.216699999999946,Average
5.69,3.05,64.22,49.74,53.489999999999874,Struggle
3.92,3.85,54.06,84.03,81.08935000000021,Excel
3.71,4.13,91.31,84.94,82.47020000000009,Excel
2.13,5.0,99.92,97.49,96.17400000000006,Excel
3.4,3.37,78.92,77.82,75.35719999999988,Excel
5.23,2.65,52.94,55.57,54.095249999999915,Struggle
5.63,3.02,89.02,50.9,54.1146999999999,Struggle
2.8,1.69,29.55,55.56,60.61544999999997,Average
6.05,3.45,40.81,42.11,45.39734999999995,Struggle
4.69,2.44,63.88,60.42,60.82925000000002,Average
3.62,4.77,95.75,95.26,91.24020000000004,Excel
3.82,1.0,72.57,44.11,48.69904999999997,Struggle
4.26,1.59,72.62,59.71,60.69274999999989,Average
3.9,1.8,64.95,45.65,49.12794999999987,Struggle
4.06,1.87,69.37,71.62,66.52585000000016,Average
3.92,3.21,97.36,67.24,68.75229999999988,Average
1.79,3.63,22.58,69.58,73.77014999999996,Average
6.21,3.19,78.93,43.65,51.046349999999855,Struggle
4.49,2.42,69.43,56.86,59.30220000000006,Struggle
1.57,1.0,88.71,65.37,66.55110000000012,Average
5.85,4.73,0.0,58.22,58.786799999999886,Struggle
6.33,1.0,41.0,36.65,41.688399999999966,Struggle
6.86,3.96,84.95,69.55,69.50184999999989,Average
2.83,3.07,70.35,69.39,70.83284999999987,Average
2.0,4.7,52.93,76.53,83.75110000000006,Excel
3.85,1.67,0.0,70.53,67.13260000000017,Average
1.75,1.53,75.16,72.76,77.43875000000003,Excel
6.27,1.0,50.57,29.57,44.40435000000002,Struggle
2.33,3.9,80.63,83.47,87.4747,Excel
2.08,2.06,95.99,83.87,81.8635500000002,Excel
3.92,1.0,55.55,65.73,60.10514999999977,Struggle
2.98,5.0,41.11,83.78,83.37895000000015,Excel
5.31,3.33,86.43,71.44,69.24360000000001,Average
3.99,3.8,53.54,76.94,75.26190000000008,Excel
3.92,1.0,51.13,60.13,59.63074999999988,Struggle
2.88,5.0,73.21,76.23,81.07474999999981,Excel
3.92,1.8,89.56,57.86,58.110875000000014,Struggle
1.39,3.58,58.04,79.91,80.53689999999989,Excel
4.29,2.87,91.83,66.34,69.84065000000007,Average
4.45,2.87,82.83,49.86,67.17440000000002,Average
5.77,5.0,40.91,73.42,70.32655000000001,Average
6.79,2.46,66.83,55.45,55.90570000000008,Struggle
6.34,3.22,98.28,56.7,62.13940000000008,Average
6.33,1.0,40.8,28.48,41.688399999999966,Struggle
2.12,4.75,74.98,76.17,79.98870000000004,Excel
3.92,5.0,81.22,99.0,91.37165,Excel
3.02,1.39,31.87,75.69,71.92395000000012,Average
5.9,5.0,52.18,64.36,65.96100000000003,Average
7.0,1.35,14.3,35.48,38.88314999999986,Struggle
6.6,2.27,66.23,55.67,55.672900000000055,Struggle
2.05,3.99,1.77,88.15,86.60744999999991,Excel
7.0,3.9,90.19,59.78,66.536,Average
3.06,2.96,74.11,64.48,67.04044999999984,Average
1.54,4.13,4.35,80.55,81.11034999999978,Excel
3.52,1.45,5.57,72.83,61.889599999999966,Average
1.65,3.71,4.88,81.21,80.75894999999973,Excel
3.95,3.84,56.7,75.8,73.72144999999983,Average
2.98,4.88,66.15,83.5,81.20725,Excel
3.38,3.45,40.25,72.02,67.01225000000001,Average
4.22,1.0,96.99,55.96,57.88459999999986,Struggle
6.65,3.42,69.79,53.88,54.87474999999994,Struggle
5.28,4.9,42.16,78.49,74.82484999999986,Average
3.63,4.61,62.28,81.57,78.61039999999984,Excel
5.95,1.8,7.92,37.76,39.96590000000007,Struggle
6.68,2.94,66.83,58.99,57.367249999999906,Struggle
1.56,1.25,54.09,69.65,68.38594999999985,Average
4.45,2.7,98.21,64.97,68.41299999999991,Average
2.7,2.87,56.54,67.08,65.99439999999998,Average
1.42,1.42,9.27,84.92,82.76390000000004,Excel
5.47,1.0,99.97,51.78,50.73135000000004,Struggle
6.15,4.92,56.92,63.31,62.61984999999996,Average
1.9,2.28,71.2,93.45,86.18405000000013,Excel
6.28,5.0,89.02,83.62,80.0750500000002,Excel
6.52,1.8,51.61,37.49,37.22724999999989,Struggle
6.98,3.18,84.49,65.97,63.93039999999988,Average
2.64,3.51,66.83,66.28,68.78405000000012,Average
3.92,2.14,61.83,48.35,51.42600000000016,Struggle
2.66,3.06,58.0,73.81,74.73044999999988,Average
3.84,3.13,66.3,87.55,77.8969499999998,Excel
1.53,1.89,0.0,52.78,61.62755000000012,Average
1.0,5.0,0.0,93.94,97.34974261904745,Excel
5.43,3.24,79.38,74.3,70.60719999999982,Average
4.09,3.8,67.31,76.75,71.88249999999991,Average
2.99,3.84,41.07,83.39,80.33719999999985,Excel
1.64,4.16,35.08,70.06,81.02294999999992,Excel
4.84,5.0,87.41,74.41,79.85804999999982,Excel
1.34,4.15,4.88,79.15,79.92399999999981,Excel
5.88,5.0,68.21,69.17,67.70955000000009,Average
1.79,1.51,58.58,59.79,63.55275000000016,Average
2.5,1.17,0.38,71.46,67.38004999999978,Average
3.92,1.21,88.93,73.35,61.10770000000006,Average
3.77,1.0,65.62,54.81,57.35165000000004,Struggle
3.09,4.3,51.29,62.02,65.86700000000017,Average
3.07,1.97,60.72,63.75,63.93044999999999,Average
6.65,4.0,84.12,66.91,69.49064999999997,Average
5.12,4.69,99.45,75.12,76.63280000000015,Excel
1.54,3.25,5.78,72.46,73.68279999999972,Average
3.36,1.0,65.31,55.07,56.71549999999992,Struggle
6.71,2.43,53.1,44.46,48.73039999999994,Struggle
2.93,2.87,65.82,75.66,73.76084999999988,Average
1.95,5.0,70.3,83.3,86.42249999999974,Excel
5.15,1.0,96.04,51.66,54.181649999999934,Struggle
4.39,2.69,54.03,47.88,55.01594999999992,Struggle
4.24,4.12,88.86,67.64,71.28399999999988,Average
1.12,2.24,69.78,78.25,71.91855000000007,Average
1.51,1.0,90.56,77.23,67.81544999999984,Average
5.11,3.97,75.67,75.08,74.99644999999992,Average
2.17,2.1,51.96,64.05,69.49844999999985,Average
4.48,2.81,97.31,78.87,76.11160000000025,Excel
4.35,5.0,54.14,68.8,72.57604999999981,Average
2.34,1.8,79.88,66.43,65.80000000000013,Average
6.74,2.87,93.88,71.98,66.89044999999982,Average
6.54,3.99,53.99,48.7,54.84700000000008,Struggle
5.4,3.59,77.69,58.33,59.75974999999993,Struggle
1.0,5.0,91.21,92.54,94.4721000000003,Excel
2.07,1.0,99.32,73.07,72.78234999999987,Average
3.69,5.0,47.07,87.67,85.74719999999999,Excel
2.15,4.04,63.92,80.63,79.18924999999987,Excel
6.89,1.44,53.89,61.87,57.30780000000011,Struggle
1.78,4.0,85.29,97.48,97.0155499999998,Excel
3.7,5.0,85.0,79.64,83.36219999999982,Excel
3.61,5.0,63.44,82.66,82.56514999999995,Excel
5.25,3.81,54.37,66.75,66.28265000000002,Average
1.78,1.0,55.42,71.59,60.833749999999874,Average
3.34,2.99,82.03,71.87,73.66070000000002,Average
2.25,2.05,97.69,64.37,67.89155000000014,Average
5.99,2.96,73.29,38.18,46.54070000000006,Struggle
1.26,3.32,6.89,100.0,90.90499999999993,Excel
6.29,1.8,96.9,40.54,42.68344999999997,Struggle
5.54,1.8,95.15,49.3,50.39779999999996,Struggle
2.75,3.98,95.49,90.24,90.02154999999993,Excel
5.99,2.6,94.92,47.14,52.16680000000002,Struggle
1.58,1.93,1.07,79.71,78.2206999999998,Excel
6.89,4.94,4.34,63.91,65.51504999999996,Average
4.38,3.18,66.83,64.69,66.4375500000001,Average
2.68,3.91,24.97,77.13,78.87299999999976,Excel
3.18,1.02,66.83,69.15,66.25789999999988,Average
1.63,2.84,51.18,73.72,73.36169999999989,Average
7.0,3.7,55.84,52.99,55.284999999999975,Struggle
1.16,2.79,8.21,89.97,86.09379999999989,Excel
4.97,2.43,83.19,65.93,64.64430000000014,Average
4.08,5.0,65.6,79.06,78.7851624999999,Excel
6.82,2.41,89.67,57.14,55.73854999999997,Struggle
2.62,1.54,51.32,73.03,69.10405000000013,Average
3.92,1.0,57.11,44.19,50.20919999999989,Struggle
3.51,4.25,94.23,76.25,77.98475000000003,Excel
5.24,1.0,66.93,43.84,48.969597857142844,Struggle
1.87,3.82,84.94,85.86,86.1561000000002,Excel
2.02,5.0,64.53,89.1,88.39540000000012,Excel
2.08,1.2,75.0,80.14,76.69059999999982,Excel
5.53,1.08,90.81,56.69,57.853000000000044,Struggle
3.92,3.14,57.84,79.2,76.30275000000016,Excel
4.5,2.88,98.86,65.37,67.49125000000019,Average
3.92,4.73,66.83,80.81,79.1483999999999,Excel
6.25,3.24,76.7,59.68,59.978550000000105,Struggle
6.75,2.87,95.8,49.65,63.83609999999995,Average
4.03,5.0,97.28,90.34,88.29579999999999,Excel
2.99,1.8,61.61,56.53,57.078300000000084,Struggle
2.15,2.87,19.26,88.44,83.7821000000001,Excel
1.13,1.0,4.36,60.83,64.27309999999999,Average
2.61,1.05,12.95,55.25,56.59265000000001,Struggle
4.68,2.6,74.26,53.32,55.12044999999995,Struggle
4.48,1.8,66.83,49.26,51.482750000000095,Struggle
6.87,3.73,78.01,59.43,61.48310000000011,Average
3.15,1.77,59.4,78.59,72.6124500000001,Average
4.76,4.97,74.35,70.31,72.38090000000005,Average
3.44,1.03,96.06,65.97,66.00064999999985,Average
4.18,1.0,48.74,70.93,63.09355000000016,Average
2.32,3.44,86.07,85.17,84.86354999999999,Excel
3.24,1.76,66.81,66.98,66.59124999999977,Average
3.68,2.79,59.42,76.39,72.62044999999989,Average
5.7,3.34,62.78,66.64,58.314649999999986,Struggle
6.83,1.8,76.66,39.98,42.36869999999989,Struggle
3.34,2.87,5.7,79.14,74.62299999999992,Average
1.0,5.0,0.72,90.5,93.32852999999999,Excel
3.55,2.62,60.99,80.34,75.18080000000013,Excel
3.78,3.22,58.65,59.4,60.02779999999987,Struggle
2.47,1.07,58.23,66.58,65.10819999999997,Average
5.36,4.17,87.52,60.13,64.13489999999983,Average
6.87,2.92,83.63,46.51,49.04670000000013,Struggle
6.56,1.8,50.6,34.04,35.29169999999996,Struggle
2.41,4.0,52.94,77.22,78.53284999999978,Excel
6.06,5.0,82.31,66.59,67.8475000000001,Average
5.27,2.26,41.96,59.98,60.144999999999825,Struggle
4.22,1.8,57.31,50.89,50.19590000000003,Struggle
4.18,5.0,52.22,79.6,77.90755000000016,Excel
6.15,3.36,57.97,35.01,43.87975000000008,Struggle
3.88,3.98,97.88,91.04,85.25430000000007,Excel
3.54,4.0,86.38,88.43,88.60625000000013,Excel
3.73,3.71,76.39,81.61,80.99105000000016,Excel
4.14,3.97,97.08,91.02,88.62870000000026,Excel
2.38,2.6,51.69,80.66,77.31239999999991,Excel
6.33,2.87,86.28,49.28,52.986400000000025,Struggle
5.46,2.62,64.13,51.15,56.05374999999987,Struggle
3.92,2.1,79.45,57.22,62.926250000000024,Average
1.66,1.0,18.36,56.36,59.26435000000005,Struggle
4.2,1.73,70.22,75.01,69.14660000000013,Average
1.96,1.87,51.66,59.96,66.44814999999996,Average
1.66,2.26,60.83,91.7,79.06509999999989,Excel
4.3,4.04,53.74,52.67,69.64620000000005,Average
3.19,2.72,34.02,67.18,71.76919999999991,Average
4.98,4.0,66.83,86.41,82.31169999999995,Excel
1.36,1.0,68.9,67.13,67.17639999999979,Average
3.24,3.69,91.58,78.47,79.05259999999977,Excel
2.54,2.87,82.82,87.83,83.68834999999996,Excel
7.0,3.48,9.61,41.3,47.29140000000001,Struggle
4.28,1.0,61.84,63.02,47.67689999999996,Struggle
3.92,2.2,96.11,63.61,65.13515000000008,Average
2.54,3.89,52.71,77.8,77.98854999999982,Excel
1.16,1.49,66.83,85.32,80.65934999999986,Excel
7.0,1.9,81.06,58.49,56.59249999999989,Struggle
2.4,4.92,50.17,83.13,80.53024999999997,Excel
3.96,3.54,62.02,52.47,59.39754999999995,Struggle
5.24,3.81,71.53,72.6,70.73030000000016,Average
1.0,5.0,7.86,100.0,99.29565000000001,Excel
6.25,2.51,91.84,73.47,69.18279999999986,Average
3.76,3.93,97.07,82.08,80.93220000000002,Excel
2.72,2.43,0.0,70.82,74.86509999999986,Average
1.81,5.0,69.36,98.33,95.98620000000007,Excel
2.33,2.32,50.94,64.72,67.02699999999992,Average
6.23,4.35,97.15,72.1,72.04925000000014,Average
4.8,2.87,66.47,41.64,59.29839999999997,Struggle
2.21,5.0,70.21,93.92,83.20509999999989,Excel
1.4,1.82,95.39,93.29,85.05090000000024,Excel
5.24,4.81,76.33,68.01,67.90875000000017,Average
3.96,2.06,78.31,46.08,53.61399999999996,Struggle
3.34,2.05,58.81,77.27,71.8553000000002,Average
3.51,3.9,74.93,77.86,79.34640000000017,Excel
3.92,3.49,95.91,90.1,75.62619999999991,Excel
4.69,1.97,77.94,59.55,58.600149999999964,Struggle
7.0,4.56,1.5,52.28,62.63494999999998,Average
1.82,2.87,51.56,53.07,59.7794999999999,Struggle
4.88,3.69,66.82,57.43,62.36185000000014,Average
3.24,1.8,78.63,60.29,61.81145000000014,Average
3.6,1.0,52.13,55.17,55.14735000000009,Struggle
2.51,1.0,80.49,67.76,68.09280000000011,Average
5.95,1.0,76.17,52.2,49.22909999999998,Struggle
3.93,1.11,89.17,54.41,61.031350000000096,Average
3.98,3.68,51.44,72.42,66.64055000000002,Average
2.85,2.92,89.04,82.87,83.07120000000026,Excel
2.07,1.59,76.04,76.2,75.79994999999997,Excel
1.23,2.94,68.53,79.47,81.39124999999981,Excel
5.77,3.31,98.27,71.83,70.23029999999994,Average
2.55,4.49,58.01,87.88,83.95905000000005,Excel
5.53,2.87,22.51,53.54,57.01640000000012,Struggle
3.53,1.98,36.88,56.76,57.995750000000136,Struggle
3.15,5.0,76.37,92.53,88.89375000000017,Excel
3.89,1.0,77.61,59.16,58.521749999999976,Struggle
3.53,1.0,54.47,50.4,51.17999999999991,Struggle
1.14,1.0,83.06,67.82,69.6985499999999,Average
2.86,1.8,53.69,53.58,57.189200000000035,Struggle
4.88,4.76,88.47,81.27,71.97920000000005,Average
4.7,1.92,54.53,48.2,49.3432,Struggle
2.6,2.69,64.86,85.2,66.80820000000001,Average
4.24,4.0,82.51,92.07,88.23114999999986,Excel
2.38,2.4,56.84,73.06,71.6836999999999,Average
2.06,1.8,83.88,56.04,61.19280000000014,Average
1.25,2.13,3.77,58.54,84.69759999999992,Excel
6.13,1.93,66.75,53.07,53.60609999999993,Struggle
2.37,1.0,70.37,77.13,64.26089999999996,Average
2.77,2.87,88.71,83.54,81.6320500000003,Excel
2.74,3.56,82.24,74.77,82.90905000000006,Excel
1.99,5.0,93.52,100.0,98.31015000000005,Excel
4.79,3.94,85.46,64.16,66.68714999999996,Average
1.47,2.77,75.97,85.21,80.14364999999977,Excel
2.01,2.59,98.99,97.96,92.94589999999967,Excel
5.18,1.0,84.74,53.9,54.21139999999995,Struggle
3.2,1.0,55.1,63.31,57.477450000000026,Struggle
5.73,1.8,66.83,43.48,42.23239999999986,Struggle
4.66,1.36,66.92,60.42,56.16715000000003,Struggle
2.82,2.05,64.79,70.49,68.77184999999987,Average
5.25,3.88,12.8,49.12,53.8992500000001,Struggle
1.48,3.49,59.84,67.1,72.61455000000015,Average
4.15,3.93,66.83,82.29,78.2134000000003,Excel
3.68,1.0,29.13,54.94,54.71644999999995,Struggle
2.57,2.16,64.88,83.96,78.47784999999978,Excel
4.97,1.2,61.24,54.52,53.64685000000014,Struggle
5.76,3.07,58.45,46.67,55.75139999999995,Struggle
6.7,3.91,62.74,61.43,59.35840000000011,Struggle
5.03,5.0,75.21,80.67,75.70419999999991,Excel
2.99,3.36,66.83,64.58,71.25125000000006,Average
2.08,1.0,68.11,60.73,61.61124999999981,Average
2.39,2.35,93.23,79.91,80.23179999999996,Excel
4.13,1.8,65.92,51.66,51.123349999999945,Struggle
3.26,2.72,54.71,53.28,58.642300000000105,Struggle
6.93,3.27,65.14,60.5,55.62965000000001,Struggle
2.94,2.07,85.77,55.62,60.61000000000013,Average
3.61,4.46,5.16,68.8,71.32644999999988,Average
3.08,4.24,59.4,72.11,72.12859999999995,Average
5.77,2.87,55.59,43.9,47.201949999999904,Struggle
4.9,2.87,83.04,45.0,53.29449999999998,Struggle
4.26,3.94,83.82,89.17,83.4737,Excel
2.88,3.27,68.31,63.15,66.11889999999983,Average
5.77,3.91,92.14,78.51,73.8508500000001,Average
1.0,2.1,1.0,86.08,73.92599999999996,Average
6.58,1.0,60.28,54.14,49.581700000000026,Struggle
3.97,1.55,52.25,68.63,65.05874999999986,Average
3.87,3.97,24.58,57.14,64.8708499999999,Average
4.38,2.69,51.21,52.39,59.87379999999988,Struggle
4.69,4.04,36.28,58.97,61.944149999999915,Average
1.09,5.0,6.34,93.03,94.64295000000013,Excel
6.33,2.76,87.61,66.8,61.83789999999992,Average
4.0,2.38,64.67,60.71,61.35374999999982,Average
3.45,3.16,55.56,71.54,68.17815000000024,Average
1.95,3.57,52.05,89.67,85.16679999999997,Excel
3.18,2.8,37.27,76.49,74.68979999999985,Average
3.96,1.0,81.3,57.85,58.13790000000017,Struggle
3.8,2.47,89.67,91.25,81.0320499999999,Excel
3.92,3.01,77.3,54.74,70.03959999999992,Average
3.9,1.82,79.04,65.61,62.758100000000056,Average
6.94,2.1,0.0,62.0,49.897150000000046,Struggle
4.14,4.0,66.83,74.24,78.68915000000017,Excel
6.31,3.73,57.59,82.19,71.45060000000007,Average
2.08,5.0,3.27,99.93,98.54355000000015,Excel
3.92,1.83,73.69,58.32,58.143699999999875,Struggle
2.63,3.69,61.78,90.0,75.07140000000012,Average
4.46,1.0,63.2,45.18,47.746800000000114,Struggle
6.43,1.06,56.4,37.23,39.71009999999986,Struggle
1.35,2.87,90.97,86.13,87.34519999999982,Excel
1.08,1.92,66.83,75.95,76.54475000000025,Excel
3.92,1.42,67.39,57.61,59.94390000000008,Struggle
2.12,1.92,99.07,82.12,80.11200000000001,Excel
4.86,4.0,5.33,89.0,83.47995000000004,Excel
4.4,2.76,0.07,62.91,67.42575000000004,Average
6.39,1.0,57.11,42.88,40.506800000000034,Struggle
1.81,5.0,94.56,99.44,96.70674999999996,Excel
1.97,1.0,66.44,59.53,61.199500000000086,Average
4.5,3.24,50.63,60.37,57.653400000000055,Struggle
6.73,2.73,66.83,57.38,58.871099999999885,Struggle
3.3,3.82,75.46,72.96,77.12769999999979,Excel
2.84,3.58,55.41,73.05,76.70164999999996,Excel
4.46,3.29,76.88,47.28,51.839300000000065,Struggle
7.0,4.0,90.97,71.93,70.85350000000011,Average
6.35,2.36,68.88,42.55,45.51830000000002,Struggle
7.0,1.6,44.49,49.58,48.34074999999994,Struggle
1.55,2.1,8.8,67.0,73.16069999999998,Average
2.07,2.87,96.15,89.71,90.05979999999968,Excel
5.09,5.0,52.44,63.52,69.03564999999992,Average
5.64,3.76,72.25,72.67,68.25040000000003,Average
2.93,1.96,27.25,76.32,64.72495000000009,Average
2.55,2.96,94.69,84.08,82.67839999999997,Excel
5.95,5.0,54.8,70.24,68.1496499999999,Average
1.1,1.91,70.57,80.35,77.44330000000016,Excel
3.41,4.04,70.34,69.77,72.01730000000019,Average
3.94,4.98,94.42,75.21,77.93444999999973,Excel
4.69,3.44,60.77,55.75,62.54185000000001,Average
5.67,4.15,82.24,79.3,76.1802499999998,Excel
2.84,1.54,56.72,50.48,58.350599999999865,Struggle
3.92,3.02,97.7,74.19,74.14694999999998,Average
4.73,3.69,45.82,70.76,70.83060000000009,Average
4.34,2.62,57.88,84.64,77.5738499999999,Excel
4.9,3.54,71.69,73.35,72.50300000000017,Average
2.81,1.03,67.11,69.39,67.40664999999994,Average
1.86,1.57,60.63,77.47,74.88709999999978,Average
1.46,4.18,80.2,74.73,79.14454999999984,Excel
2.41,2.67,97.73,79.71,79.74984999999971,Excel
4.33,5.0,67.99,84.96,81.63959999999965,Excel
6.41,5.0,94.16,77.5,72.58510000000008,Average
5.0,3.58,57.44,67.85,68.90155000000013,Average
5.33,1.0,76.49,51.93,49.38755000000009,Struggle
2.84,3.4,67.52,85.58,74.52114999999993,Average
3.88,2.79,68.99,84.4,77.36209999999984,Excel
3.32,1.44,73.14,65.57,64.19434999999999,Average
2.07,4.67,66.83,83.48,82.81304999999973,Excel
1.0,3.92,51.71,93.62,90.58215000000023,Excel
4.1,3.05,66.83,67.2,65.2416500000001,Average
7.0,2.87,76.16,69.31,62.99094999999991,Average
2.09,1.82,51.5,63.89,64.71864999999991,Average
1.36,3.66,8.88,91.58,88.60685,Excel
5.29,2.87,67.3,66.49,62.27409999999992,Average
2.37,2.78,66.83,73.37,72.13765000000024,Average
6.29,3.43,4.09,77.51,54.80109999999996,Struggle
4.89,3.98,85.49,68.63,69.14179999999982,Average
7.0,2.45,85.85,54.76,53.36300000000013,Struggle
3.07,2.23,66.83,52.57,61.15929999999989,Average
4.64,1.57,88.51,64.5,63.0594,Average
3.77,3.74,50.98,73.38,72.12819999999986,Average
5.23,5.0,47.53,79.41,78.24984999999991,Excel
3.53,3.61,27.59,52.26,60.09750000000014,Struggle
2.29,2.22,86.48,72.45,71.30530000000016,Average
4.14,1.0,76.36,49.56,51.49175000000002,Struggle
3.82,5.0,71.86,72.43,74.80180000000011,Average
5.61,2.87,84.53,80.62,75.38705000000023,Excel
3.92,2.56,51.82,55.88,58.950699999999905,Struggle
4.66,3.27,61.17,61.2,58.281850000000084,Struggle
1.88,1.21,80.82,84.34,81.04635000000006,Excel
5.78,1.15,67.71,50.4,51.64409999999992,Struggle
3.62,1.92,69.06,78.61,72.58375000000007,Average
6.26,3.21,62.94,59.09,55.09814999999993,Struggle
6.24,2.65,75.94,66.34,47.916649999999976,Struggle
1.05,2.6,81.12,99.66,81.32020000000013,Excel
5.54,4.94,46.85,70.09,69.59475000000005,Average
1.38,2.12,9.58,100.0,90.69850000000001,Excel
3.45,2.87,76.17,92.35,82.41815000000015,Excel
4.43,5.0,51.79,81.07,79.94394999999987,Excel
2.31,3.13,61.15,77.2,77.52985000000008,Excel
5.13,2.24,45.13,41.49,61.78035000000002,Average
1.0,1.84,8.68,87.39,83.25419999999987,Excel
1.85,3.95,5.55,87.51,86.40900000000005,Excel
3.92,2.71,98.81,56.72,64.94199999999987,Average
4.93,1.0,65.93,37.04,41.36939999999998,Struggle
6.49,1.0,53.91,36.33,39.87184999999991,Struggle
5.56,3.72,50.95,62.58,62.77004999999998,Average
5.48,2.8,0.0,71.51,63.52195000000018,Average
3.0,2.28,67.66,73.71,71.44384999999978,Average
1.33,1.22,0.02,59.93,66.42510000000017,Average
2.04,2.93,96.66,96.56,95.57694999999994,Excel
4.1,2.08,65.79,52.27,57.55425000000017,Struggle
4.66,3.66,84.61,54.83,65.94825,Average
3.99,4.41,53.32,80.75,74.26755000000001,Average
5.54,1.24,87.05,69.27,66.78720000000017,Average
4.61,2.25,0.0,71.53,66.95550000000014,Average
1.43,5.0,93.21,89.79,91.77330000000035,Excel
2.05,1.88,99.73,75.25,75.61085000000004,Excel
5.79,2.87,59.13,65.81,62.748699999999936,Average
5.83,1.0,65.24,45.31,45.42740000000009,Struggle
6.12,1.8,81.81,48.95,48.51145000000004,Struggle
1.23,3.13,86.65,97.5,95.42334999999997,Excel
6.95,4.63,76.73,59.58,60.06284999999996,Struggle
2.14,1.53,53.7,57.19,60.712149999999994,Average
1.0,3.06,0.0,69.18,71.8949000000001,Average
7.0,3.35,98.04,73.16,69.81969999999988,Average
2.55,5.0,42.04,85.57,86.22840000000011,Excel
4.91,3.11,61.24,47.28,48.98700000000001,Struggle
1.58,2.63,50.97,79.99,73.85115000000013,Average
4.57,1.0,61.86,47.1,46.86120000000015,Struggle
6.04,1.03,85.0,63.6,60.10765000000014,Struggle
2.63,1.0,95.58,55.03,60.40395000000008,Struggle
5.24,2.37,54.68,55.32,54.37054999999987,Struggle
1.94,2.1,77.66,63.57,80.42065,Excel
4.41,3.7,84.78,62.01,64.35985000000011,Average
3.1,2.49,63.82,64.3,65.83794999999988,Average
1.98,4.38,57.63,78.84,79.63825000000003,Excel
2.65,1.8,85.76,58.31,62.10999999999999,Average
2.19,4.05,91.89,75.73,79.58779999999983,Excel
6.65,4.83,72.62,69.09,68.97875000000008,Average
3.62,1.48,0.0,65.05,63.72904999999994,Average
2.45,1.86,65.09,80.51,63.04880000000006,Average
3.64,2.28,5.02,61.07,61.97239999999989,Average
3.21,2.49,59.37,66.2,65.71910000000011,Average
5.16,4.86,67.94,58.27,60.7750000000002,Average
3.92,4.6,51.79,65.02,61.89525000000001,Average
3.79,3.04,64.15,52.58,55.81910000000008,Struggle
6.08,1.8,82.61,41.08,47.3596,Struggle
4.61,4.23,82.4,73.86,73.11229999999992,Average
1.7,2.87,53.68,86.96,80.23674999999973,Excel
4.96,5.0,64.37,81.54,74.93945,Average
4.48,1.94,78.48,67.04,65.26285000000021,Average
4.82,1.87,65.93,63.85,61.04960000000001,Average
3.92,1.58,70.9,55.6,58.0417500000001,Struggle
3.25,3.02,85.64,73.5,76.99129999999995,Excel
6.09,4.34,0.0,50.29,56.67665000000013,Struggle
5.04,2.5,63.82,72.2,66.67745000000012,Average
3.85,5.0,57.12,69.82,74.5279999999999,Average
5.11,4.59,56.38,61.09,62.14650000000009,Average
3.32,1.0,97.95,81.95,64.87909999999992,Average
7.0,1.56,68.83,53.86,53.12339999999999,Struggle
5.36,2.62,76.35,57.71,57.22874999999987,Struggle
1.35,1.83,8.19,86.76,83.23910000000011,Excel
2.83,1.87,7.57,45.22,61.40139999999994,Average
4.41,1.0,40.68,46.26,49.887650000000114,Struggle
3.92,1.0,91.61,82.49,75.02834999999983,Average
1.0,2.29,3.66,99.38,92.30129999999987,Excel
3.62,2.91,68.65,55.51,64.09255000000002,Average
3.33,2.89,39.56,73.18,71.40180000000005,Average
3.26,2.18,87.84,66.99,68.77750000000003,Average
2.21,1.0,26.56,58.61,60.16665000000003,Struggle
1.71,2.87,17.78,88.23,80.23344999999999,Excel
5.18,5.0,62.88,72.47,73.63429999999978,Average
3.84,1.0,69.37,46.06,52.71324999999996,Struggle
2.2,4.68,52.61,82.93,82.70185000000014,Excel
2.72,2.87,73.93,66.7,67.1939500000001,Average
4.56,5.0,87.0,84.88,82.04899999999977,Excel
1.21,1.21,40.0,70.38,69.62509999999982,Average
2.36,1.8,53.59,57.01,56.238750000000074,Struggle
1.43,2.27,72.01,77.38,75.17609999999979,Excel
6.11,3.34,48.12,74.94,51.32790000000004,Struggle
5.71,1.57,52.9,39.39,49.397400000000005,Struggle
5.51,5.0,52.99,66.33,68.72854999999998,Average
5.04,1.8,44.2,38.27,41.99395000000014,Struggle
5.03,3.68,37.51,77.56,71.55759999999994,Average
4.04,2.92,96.74,56.08,60.852949999999986,Average
4.81,5.0,79.07,78.31,79.70364999999994,Excel
1.0,2.76,6.02,82.46,81.34929999999977,Excel
4.25,4.39,85.24,67.85,71.54205000000019,Average
3.92,5.0,66.83,77.48,79.11815500000012,Excel
3.65,4.76,56.61,83.55,81.1716499999998,Excel
3.56,4.4,61.86,78.72,75.67029999999983,Excel
2.34,2.31,82.14,62.37,64.64180000000017,Average
4.75,2.02,1.85,52.7,53.121650000000024,Struggle
5.37,2.92,63.63,55.14,59.451650000000065,Struggle
6.55,3.86,60.42,54.24,54.28444999999992,Struggle
3.03,3.08,20.39,72.14,72.44624999999988,Average
5.3,1.0,60.19,45.32,50.71255000000007,Struggle
4.14,4.64,8.62,75.02,74.96779999999998,Average
6.22,1.85,48.25,72.19,64.66515000000005,Average
4.03,1.8,66.83,53.95,52.44740000000001,Struggle
3.96,3.08,95.82,77.49,75.43154999999985,Excel
4.1,1.27,52.92,56.57,56.5694499999999,Struggle
5.91,2.73,58.37,66.92,61.407400000000074,Average
6.32,1.8,70.72,36.29,38.28084999999998,Struggle
1.38,2.51,68.62,84.12,81.35225000000023,Excel
1.8,1.0,70.9,75.31,74.38149999999987,Average
6.79,2.83,60.32,54.54,54.40120000000014,Struggle
4.04,2.09,57.48,69.45,66.49380000000006,Average
4.34,2.82,3.63,76.7,70.37905000000012,Average
4.35,2.28,96.4,61.64,64.8008499999999,Average
1.07,4.96,69.6,76.87,84.92785000000003,Excel
5.79,5.0,52.17,68.8,68.30979999999985,Average
5.86,1.0,27.75,48.62,46.07885000000003,Struggle
2.4,4.0,64.56,84.95,85.46570000000018,Excel
3.07,3.61,62.25,79.59,79.17840000000012,Excel
6.53,5.0,66.21,62.82,64.68884999999986,Average
1.57,1.93,86.19,78.37,81.15100000000025,Excel
6.2,1.0,90.94,55.79,46.17585000000004,Struggle
2.91,2.62,50.8,93.67,67.91419999999995,Average
4.61,3.24,27.52,60.65,59.82954999999983,Struggle
6.87,2.87,65.52,37.19,44.5029499999999,Struggle
5.16,4.2,56.22,57.73,68.00475000000004,Average
3.03,1.8,96.67,64.54,65.69875000000019,Average
4.85,5.0,81.91,80.31,80.22604999999993,Excel
2.64,2.57,51.35,67.18,68.8583000000001,Average
2.27,5.0,83.12,96.42,91.13120000000002,Excel
6.5,2.14,72.36,58.46,55.588649999999845,Struggle
5.42,3.05,98.63,51.81,66.46874999999999,Average
4.55,1.52,90.95,65.87,63.48215000000019,Average
3.49,3.1,23.56,80.83,72.90924999999999,Average
1.54,1.67,6.06,83.4,80.44429999999983,Excel
1.26,2.87,3.65,100.0,95.67400000000002,Excel
3.92,2.87,59.35,72.06,72.53779999999993,Average
5.33,1.0,84.94,45.23,47.40644999999985,Struggle
4.19,5.0,77.37,82.26,79.94745000000012,Excel
6.18,1.8,27.84,35.21,37.067450000000015,Struggle
1.48,1.0,66.83,72.76,68.53490000000012,Average
2.78,4.74,81.75,81.05,82.67494999999982,Excel
2.63,4.0,57.2,84.89,86.4329499999998,Excel
3.92,2.15,67.45,63.42,44.91024999999999,Struggle
1.49,2.87,40.42,75.11,77.34565000000012,Excel
6.43,2.21,56.94,39.54,42.60550000000002,Struggle
2.38,2.17,92.64,74.6,75.89735000000017,Excel
6.53,2.11,51.37,37.96,39.14415000000001,Struggle
3.54,1.0,55.14,48.68,51.71865000000007,Struggle
6.87,5.0,55.81,51.43,54.55475000000013,Struggle
3.93,4.0,76.41,81.57,80.83164999999987,Excel
3.92,1.23,81.01,47.95,54.83535,Struggle
1.0,1.8,5.03,65.5,60.78229999999989,Average
5.23,2.35,64.43,74.85,70.08975000000018,Average
6.18,1.97,90.47,64.78,59.96295000000006,Struggle
1.59,4.0,53.41,92.94,91.29355,Excel
1.29,2.46,37.04,65.27,71.5016500000002,Average
3.79,1.0,51.96,45.36,53.68560000000005,Struggle
6.92,4.77,16.65,48.63,60.41974999999999,Struggle
4.08,2.46,39.16,73.54,71.45875000000018,Average
3.97,3.72,59.74,62.76,64.86635000000012,Average
2.19,5.0,63.42,75.05,78.18914999999981,Excel
1.12,1.0,4.65,74.09,72.77230000000009,Average
5.65,2.87,0.0,52.03,57.41365000000009,Struggle
1.74,1.63,89.01,93.38,88.88409999999983,Excel
4.64,1.73,83.75,67.59,68.93210000000013,Average
6.58,2.72,66.32,55.47,57.11934999999991,Struggle
2.74,2.6,41.7,73.09,72.50029999999998,Average
4.79,1.33,72.22,53.0,52.55695000000002,Struggle
1.9,3.01,56.42,71.64,67.92124999999999,Average
4.44,1.64,95.36,67.5,67.4401,Average
2.02,1.0,78.48,63.34,64.59380000000003,Average
5.38,3.47,94.01,72.06,61.11909999999999,Average
3.09,4.18,91.19,94.33,83.94490000000005,Excel
3.34,2.22,53.99,54.36,60.80335000000001,Average
4.73,1.98,60.36,46.03,50.26935000000003,Struggle
2.29,5.0,57.26,91.08,89.53505000000007,Excel
5.42,1.85,64.33,58.75,54.48624999999997,Struggle
2.43,2.31,93.12,61.49,68.4022499999999,Average
4.71,4.08,76.4,59.81,68.9325,Average
2.13,5.0,55.21,80.36,85.45419999999996,Excel
5.53,1.0,56.78,43.5,43.976299999999995,Struggle
1.69,4.9,90.68,85.48,88.0923999999998,Excel
3.61,3.46,96.46,73.29,81.99754999999993,Excel
2.21,1.0,59.97,51.81,54.52435,Struggle
5.4,3.92,50.56,42.76,50.58585000000011,Struggle
2.41,3.7,66.55,80.76,80.90215000000018,Excel
6.45,4.25,51.52,51.93,55.14600000000009,Struggle
6.83,1.0,91.4,44.88,44.46070000000005,Struggle
2.49,1.8,74.58,62.58,63.92625000000001,Average
4.37,4.36,82.09,68.23,69.14084999999983,Average
1.61,5.0,70.57,87.83,89.54895000000012,Excel
2.92,4.0,46.32,65.92,72.60185000000001,Average
5.03,2.38,37.91,57.36,57.98320000000003,Struggle
4.63,1.48,88.53,55.22,57.93124999999995,Struggle
4.59,2.05,84.78,58.37,60.65980000000013,Average
3.92,1.0,68.04,57.39,55.27689999999996,Struggle
3.27,5.0,31.82,74.83,76.40624999999991,Excel
2.05,3.4,50.06,71.22,74.17729999999982,Average
5.02,4.0,53.18,66.92,69.51804999999999,Average
3.88,3.63,81.16,72.6,77.44885000000001,Excel
5.08,4.0,75.73,72.21,74.0682499999998,Average
2.23,1.14,71.74,64.55,70.21420000000006,Average
3.44,1.54,91.38,63.21,65.32609999999988,Average
2.9,5.0,75.19,90.03,88.10020000000014,Excel
1.59,4.67,9.98,92.88,91.87354999999988,Excel
2.94,5.0,58.06,79.18,83.17875,Excel
5.52,1.85,66.83,42.9,45.47424999999989,Struggle
6.0,1.0,78.81,53.55,51.766849999999955,Struggle
4.47,3.77,54.62,73.47,70.81324999999981,Average
3.26,1.0,82.44,50.02,53.50515000000018,Struggle
1.64,4.07,4.94,85.22,84.46919999999989,Excel
6.2,2.52,90.57,57.8,59.12594999999991,Struggle
1.0,1.0,1.78,65.42,64.9964,Average
6.79,3.54,80.02,42.7,48.27090000000002,Struggle
3.57,2.87,63.14,58.12,62.677300000000166,Average
2.62,1.0,52.83,48.7,51.93285000000001,Struggle
6.88,3.33,78.01,58.51,58.21705000000014,Struggle
1.07,3.57,5.13,74.1,77.9216500000002,Excel
4.51,1.0,3.52,56.91,54.774199999999944,Struggle
3.97,4.39,79.68,85.68,81.06635000000014,Excel
1.88,3.67,94.95,81.64,83.34244999999996,Excel
3.44,1.57,59.9,62.6,57.1816499999999,Struggle
4.92,5.0,54.91,69.58,73.10220000000008,Average
5.63,2.64,84.53,83.7,74.78335000000021,Average
1.0,2.7,8.14,71.95,75.17800000000014,Excel
6.9,3.59,92.52,54.09,55.367600000000095,Struggle
1.61,3.24,44.01,81.58,80.08164999999995,Excel
1.96,3.87,91.66,73.22,76.6123499999998,Excel
2.24,4.89,85.03,87.1,86.72890000000005,Excel
1.5,5.0,7.77,90.38,92.7195999999999,Excel
2.0,3.77,57.07,98.31,79.95805000000013,Excel
6.56,3.66,58.97,43.45,49.78790000000003,Struggle
2.42,1.8,61.83,56.67,56.29350000000008,Struggle
1.88,5.0,69.73,94.96,94.11774999999972,Excel
2.0,3.63,65.73,69.88,73.31039999999982,Average
5.57,1.0,8.92,48.72,47.845649999999985,Struggle
5.83,2.83,58.46,59.32,60.12790000000005,Struggle
2.62,1.0,64.69,59.14,62.47844999999991,Average
1.39,2.87,0.0,70.03,72.76185000000014,Average
2.1,5.0,73.65,93.37,91.43290000000016,Excel
1.37,1.0,88.43,73.59,71.11770000000003,Average
1.43,1.0,72.22,72.01,71.32810000000012,Average
3.32,2.88,91.02,64.23,67.32799999999973,Average
3.92,5.0,70.82,80.83,78.06379999999993,Excel
4.51,2.29,86.52,52.42,60.88695000000005,Average
3.92,1.89,64.39,72.59,69.74020000000004,Average
3.92,3.31,29.15,47.87,56.85960000000012,Struggle
6.67,5.0,56.52,68.1,65.47710000000016,Average
4.16,1.72,82.44,56.18,60.1213500000001,Struggle
2.8,4.07,90.08,84.19,84.00745000000006,Excel
3.17,2.74,80.81,61.81,59.60374999999996,Struggle
3.5,2.71,57.84,72.33,69.99074999999998,Average
4.97,2.52,92.66,64.36,66.29025000000006,Average
3.78,2.26,81.36,51.46,57.390249999999895,Struggle
5.66,4.66,57.44,66.82,64.60884999999993,Average
7.0,3.47,88.71,48.15,56.702699999999965,Struggle
3.44,1.8,64.89,58.05,57.9509499999999,Struggle
4.59,3.23,53.73,48.88,57.47449999999996,Struggle
1.54,1.61,58.83,81.3,67.30709999999989,Average
1.95,1.0,54.64,62.64,61.708399999999926,Average
3.72,2.53,62.17,49.24,55.75519999999992,Struggle
2.67,1.0,0.0,55.23,55.94999999999984,Struggle
5.92,1.89,55.52,59.47,53.74074999999994,Struggle
1.92,2.51,66.83,84.57,84.46414999999985,Excel
3.55,1.0,85.93,58.39,58.27684999999996,Struggle
4.49,2.81,51.21,37.5,43.52519999999998,Struggle
5.06,3.52,67.07,60.56,63.57335,Average
3.75,5.0,0.0,83.54,83.28890000000021,Excel
5.97,4.66,56.45,59.8,61.323749999999876,Average
4.4,4.0,90.05,79.7,80.6601000000002,Excel
4.09,1.0,69.67,60.77,52.828950000000056,Struggle
1.38,4.0,67.71,100.0,97.10255,Excel
4.15,2.87,85.29,66.68,67.81565000000008,Average
5.48,2.96,66.83,67.83,68.76010000000001,Average
5.14,2.81,84.54,52.76,55.40760000000009,Struggle
5.68,1.89,7.53,49.72,44.653,Struggle
4.44,1.42,30.08,54.51,54.875300000000145,Struggle
1.39,1.0,85.49,77.52,74.46365000000013,Average
1.02,5.0,7.08,99.96,96.56839999999977,Excel
2.63,3.79,82.06,88.8,81.90150000000003,Excel
5.12,3.97,73.87,78.72,75.95554999999985,Excel
5.49,4.25,83.75,66.7,69.77830000000014,Average
3.24,1.0,88.69,79.03,59.72104999999994,Struggle
3.78,1.16,98.32,58.15,66.10630000000003,Average
3.68,4.79,1.03,98.89,79.74279999999997,Excel
3.1,4.81,54.83,73.03,75.18130000000015,Excel
2.71,2.8,84.74,88.81,85.7642499999999,Excel
1.86,2.43,66.83,80.24,78.63469999999984,Excel
2.66,2.19,56.03,71.13,71.20794999999981,Average
1.25,5.0,32.88,92.2,91.09475000000009,Excel
1.89,1.0,91.01,63.89,67.28874999999988,Average
1.0,1.17,2.54,79.87,75.27660000000022,Excel
5.0,2.41,80.72,52.04,59.45185000000018,Struggle
3.06,3.97,0.0,79.19,78.15055000000004,Excel
7.0,2.85,51.3,31.21,38.19585000000003,Struggle
1.73,1.0,66.36,60.7,62.80950000000008,Average
3.15,1.0,71.03,66.93,65.67260000000005,Average
3.58,3.86,74.29,72.59,73.47235000000006,Average
1.0,3.43,8.62,84.52,84.71575000000026,Excel
5.63,1.0,55.44,36.99,40.1357999999999,Struggle
1.41,4.63,8.93,99.12,94.5677500000001,Excel
6.46,5.0,68.4,71.97,68.58689999999987,Average
6.51,1.0,99.5,55.45,53.38355000000005,Struggle
4.26,5.0,93.09,79.9,81.32039999999978,Excel
4.75,2.31,34.06,64.25,63.20969999999999,Average
5.31,1.75,99.98,55.11,61.249225000000024,Average
3.5,1.05,75.7,60.89,62.19279999999997,Average
4.64,2.76,66.83,57.52,59.2270500000002,Struggle
1.03,1.68,1.94,82.01,76.38999999999987,Excel
1.7,1.96,61.31,67.54,74.20279999999994,Average
3.83,3.23,81.82,80.96,72.79834999999984,Average
4.59,2.73,96.87,71.48,74.06885000000013,Average
3.92,3.42,89.31,63.72,70.40059999999993,Average
1.23,1.0,63.66,59.46,60.4810999999998,Struggle
5.77,2.13,64.84,52.18,51.4258500000001,Struggle
1.92,3.07,8.37,60.63,73.32479999999995,Average
3.64,1.11,64.29,63.71,60.697400000000016,Average
3.1,2.12,54.63,75.29,60.97770000000004,Average
2.99,3.88,74.97,84.17,79.0186500000001,Excel
2.02,2.22,85.42,72.67,74.5355,Average
4.39,2.78,87.56,75.08,74.34994999999992,Average
6.01,3.77,52.98,74.03,68.33610000000012,Average
3.66,2.5,67.0,73.07,71.04399999999988,Average
3.75,1.0,64.41,46.12,58.89135,Struggle
6.48,2.72,55.22,53.94,55.100249999999996,Struggle
5.16,1.22,68.12,44.56,49.77015000000003,Struggle
4.3,4.29,32.42,80.09,75.98475000000002,Excel
2.83,4.67,58.16,73.15,75.41099999999979,Excel
6.63,2.34,94.17,54.34,58.885400000000025,Struggle
4.95,2.03,72.74,51.11,53.60685,Struggle
2.58,1.52,87.33,75.47,73.41994999999987,Average
2.14,5.0,57.3,84.64,84.75359999999984,Excel
5.53,1.0,66.83,42.63,43.96250000000002,Struggle
1.0,2.7,1.3,71.33,74.36904999999997,Average
6.64,2.87,59.61,64.36,61.63275000000005,Average
1.34,3.38,24.89,72.72,73.45694999999986,Average
5.78,2.51,65.48,48.33,57.07445000000008,Struggle
2.9,2.31,77.62,79.45,74.76385000000016,Average
3.92,1.85,99.4,70.65,68.93380999999982,Average
6.68,2.87,89.67,46.29,50.484450000000116,Struggle
3.73,1.0,30.24,44.46,54.441199999999924,Struggle
4.66,2.44,78.79,72.78,69.8127500000002,Average
1.03,3.68,9.76,99.49,93.64175000000002,Excel
1.04,1.0,8.68,73.26,73.75685000000016,Average
2.29,1.0,65.65,67.52,63.62585000000017,Average
5.07,3.28,44.42,56.92,58.90120000000004,Struggle
1.79,3.23,83.46,96.07,93.78634999999991,Excel
1.22,2.87,66.83,68.84,75.5069000000001,Excel
3.92,5.0,56.66,80.36,79.43950000000024,Excel
5.09,1.0,33.24,36.89,40.638049999999986,Struggle
5.54,5.0,84.43,80.94,76.79834999999986,Excel
2.14,2.24,60.61,87.72,82.86899999999986,Excel
1.25,5.0,70.46,81.56,85.12779999999995,Excel
6.55,2.27,98.99,60.56,61.773300000000006,Average
2.16,3.13,60.8,85.63,81.93864999999978,Excel
6.57,2.87,70.83,41.5,44.71755,Struggle
6.55,1.8,68.93,31.84,35.229200000000084,Struggle
5.21,2.38,96.51,64.45,65.38750000000009,Average
1.68,2.41,64.27,92.14,86.15319999999983,Excel
6.01,2.02,73.54,64.36,48.5023,Struggle
5.35,2.07,59.36,59.57,50.781850000000006,Struggle
5.01,4.09,76.06,71.96,66.44124999999998,Average
3.28,2.32,92.87,62.67,67.26315000000005,Average
2.35,4.0,65.2,88.24,86.66095000000008,Excel
1.24,3.15,90.54,94.46,92.84654999999971,Excel
4.36,3.43,95.57,80.31,78.48729999999999,Excel
4.43,3.66,18.36,55.34,58.167500000000075,Struggle
3.3,4.66,87.82,90.74,81.79605000000012,Excel
3.64,4.0,62.77,82.25,80.92515,Excel
2.82,5.0,58.77,67.54,74.07740000000028,Average
5.03,2.29,66.83,60.46,59.45714999999985,Struggle
6.36,4.27,85.28,66.88,66.97354999999999,Average
1.72,2.3,69.74,76.23,77.00054999999976,Excel
2.93,3.38,66.83,58.27,62.72590000000016,Average
3.92,3.03,95.44,77.56,75.53259999999989,Excel
4.98,4.23,66.83,60.98,64.31534999999981,Average
5.15,4.9,66.83,63.7,64.67445000000016,Average
6.83,1.71,74.84,50.27,51.54890000000017,Struggle
2.35,1.85,17.92,58.38,59.128049999999995,Struggle
6.54,2.04,66.96,59.25,57.5502,Struggle
1.62,2.13,51.07,77.65,76.48924999999979,Excel
4.78,1.0,75.86,44.1,48.143100000000096,Struggle
1.11,2.27,60.41,66.58,68.62064999999998,Average
5.98,4.0,88.84,74.94,74.9097000000001,Average
3.72,3.82,64.94,74.65,72.47419999999984,Average
5.36,1.0,39.8,51.95,49.82535000000001,Struggle
5.57,2.75,63.58,67.53,64.3711500000001,Average
1.51,1.8,49.91,59.83,63.72570000000009,Average
3.92,4.0,8.93,98.36,91.15750000000011,Excel
6.22,1.0,81.65,49.23,47.13214999999984,Struggle
3.18,1.0,71.28,48.38,60.729549999999975,Average
1.52,2.54,1.55,72.67,76.59700000000001,Excel
3.85,1.0,23.53,59.95,58.786950000000104,Struggle
4.18,4.76,73.56,63.97,69.64679999999987,Average
1.15,3.99,0.0,89.86,91.47275000000015,Excel
2.33,2.87,45.02,89.15,71.02615,Average
1.0,4.2,5.42,80.54,79.52875000000019,Excel
3.39,3.52,8.17,69.5,78.81915000000012,Excel
6.63,2.39,69.93,52.94,52.464149999999954,Struggle
3.92,1.0,76.44,32.33,39.87564999999994,Struggle
4.73,2.87,89.37,71.77,70.11330000000018,Average
1.59,1.8,87.65,66.86,69.46910000000013,Average
6.22,3.74,96.09,73.86,73.21010000000012,Average
4.11,2.87,60.7,66.63,66.1123499999998,Average
2.29,1.59,91.37,74.31,73.68744999999991,Average
7.0,4.76,95.28,64.56,65.12464999999996,Average
3.92,1.8,38.2,46.85,49.51480000000009,Struggle
5.24,3.55,65.69,54.85,57.753250000000165,Struggle
3.92,5.0,97.6,79.65,83.75084999999984,Excel
2.04,1.85,81.38,75.98,74.84234999999975,Average
2.4,1.0,69.03,61.46,64.79139999999983,Average
4.87,1.9,89.59,74.29,69.48375000000026,Average
2.09,1.0,65.22,56.94,60.07785000000007,Struggle
3.21,5.0,58.82,70.06,74.92939999999993,Average
5.61,4.52,77.2,63.15,65.00354999999983,Average
5.82,1.81,78.31,53.34,51.428350000000044,Struggle
4.01,3.41,91.29,83.94,76.93225000000008,Excel
6.06,2.83,72.85,65.86,58.753,Struggle
6.52,2.87,59.79,41.0,49.01060000000001,Struggle
4.52,3.78,65.57,50.88,56.69319999999989,Struggle
2.36,4.28,78.77,87.76,84.5264500000001,Excel
2.66,1.87,60.42,46.94,52.60685,Struggle
3.19,2.18,69.27,76.14,73.76199999999989,Average
1.47,4.71,60.73,96.06,92.08339999999997,Excel
2.21,4.29,60.8,70.98,75.45299999999983,Excel
2.07,4.84,90.51,92.93,89.82155000000013,Excel
4.21,3.7,64.14,75.69,72.79290000000012,Average
6.85,2.77,51.72,58.1,55.14175000000013,Struggle
1.53,3.29,55.5,86.14,82.32199999999987,Excel
5.7,3.38,87.29,68.09,63.40594999999991,Average
4.65,4.21,63.1,56.07,67.78275000000001,Average
1.38,1.89,82.71,79.58,81.31479999999996,Excel
6.77,3.67,84.96,63.68,61.98220000000011,Average
4.13,3.51,67.26,77.31,75.56279999999988,Excel
2.88,3.69,73.75,64.76,69.56150000000012,Average
5.9,3.17,66.83,51.81,55.02404999999999,Struggle
2.66,4.0,76.95,96.71,93.75519999999965,Excel
5.65,3.11,66.0,65.42,64.26645000000009,Average
1.0,1.8,6.46,67.57,61.28754999999994,Average
5.9,5.0,68.28,61.12,63.995550000000165,Average
3.5,4.76,83.48,89.94,87.68995000000004,Excel
5.2,4.0,84.87,80.39,79.38339999999985,Excel
2.09,2.98,96.2,87.59,94.22534999999995,Excel
4.91,1.8,94.09,58.14,57.064399999999914,Struggle
5.27,5.0,1.9,74.0,72.95195,Average
4.12,3.9,72.76,67.6,70.35045000000015,Average
4.45,5.0,50.82,80.0,78.97319999999995,Excel
3.31,3.92,95.83,63.54,71.78075000000028,Average
6.3,1.8,40.9,37.13,37.96670000000004,Struggle
3.88,4.5,72.22,63.41,73.6291,Average
3.92,2.88,94.97,53.68,58.73625000000015,Struggle
5.44,4.66,67.92,63.79,64.68800000000014,Average
3.86,5.0,1.14,84.96,83.26359999999998,Excel
1.95,3.56,95.23,89.35,82.71310000000003,Excel
3.04,4.0,90.11,89.93,88.27120000000012,Excel
5.71,2.61,62.17,53.19,51.67405000000001,Struggle
2.82,3.89,66.83,81.44,80.88995000000003,Excel
3.74,3.37,67.65,75.39,65.44069999999998,Average
6.16,5.0,95.64,76.04,75.90915000000027,Excel
3.51,2.03,77.2,81.71,76.40099999999975,Excel
4.73,4.3,88.7,75.08,74.58824999999996,Average
2.26,2.8,74.22,79.15,75.52664999999988,Excel
1.84,1.0,50.51,59.19,58.5199,Struggle
5.97,5.0,84.87,74.77,74.44620000000026,Average
1.87,4.6,37.52,99.46,95.19599999999973,Excel
2.96,3.66,44.68,78.87,73.7218000000001,Average
5.9,5.0,80.33,69.77,71.45220000000016,Average
3.27,3.75,74.04,76.75,75.33599999999997,Excel
6.47,3.45,97.22,69.67,67.04010000000005,Average
6.89,2.99,51.16,51.84,54.57145000000008,Struggle
2.72,3.53,85.61,88.5,87.36809999999997,Excel
1.0,1.0,5.45,77.06,75.86784999999995,Excel
4.81,2.84,85.69,47.32,52.71679999999988,Struggle
3.4,2.38,83.76,82.71,79.13779999999977,Excel
1.52,5.0,50.51,79.32,82.18329999999982,Excel
5.64,2.87,64.27,75.89,70.76454999999991,Average
1.22,1.35,0.51,66.05,69.7993499999999,Average
6.47,1.8,58.35,37.0,36.86954999999996,Struggle
1.5,3.74,53.17,99.02,92.4255000000002,Excel
1.37,1.0,61.98,59.8,59.2091999999999,Struggle
1.79,4.0,73.74,90.93,89.59960000000018,Excel
6.57,4.09,62.35,61.97,58.47649999999989,Struggle
5.21,1.83,79.01,66.62,61.52240000000016,Average
6.19,1.0,86.03,49.26,46.715450000000125,Struggle
3.32,5.0,66.55,72.52,76.13945000000021,Excel
3.04,4.0,80.15,85.04,85.14070000000025,Excel
3.92,1.7,91.24,72.53,69.01380000000006,Average
3.41,1.0,54.71,62.83,60.25189999999994,Struggle
3.89,1.77,85.53,64.33,63.900624999999984,Average
4.99,2.13,43.86,43.68,47.510850000000076,Struggle
2.53,3.57,56.13,89.34,82.78220000000002,Excel
6.38,5.0,66.83,69.21,68.47914999999975,Average
2.11,5.0,61.31,88.98,86.77084999999981,Excel
6.83,4.14,91.07,62.29,62.62960000000019,Average
1.0,3.8,0.0,81.07,85.27429999999985,Excel
4.03,3.41,16.99,46.08,51.77224999999999,Struggle
3.27,3.47,76.05,83.03,77.69565000000021,Excel
3.48,2.6,79.45,74.28,73.93755000000012,Average
3.92,5.0,86.49,86.63,84.82564999999994,Excel
3.31,4.0,38.42,79.13,80.39024999999975,Excel
3.75,5.0,0.77,89.9,86.28995,Excel
5.81,2.48,97.66,82.28,64.20864999999986,Average
5.06,5.0,45.87,72.27,75.58365000000022,Excel
5.74,1.05,62.75,42.38,51.79000000000006,Struggle
2.4,5.0,76.24,89.4,89.6876499999999,Excel
4.41,3.23,53.47,59.32,58.54280000000001,Struggle
4.01,1.0,66.31,59.14,58.141500000000036,Struggle
3.37,2.03,54.37,43.03,62.66190000000005,Average
3.46,3.51,64.93,82.18,80.20380000000013,Excel
2.59,3.91,61.45,64.28,80.03599999999993,Excel
2.07,1.87,81.8,78.29,76.94759999999984,Excel
2.45,1.73,64.22,83.91,79.75469999999987,Excel
1.2,5.0,82.66,99.47,98.80450000000002,Excel
5.26,2.3,32.13,75.24,60.862700000000004,Average
5.39,1.0,89.26,62.82,60.608149999999895,Average
6.27,2.35,55.54,48.05,48.70539999999998,Struggle
5.3,2.76,94.76,57.2,64.63805000000009,Average
1.54,2.29,92.02,83.41,84.09879999999993,Excel
6.48,1.0,46.16,47.05,45.842200000000005,Struggle
5.91,3.88,53.37,69.42,65.84280000000008,Average
3.32,3.1,60.43,71.45,70.63150000000014,Average
4.8,1.0,92.97,55.81,56.18835000000004,Struggle
7.0,3.21,56.1,42.62,52.7011,Struggle
4.46,4.79,57.8,62.74,64.61564999999992,Average
6.89,1.13,66.83,53.77,51.93790000000017,Struggle
1.6,2.74,25.86,58.55,66.41894999999988,Average
2.58,5.0,61.1,95.35,93.42480000000006,Excel
3.83,2.9,52.6,64.31,64.40164999999996,Average
4.92,1.0,68.63,46.11,46.56079999999998,Struggle
5.56,1.11,57.03,37.14,41.064800000000076,Struggle
7.0,4.12,38.18,55.05,54.154949999999964,Struggle
3.03,1.0,31.71,51.35,55.09760000000014,Struggle
1.0,1.97,5.05,63.56,78.32310000000008,Excel
5.83,2.32,55.14,42.76,45.36550000000009,Struggle
4.45,2.49,81.03,72.79,72.45585000000023,Average
1.73,2.25,71.82,63.21,67.35499999999976,Average
4.45,2.05,46.8,56.43,65.17959999999994,Average
5.62,1.0,0.25,48.85,48.92475000000014,Struggle
6.02,3.24,51.52,37.11,48.89695000000003,Struggle
4.5,2.82,92.38,70.83,72.34055000000001,Average
2.72,1.8,1.16,53.65,56.947099999999836,Struggle
6.59,1.0,84.05,35.56,37.21080000000009,Struggle
4.66,1.08,97.38,68.51,65.61805000000012,Average
3.47,1.8,57.18,65.2,59.970100000000045,Struggle
2.79,1.0,69.86,54.71,58.09554999999985,Struggle
5.36,1.7,63.41,56.93,52.723800000000104,Struggle
2.34,4.46,9.43,99.62,93.13495000000012,Excel
1.7,2.9,63.28,87.46,82.64049999999973,Excel
4.12,5.0,55.21,84.86,75.44124999999983,Excel
2.33,4.29,71.31,88.54,83.15425000000019,Excel
5.14,2.89,92.25,82.81,79.1779999999999,Excel
1.26,3.85,85.68,88.34,83.6465,Excel
4.81,2.87,37.19,66.42,62.352400000000024,Average
2.3,1.46,79.98,69.56,71.74374999999998,Average
1.27,1.0,6.48,67.81,68.94959999999996,Average
1.57,1.75,0.95,75.26,72.76410000000014,Average
6.21,5.0,90.38,75.49,76.34705000000012,Excel
6.23,1.87,56.14,52.52,51.234700000000174,Struggle
2.82,3.69,0.0,87.84,81.75915000000003,Excel
6.08,1.0,66.83,57.09,52.77800000000006,Struggle
4.4,2.53,67.1,57.13,60.99259999999995,Average
7.0,3.44,73.87,53.74,55.495099999999894,Struggle
2.77,1.02,99.85,80.19,77.19170000000007,Excel
4.72,4.07,70.42,58.34,68.95105000000005,Average
1.38,3.0,9.21,80.87,81.63205000000022,Excel
3.11,5.0,80.68,86.81,83.85840000000009,Excel
7.0,3.53,61.81,68.65,57.29770000000004,Struggle
4.66,1.0,55.28,47.92,49.250800000000034,Struggle
2.23,4.0,0.0,85.17,87.03542499999996,Excel
3.92,1.0,51.14,67.02,62.145600000000066,Average
5.16,1.24,71.56,49.29,50.25025000000007,Struggle
4.93,3.71,71.34,73.9,68.67855000000009,Average
3.66,1.22,6.28,54.91,58.248799999999974,Struggle
7.0,1.0,89.2,42.59,43.03495000000009,Struggle
1.27,1.0,5.03,76.1,74.95065000000014,Average
2.58,5.0,95.77,93.11,94.60334999999995,Excel
6.81,3.91,42.95,52.27,53.883400000000165,Struggle
2.63,1.52,51.38,71.31,67.23580000000008,Average
2.98,5.0,74.31,90.04,88.29910000000035,Excel
3.72,4.73,66.83,75.15,75.79264999999984,Excel
6.01,5.0,72.5,68.03,68.15965000000024,Average
1.21,3.53,35.15,69.49,75.97644999999994,Excel
6.57,1.0,0.33,45.3,43.41645000000006,Struggle
5.9,1.0,66.83,46.3,45.98500000000002,Struggle
2.28,2.53,21.28,72.93,73.77465000000011,Average
3.92,4.66,55.21,63.71,67.3343499999998,Average
3.4,1.8,86.27,52.41,57.90179999999995,Struggle
3.16,2.06,61.85,58.04,60.01189999999997,Struggle
6.09,3.12,5.96,68.27,50.95635000000007,Struggle
7.0,1.68,74.97,64.66,59.130899999999926,Struggle
1.42,1.93,90.14,88.7,85.67840000000022,Excel
3.85,4.05,41.33,81.86,75.81970000000008,Excel
4.36,3.93,63.82,76.78,75.03230000000025,Average
3.4,3.53,9.03,84.36,80.24860000000011,Excel
2.96,2.56,57.39,66.71,70.0578499999998,Average
1.42,4.73,3.23,99.23,97.0352999999998,Excel
3.92,4.08,70.3,71.89,71.69609999999986,Average
3.8,1.0,92.07,60.81,58.984649999999974,Struggle
2.21,2.97,53.09,57.72,62.13914999999993,Average
6.33,4.57,66.0,59.05,63.10774999999989,Average
5.94,5.0,57.12,66.4,66.72944999999987,Average
3.63,2.51,97.46,62.89,67.88699999999989,Average
3.92,2.93,3.14,60.2,64.21160000000008,Average
4.63,3.53,61.75,75.38,63.67389999999998,Average
2.5,4.46,83.48,93.88,90.29789999999984,Excel
2.31,1.0,67.54,75.66,70.22959999999988,Average
4.89,3.31,61.68,52.97,57.45305000000007,Struggle
1.71,2.64,4.92,87.87,81.50105000000006,Excel
1.6,3.12,50.56,60.83,67.14120000000001,Average
1.31,2.51,1.72,98.12,80.86675000000007,Excel
1.68,1.23,94.97,63.46,72.305,Average
1.66,1.0,95.15,70.29,71.12060000000018,Average
7.0,3.43,56.39,34.23,41.65724999999987,Struggle
2.65,1.0,28.87,61.93,60.9950000000001,Average
2.37,3.05,70.4,59.22,65.81229999999991,Average
2.44,1.0,89.03,58.65,64.99194999999986,Average
6.78,2.02,80.59,68.51,55.16494999999997,Struggle
3.64,2.87,75.69,57.75,61.470549999999996,Average
2.99,5.0,53.68,86.37,84.82205000000023,Excel
6.63,1.0,54.81,49.15,44.14804999999988,Struggle
3.63,5.0,73.88,73.52,85.4543,Excel
3.05,1.0,99.6,71.19,70.08790000000002,Average
2.64,1.0,54.42,64.32,61.69819999999991,Average
3.26,2.3,38.3,70.91,68.3045999999999,Average
2.97,2.24,0.0,71.68,73.86420000000012,Average
4.94,4.87,77.0,71.87,70.55980000000024,Average
2.86,5.0,78.69,84.09,85.26330000000007,Excel
3.92,2.68,42.02,75.69,70.94645000000008,Average
1.29,2.6,92.61,85.39,85.18499999999982,Excel
2.62,4.0,69.49,95.38,92.34039999999985,Excel
3.05,3.29,38.19,72.3,70.27629999999998,Average
3.92,3.96,66.83,67.1,70.71345000000015,Average
2.8,2.28,0.0,87.84,81.91130000000005,Excel
4.8,1.0,62.97,44.98,52.624700000000054,Struggle
2.43,1.28,90.83,67.51,72.8014,Average
1.35,3.09,63.28,82.98,81.43679999999979,Excel
1.4,1.89,50.54,82.11,65.65995000000004,Average
2.91,1.2,57.74,71.43,66.43435000000014,Average
2.2,3.94,99.28,95.03,92.95690000000002,Excel
2.52,1.13,65.99,69.42,68.06950000000002,Average
5.68,1.8,55.44,41.85,41.459650000000096,Struggle
1.0,1.0,2.79,60.11,62.757450000000034,Average
3.94,1.29,65.52,67.3,66.10909999999987,Average
3.56,2.75,51.88,70.3,69.89739999999992,Average
4.19,2.87,75.57,56.23,59.7786999999998,Struggle
4.04,2.87,60.69,68.88,66.73594999999979,Average
2.63,1.8,51.69,53.39,56.26099999999997,Struggle
3.02,1.2,35.28,55.75,63.29455000000004,Average
5.47,4.61,71.49,68.63,67.84524999999985,Average
6.32,2.87,79.9,51.06,54.45585000000003,Struggle
1.87,1.69,53.1,77.97,73.2895999999998,Average
1.72,5.0,69.94,92.79,92.45010000000028,Excel
6.66,5.0,20.91,68.76,66.32835000000014,Average
3.49,1.49,62.02,58.23,58.520499999999785,Struggle
4.55,3.75,57.53,63.62,67.23000000000013,Average
3.24,2.94,57.9,86.87,78.77580000000019,Excel
1.92,2.1,66.83,90.82,84.61874999999988,Excel
4.53,5.0,57.94,74.69,75.16410000000008,Excel
3.88,2.71,64.29,49.84,56.326600000000035,Struggle
2.6,1.0,29.05,55.03,56.008100000000105,Struggle
3.74,3.16,40.49,73.89,70.39204999999991,Average
5.87,4.76,73.05,65.86,66.70390000000013,Average
5.03,3.08,66.51,59.9,60.94574999999987,Average
2.07,2.22,89.3,64.13,70.50629999999984,Average
4.38,4.67,54.7,64.13,68.73169999999998,Average
4.75,3.0,98.74,55.97,61.71099999999991,Average
5.66,1.8,27.41,36.82,37.86864999999993,Struggle
5.21,1.0,88.65,54.44,56.655799999999964,Struggle
1.71,2.06,68.41,68.58,76.55004999999991,Excel
5.76,3.17,93.26,68.88,64.92544999999983,Average
4.64,1.0,66.83,46.0,51.78295000000003,Struggle
1.22,1.88,1.59,58.01,71.87630000000001,Average
3.49,1.0,66.77,48.42,64.4967,Average
2.76,2.96,99.66,73.95,76.45335000000009,Excel
5.47,4.44,99.28,78.88,76.10414999999979,Excel
2.42,1.0,59.49,58.02,57.317700000000144,Struggle
4.28,2.24,43.86,73.79,63.9041,Average
6.36,2.28,76.78,44.28,50.33130000000003,Struggle
6.01,1.0,57.72,41.84,43.32405000000007,Struggle
6.33,1.0,58.39,35.92,38.968750000000014,Struggle
7.0,1.0,99.46,47.35,47.374700000000104,Struggle
1.0,4.49,1.96,89.5,90.17219999999996,Excel
4.5,4.45,2.38,54.63,58.92034999999987,Struggle
3.12,4.12,38.69,79.67,75.46115000000006,Excel
5.76,3.0,32.44,42.15,47.7239999999999,Struggle
2.31,1.0,40.07,64.41,63.052249999999894,Average
7.0,1.0,66.78,40.7,37.65189999999989,Struggle
4.27,2.06,72.75,78.55,73.47244999999984,Average
5.47,1.22,58.32,50.71,51.85404999999986,Struggle
1.28,1.0,7.24,70.96,65.76514999999995,Average
2.22,3.01,53.52,66.61,65.27375000000006,Average
5.8,2.92,94.49,52.63,56.21644999999998,Struggle
1.38,5.0,9.73,90.33,90.11535000000005,Excel
5.41,2.99,87.85,65.45,61.78594999999998,Average
1.23,3.15,1.53,89.4,87.08939999999986,Excel
5.07,4.43,6.45,70.46,66.09344999999999,Average
3.21,2.06,64.56,73.15,65.69329999999991,Average
4.55,1.0,0.0,50.68,51.076450000000094,Struggle
5.48,2.87,92.23,71.61,68.45185000000012,Average
2.89,3.22,64.31,59.46,63.23479999999981,Average
1.38,4.26,62.11,76.72,81.80239999999979,Excel
1.23,2.52,59.92,83.94,79.1648500000001,Excel
4.47,4.93,59.76,75.81,72.84309999999992,Average
3.83,5.0,11.27,72.22,75.96404999999983,Excel
5.56,2.69,54.72,59.44,54.99180000000001,Struggle
4.44,2.4,81.01,57.63,75.46549999999998,Excel
3.92,2.18,75.67,66.62,64.82150000000016,Average
3.34,2.87,55.7,48.72,73.12470000000006,Average
1.46,3.68,2.69,88.13,90.02079999999992,Excel
3.26,3.81,44.06,86.08,74.94204999999988,Average
6.73,1.86,60.86,43.92,46.45189999999998,Struggle
6.34,2.95,39.42,33.42,41.61700000000005,Struggle
3.21,2.7,74.61,67.27,68.78265000000002,Average
3.92,5.0,54.58,76.38,82.26790000000003,Excel
5.95,4.01,97.88,67.48,75.99250000000006,Excel
3.26,1.0,0.0,52.15,53.14674999999992,Struggle
3.92,3.9,5.91,91.65,75.82239999999999,Excel
1.04,5.0,91.14,100.0,98.04075000000006,Excel
3.73,1.0,43.86,54.72,54.844899999999946,Struggle
6.8,4.0,79.84,67.25,67.42525,Average
5.53,2.6,63.86,56.9,56.299999999999834,Struggle
1.29,1.49,86.67,76.36,78.55425000000017,Excel
2.41,1.0,86.15,81.87,75.63180000000018,Excel
5.81,5.0,37.85,71.99,70.28339999999992,Average
6.19,3.44,62.05,61.91,58.23304999999994,Struggle
5.06,1.0,62.69,43.05,50.950450000000025,Struggle
4.38,2.87,69.14,80.11,75.6115500000001,Excel
1.6,1.0,6.1,65.8,67.90329999999986,Average
3.92,3.78,66.88,64.72,66.57444999999986,Average
6.17,2.87,59.52,70.47,64.81014999999985,Average
2.84,1.8,53.29,65.85,62.13640000000015,Average
5.63,1.0,40.65,42.29,43.39030000000002,Struggle
1.99,3.48,61.68,86.41,83.72789999999995,Excel
1.06,1.68,1.54,83.07,76.24819999999988,Excel
2.03,3.42,94.54,88.3,83.37695000000006,Excel
1.68,2.87,70.5,79.08,78.12470000000003,Excel
3.26,4.71,51.35,75.0,75.54819999999994,Excel
3.92,3.72,84.75,75.96,75.10639999999971,Average
3.6,1.15,56.22,63.15,59.248599999999904,Struggle
4.14,2.25,25.35,52.72,64.6032500000001,Average
3.02,5.0,79.75,86.52,86.9085000000002,Excel
1.44,1.0,7.94,85.31,79.22954999999988,Excel
4.96,1.0,68.94,46.59,48.90890000000003,Struggle
3.47,2.74,87.49,87.97,83.27939999999984,Excel
3.18,3.99,42.9,80.01,80.75720000000004,Excel
3.92,1.8,83.84,40.59,61.732750000000095,Average
5.97,5.0,75.86,80.68,75.20595000000017,Excel
5.75,2.87,62.42,55.97,56.626799999999896,Struggle
4.28,1.8,42.92,55.8,55.80559999999992,Struggle
1.93,2.75,58.56,70.54,69.83510000000022,Average
5.26,3.57,71.09,79.15,72.35679999999986,Average
2.47,5.0,36.51,89.0,87.93964999999997,Excel
3.99,3.56,53.22,54.17,59.971650000000025,Struggle
1.75,1.83,99.4,77.9,78.21604999999985,Excel
5.63,3.03,52.04,49.07,50.699449999999906,Struggle
1.46,3.19,97.32,92.77,92.6113500000002,Excel
5.94,1.0,33.7,34.77,38.93425000000009,Struggle
5.82,1.8,34.9,36.94,41.142649999999946,Struggle
3.55,4.52,56.7,74.42,72.65715000000002,Average
5.69,5.0,91.78,81.14,79.75874999999982,Excel
4.7,4.6,94.02,73.59,74.64575000000008,Average
6.08,1.46,66.83,58.0,56.359099999999984,Struggle
3.58,1.0,59.33,65.84,60.29820000000008,Struggle
5.77,2.35,56.36,50.9,51.34304999999986,Struggle
3.38,5.0,79.41,86.31,85.0098499999999,Excel
6.93,3.87,75.32,69.58,62.90765000000007,Average
4.18,1.8,84.74,62.89,60.19934999999993,Struggle
3.59,2.34,65.26,58.49,61.819249999999876,Average
5.54,3.98,70.12,59.18,62.20760000000009,Average
5.65,4.25,51.07,50.87,57.271350000000055,Struggle
4.64,2.67,55.79,70.74,59.47979999999995,Struggle
2.33,5.0,71.16,89.08,89.59294999999986,Excel
3.92,2.07,95.99,82.9,69.01650000000001,Average
6.55,2.82,82.09,53.7,53.76530000000007,Struggle
5.19,5.0,69.93,77.39,76.50814999999983,Excel
5.42,2.0,63.18,65.76,61.93205000000016,Average
1.0,2.11,7.85,97.88,94.09354999999994,Excel
3.5,3.83,50.81,79.49,77.22339999999981,Excel
4.48,1.07,66.35,47.19,50.131799999999956,Struggle
6.04,2.87,97.18,50.7,54.54755000000009,Struggle
1.16,3.56,2.37,99.84,97.86495000000009,Excel
6.05,4.89,48.8,68.46,66.3031499999998,Average
4.38,4.0,60.18,77.3,77.57384999999982,Excel
2.34,2.85,91.67,64.76,68.85850000000013,Average
3.05,3.31,60.21,69.39,70.60080000000004,Average
2.45,1.8,62.41,60.51,59.07265000000013,Struggle
4.5,3.82,59.59,60.06,64.06444999999992,Average
1.73,3.22,57.91,57.74,76.21539999999996,Excel
1.77,2.87,7.5,66.35,70.32575000000017,Average
5.4,2.87,6.03,36.08,64.81675000000001,Average
2.2,3.32,48.62,82.55,76.81684999999996,Excel
2.82,1.44,97.72,75.88,72.99599999999991,Average
3.27,1.0,61.53,51.44,53.06644999999997,Struggle
3.6,3.89,50.3,50.21,59.25194999999981,Struggle
5.9,1.8,79.94,47.24,46.965049999999984,Struggle
3.92,5.0,75.39,91.2,87.44840000000028,Excel
6.15,1.28,73.88,49.22,48.49604999999999,Struggle
4.43,3.94,53.09,53.72,60.52529999999992,Average
2.04,5.0,72.72,88.59,88.14485000000008,Excel
1.51,2.59,66.83,77.3,73.44629999999977,Average
3.92,2.84,0.65,73.98,75.72209999999986,Excel
3.85,2.54,61.12,69.18,67.96040000000012,Average
5.19,5.0,40.25,79.52,79.00875000000016,Excel
4.11,1.8,67.66,46.71,49.70444999999991,Struggle
3.69,5.0,65.44,88.55,86.03824999999986,Excel
1.64,5.0,98.94,98.82,98.64334999999984,Excel
1.96,2.36,96.64,81.45,81.16995000000013,Excel
4.27,4.45,78.73,75.19,74.56540000000008,Average
3.68,5.0,69.05,82.7,82.30485000000026,Excel
4.3,1.03,66.83,58.95,57.385400000000125,Struggle
2.4,1.8,67.8,67.21,63.88969999999991,Average
5.02,3.85,72.26,78.51,73.75560000000006,Average
6.01,1.14,97.95,65.03,62.042550000000055,Average
2.41,2.31,80.43,69.09,69.98505000000009,Average
4.3,3.85,60.65,70.96,70.09919999999977,Average
7.0,2.1,84.47,52.1,52.70005000000014,Struggle
3.41,1.0,26.44,53.22,54.59419999999991,Struggle
5.03,2.94,66.97,71.05,67.92904999999988,Average
1.34,4.73,61.38,80.14,83.60014999999983,Excel
4.67,3.26,6.18,42.16,51.007049999999914,Struggle
1.67,3.83,50.23,88.55,85.70649999999983,Excel
6.42,1.7,94.04,43.55,49.50589999999995,Struggle
4.84,2.63,64.8,55.04,58.0609000000001,Struggle
6.1,1.0,54.32,32.88,36.579000000000065,Struggle
5.26,2.41,66.83,54.7,57.06730000000009,Struggle
4.61,1.5,77.8,62.33,60.746449999999996,Average
3.75,2.21,99.65,74.56,75.61719999999994,Excel
6.4,4.11,18.38,63.62,62.060950000000105,Average
6.39,1.8,4.94,31.56,34.4959000000001,Struggle
4.1,2.87,32.56,73.82,69.8233499999999,Average
6.56,4.89,42.25,61.18,62.34200000000007,Average
4.9,4.74,64.72,76.94,74.3066000000001,Average
4.25,4.96,65.13,70.37,74.26855000000006,Average
4.17,2.02,31.38,53.74,54.16469999999988,Struggle
2.11,1.0,65.71,58.27,60.0780500000002,Struggle
1.49,3.53,2.89,100.0,93.33455000000002,Excel
2.83,5.0,52.1,82.59,81.60670000000012,Excel
4.14,2.18,27.44,54.67,60.00725000000009,Struggle
3.13,4.27,90.43,81.86,81.72065000000013,Excel
3.57,2.76,91.7,73.06,71.49354999999991,Average
7.0,4.0,55.58,61.03,61.998850000000104,Average
3.18,5.0,65.26,96.88,90.75654999999989,Excel
3.61,2.87,84.67,92.76,70.37595000000003,Average
1.94,3.47,63.63,84.93,83.46165000000012,Excel
1.52,5.0,9.38,98.0,94.24444999999994,Excel
5.17,2.67,4.86,46.43,55.326200000000135,Struggle
4.01,3.32,57.5,69.93,69.89840000000014,Average
5.15,3.64,64.56,64.28,64.24785000000016,Average
1.63,4.65,79.0,100.0,95.73884999999997,Excel
4.36,2.29,91.3,76.98,73.75594999999981,Average
2.82,2.94,68.18,55.36,67.85739999999994,Average
2.22,1.39,67.4,75.77,73.50625000000018,Average
1.0,4.55,8.26,85.41,85.54419999999995,Excel
1.76,2.68,82.23,64.92,69.36130000000001,Average
3.36,3.38,87.58,70.75,75.05235000000002,Average
1.55,4.99,3.22,84.7,87.58895000000015,Excel
7.0,4.1,79.32,53.78,55.400800000000054,Struggle
2.45,2.3,69.47,69.72,70.70909999999985,Average
1.45,1.8,85.82,65.65,71.08235000000013,Average
2.41,5.0,58.23,85.56,87.6474999999999,Excel
4.53,3.8,28.69,72.16,67.43524999999994,Average
1.65,1.8,71.3,60.96,62.299049999999816,Average
6.53,4.86,66.83,72.34,70.33980000000008,Average
6.52,2.96,78.67,66.27,64.10755000000013,Average
2.66,1.84,98.27,64.95,67.53090000000014,Average
3.81,2.28,27.99,60.68,63.92250000000012,Average
1.49,1.43,6.98,85.58,79.39414999999991,Excel
4.77,1.81,70.95,63.1,58.051850000000115,Struggle
3.03,3.11,58.84,77.96,70.18830000000004,Average
2.69,2.5,90.6,77.88,75.24954999999996,Excel
2.7,1.0,66.83,64.98,62.80689999999974,Average
4.43,5.0,61.19,82.26,80.71475000000008,Excel
3.24,1.77,82.08,57.74,60.30404999999987,Struggle
1.9,5.0,97.45,89.46,92.69799999999962,Excel
5.4,1.37,69.18,50.72,50.319449999999954,Struggle
4.21,1.32,57.24,62.9,55.90359999999997,Struggle
5.89,2.57,68.57,65.05,54.36534999999995,Struggle
1.85,1.0,74.58,63.2,64.17105000000011,Average
5.26,2.87,66.83,57.43,59.36370000000009,Struggle
4.71,2.87,37.4,47.33,53.099449999999976,Struggle
1.6,4.04,20.02,74.83,77.74274999999994,Excel
5.03,3.45,48.79,70.89,67.44234999999992,Average
3.5,2.85,37.05,46.42,53.88340000000003,Struggle
6.28,4.28,72.88,71.43,69.92295000000011,Average
1.71,2.54,93.64,70.56,74.85549999999988,Average
5.16,1.7,54.3,46.71,47.92454999999996,Struggle
3.2,5.0,51.52,68.72,71.13714999999985,Average
6.83,1.88,80.32,56.24,54.459949999999935,Struggle
2.64,2.8,66.55,71.61,69.32075000000009,Average
6.34,1.0,70.9,36.49,37.402299999999876,Struggle
6.79,5.0,70.29,64.0,67.45659999999997,Average
2.45,5.0,54.33,74.04,78.29240000000021,Excel
5.67,1.0,50.18,40.79,44.40659999999997,Struggle
7.0,3.3,94.92,49.95,57.154300000000056,Struggle
2.73,5.0,60.89,86.06,86.42214999999996,Excel
3.88,2.87,71.3,71.42,83.52370000000005,Excel
3.92,3.03,98.6,58.54,75.05499999999982,Average
2.38,1.49,91.34,78.07,76.6512999999999,Excel
1.55,1.77,0.82,66.93,68.89015000000015,Average
2.73,1.07,52.57,80.03,72.71280000000016,Average
2.43,4.17,86.5,91.34,88.51235000000005,Excel
3.92,3.55,84.92,67.17,69.01615000000002,Average
1.94,1.0,88.04,80.51,76.7541500000001,Excel
6.42,3.62,72.87,76.09,58.0419,Struggle
4.9,4.1,58.8,62.9,64.10849999999988,Average
1.55,3.06,73.24,79.01,78.03970000000012,Excel
4.53,3.65,82.39,53.89,59.58324999999995,Struggle
4.96,4.23,80.43,69.0,65.39624999999998,Average
6.48,3.1,19.57,51.08,50.33589999999995,Struggle
1.0,4.19,4.18,68.71,72.03889999999978,Average
2.66,5.0,98.26,98.93,89.85219999999998,Excel
3.92,2.53,57.59,67.32,68.21009999999994,Average
6.26,2.0,39.13,63.77,57.5462500000002,Struggle
5.71,1.15,88.38,69.81,64.06749999999994,Average
5.48,2.65,40.78,61.02,60.90800000000017,Average
1.89,1.54,37.02,60.45,64.57585000000009,Average
3.92,1.22,73.36,62.4,62.655549999999884,Average
2.75,3.1,78.45,89.25,82.90230000000001,Excel
2.25,2.61,0.08,79.02,74.16694999999987,Average
5.87,5.0,95.95,77.51,79.93255000000006,Excel
1.62,1.0,64.23,58.82,61.776049999999934,Average
3.92,2.83,83.07,73.21,66.93809999999999,Average
6.93,5.0,55.61,58.72,58.412049999999944,Struggle
1.99,2.87,69.61,79.28,76.9396000000002,Excel
6.54,3.56,66.83,74.64,68.61344999999992,Average
7.0,4.76,61.24,67.0,63.51795000000001,Average
4.82,3.06,79.49,53.97,57.265899999999895,Struggle
1.8,1.0,57.67,60.41,61.1321499999999,Average
3.32,1.0,55.14,54.77,60.1127999999999,Struggle
3.18,2.72,49.52,79.07,66.87695000000004,Average
3.31,1.0,83.75,66.2,54.824150000000046,Struggle
2.93,2.93,55.67,79.2,75.93770000000016,Excel
6.68,1.0,95.89,55.6,46.751400000000004,Struggle
1.72,2.51,61.29,83.5,80.74950000000004,Excel
5.54,3.08,56.0,66.67,60.31805000000004,Struggle
1.09,2.99,0.0,81.02,81.74130000000015,Excel
5.0,4.76,58.48,66.18,64.80950000000013,Average
3.92,2.15,54.53,28.29,36.947549999999985,Struggle
2.77,2.44,89.89,72.48,73.15174999999981,Average
2.54,3.98,74.78,80.24,81.77469999999985,Excel
5.0,1.0,69.43,57.93,54.048650000000094,Struggle
5.63,2.6,97.53,82.32,73.11129999999987,Average
5.47,2.63,68.55,80.14,71.13429999999988,Average
3.34,5.0,0.0,81.6,80.0552000000001,Excel
2.08,2.3,42.56,62.59,65.91060000000007,Average
6.82,1.87,61.95,56.69,50.17614999999995,Struggle
6.51,4.18,74.94,46.34,59.39804999999992,Struggle
3.73,1.8,66.83,55.54,57.058249999999944,Struggle
6.04,2.17,75.8,47.77,47.82905000000015,Struggle
4.05,1.08,83.46,57.86,58.5946000000001,Struggle
3.37,1.33,88.86,67.98,68.3403499999998,Average
1.9,3.64,85.51,74.95,78.50255000000017,Excel
3.26,4.62,60.28,81.49,79.70619999999988,Excel
3.97,1.0,27.15,54.3,53.51774999999994,Struggle
1.3,5.0,1.87,96.89,89.12820000000009,Excel
3.28,2.72,59.95,54.02,63.41725000000004,Average
5.38,3.36,20.71,44.52,48.98780000000014,Struggle
3.92,2.88,76.35,61.81,64.74029999999998,Average
4.35,1.69,66.34,66.11,62.36895000000011,Average
6.09,1.0,87.81,44.04,46.06290000000004,Struggle
1.47,1.0,4.48,66.15,67.9864499999999,Average
4.69,2.62,98.94,66.96,70.09290000000006,Average
3.92,2.12,87.93,52.79,63.00725000000017,Average
4.1,3.65,52.88,72.6,69.52715000000018,Average
3.38,2.84,75.44,77.66,76.4206000000001,Excel
1.35,3.24,78.13,62.99,71.39489999999986,Average
6.41,3.58,44.9,75.12,53.09829999999994,Struggle
3.92,1.0,47.57,56.44,57.28745000000003,Struggle
6.56,2.92,74.17,66.85,54.8326999999999,Struggle
4.97,5.0,68.4,70.97,73.15794999999984,Average
3.92,5.0,63.57,72.82,75.26686249999993,Excel
3.92,2.79,97.31,68.19,68.43620000000004,Average
5.12,1.46,25.9,62.87,58.70475000000014,Struggle
3.86,1.34,53.17,53.49,55.66064999999991,Struggle
4.47,3.51,58.36,72.55,68.75644999999983,Average
5.99,2.65,92.86,64.88,61.077399999999855,Average
3.6,1.75,79.33,71.94,69.7726000000001,Average
2.92,4.0,62.26,93.34,88.37175000000008,Excel
1.45,1.8,53.39,66.17,63.16980000000008,Average
6.0,5.0,0.0,71.48,71.40834999999987,Average
3.92,5.0,77.53,90.22,90.26354999999991,Excel
5.02,2.03,66.83,56.69,56.48699999999999,Struggle
3.87,1.0,57.41,60.29,56.97400000000012,Struggle
3.56,3.25,78.7,66.32,67.42529999999988,Average
3.92,3.98,4.23,75.04,80.17825000000005,Excel
3.92,2.24,66.83,65.21,64.01734999999987,Average
4.72,4.16,74.92,65.06,66.58759999999997,Average
5.58,1.73,80.11,66.87,63.187750000000136,Average
6.12,2.74,51.61,69.78,60.43590000000013,Struggle
1.85,3.12,51.64,80.1,75.58715000000018,Excel
6.46,4.38,66.83,63.14,65.00814999999989,Average
4.86,1.8,59.66,47.81,48.972000000000044,Struggle
6.35,3.29,6.12,55.42,52.25510000000004,Struggle
3.56,2.36,44.95,54.39,57.51694999999995,Struggle
4.15,5.0,99.09,89.47,89.43259999999985,Excel
6.38,4.8,91.77,71.18,67.84954999999992,Average
6.64,3.03,33.57,59.74,57.10364999999985,Struggle
3.9,4.41,55.0,72.7,73.03290000000013,Average
3.06,3.83,55.86,70.3,73.09994999999985,Average
3.49,1.4,69.32,53.64,65.07739999999995,Average
3.14,1.0,65.04,63.11,63.60795000000008,Average
3.0,1.35,81.13,59.21,62.97599999999979,Average
2.61,1.9,74.22,79.52,75.15880000000024,Excel
5.86,1.0,58.83,42.36,43.98790000000004,Struggle
1.67,4.61,90.16,90.08,92.48219999999999,Excel
4.7,2.87,63.66,62.88,62.484749999999906,Average
1.72,2.64,91.02,81.77,81.89940000000023,Excel
3.33,2.34,80.58,59.44,63.335700000000045,Average
1.64,2.87,68.64,72.1,73.65770000000018,Average
2.91,1.0,52.03,59.67,58.85575000000008,Struggle
5.4,2.8,30.59,63.11,68.69625000000003,Average
6.68,1.8,64.86,49.07,38.10770000000005,Struggle
2.55,2.87,90.9,91.02,79.71390000000004,Excel
4.11,3.84,78.74,79.09,77.17045000000003,Excel
4.03,1.8,73.32,59.97,56.680299999999946,Struggle
6.32,2.88,51.18,64.21,56.680449999999894,Struggle
5.19,3.47,73.31,63.73,65.9136999999998,Average
4.29,2.99,82.22,76.08,72.65684999999993,Average
5.21,1.56,65.37,42.32,45.486099999999944,Struggle
5.89,1.8,91.92,46.17,47.33565000000002,Struggle
1.3,1.0,6.01,70.19,71.90150000000003,Average
3.47,3.26,46.35,59.0,62.69820000000002,Average
6.5,3.97,91.53,70.59,69.8482000000001,Average
5.31,1.95,74.37,64.82,62.04754999999994,Average
3.88,3.7,20.21,80.85,76.93500000000017,Excel
3.9,1.0,53.89,45.52,45.61140000000017,Struggle
3.36,1.8,84.98,54.66,57.319999999999965,Struggle
3.89,2.8,93.26,85.22,69.17160000000001,Average
4.43,3.72,90.37,60.45,63.72290000000014,Average
4.01,2.87,82.78,68.12,67.70515000000016,Average
4.99,4.79,57.07,54.54,58.44280000000017,Struggle
6.33,1.0,54.7,38.03,38.60604999999996,Struggle
2.36,4.37,39.94,85.68,85.13605000000015,Excel
3.92,1.3,92.75,64.64,65.8531499999999,Average
3.75,5.0,98.09,84.34,87.44640000000003,Excel
5.6,2.34,62.07,73.89,66.3277499999999,Average
2.86,1.0,88.1,63.78,62.8498500000001,Average
4.9,5.0,78.69,81.36,80.41285000000025,Excel
6.12,2.92,51.59,46.35,46.73545000000011,Struggle
3.49,4.49,77.15,84.23,81.20044999999988,Excel
6.81,2.63,90.3,43.66,54.00850000000011,Struggle
7.0,4.22,63.81,54.14,48.9159,Struggle
1.99,1.0,70.9,82.71,78.13064999999975,Excel
2.5,4.9,61.81,86.7,84.23100000000001,Excel
6.68,4.22,53.82,52.27,52.34065000000016,Struggle
6.56,1.0,23.09,46.06,44.737300000000076,Struggle
1.09,4.0,91.85,96.7,94.65155000000026,Excel
1.35,1.51,3.27,79.76,81.68520000000001,Excel
1.75,1.8,66.83,70.69,67.4298000000001,Average
6.81,3.23,76.56,59.74,56.61504999999992,Struggle
2.42,3.3,74.03,76.96,75.82899999999984,Excel
3.57,2.56,90.35,69.49,72.26989999999986,Average
6.52,3.75,71.17,53.66,57.06974999999989,Struggle
1.0,5.0,7.81,100.0,99.19325,Excel
5.07,3.73,15.23,70.42,65.57325000000003,Average
2.61,2.24,81.82,60.78,63.00560000000013,Average
5.77,2.65,85.13,46.52,50.31530000000015,Struggle
2.87,3.9,94.95,100.0,94.55779999999997,Excel
5.52,3.71,61.22,66.34,64.28094999999993,Average
4.99,5.0,80.21,75.45,76.63860000000021,Excel
2.52,1.0,71.66,71.49,71.18149999999984,Average
3.92,5.0,8.4,86.95,88.8615500000002,Excel
3.2,1.86,55.34,76.21,68.91474999999976,Average
3.06,1.98,27.65,63.28,64.03870000000016,Average
5.65,3.0,91.85,61.93,60.62045000000008,Average
5.73,5.0,61.7,67.09,67.35134999999994,Average
3.52,1.92,69.12,61.64,64.06314999999994,Average
4.59,4.11,91.42,80.87,79.59420000000024,Excel
4.14,3.33,54.04,73.67,71.57800000000003,Average
5.76,5.0,81.24,70.94,71.71640000000001,Average
3.5,4.01,93.41,83.54,83.48695000000019,Excel
3.92,1.0,59.92,78.9,72.54739999999988,Average
2.73,3.33,68.64,68.31,68.64244999999991,Average
4.3,4.0,3.0,85.14,84.1473999999999,Excel
3.48,1.96,71.37,70.15,66.96424999999982,Average
4.09,2.79,66.83,66.26,65.53595000000011,Average
1.44,4.63,76.54,83.97,88.02784999999987,Excel
5.03,2.87,88.24,47.85,56.66825000000011,Struggle
2.33,5.0,2.69,78.18,81.56030000000021,Excel
2.43,2.87,79.5,69.95,71.8656,Average
2.99,2.87,77.51,65.87,67.69705000000008,Average
2.15,3.83,80.5,95.0,86.6463,Excel
4.82,5.0,46.82,83.63,80.76539999999973,Excel
3.24,5.0,63.31,91.81,88.73604999999996,Excel
3.6,1.49,89.28,80.42,72.59840000000008,Average
4.65,5.0,60.98,75.71,76.85254999999978,Excel
1.81,5.0,91.29,91.12,90.52435000000015,Excel
2.05,5.0,24.67,76.45,81.51146666666693,Excel
6.12,2.87,57.99,74.27,69.09775000000022,Average
3.17,3.37,94.14,66.99,78.85849999999995,Excel
3.18,4.57,55.06,84.81,80.6056999999999,Excel
1.34,2.41,0.0,85.81,83.38609999999991,Excel
3.52,4.71,89.93,72.46,85.80460000000005,Excel
4.42,2.87,75.19,46.52,60.155999999999956,Struggle
4.81,2.96,65.44,66.31,67.48069999999994,Average
5.54,1.44,36.09,63.03,58.92925000000008,Struggle
1.91,2.99,98.43,100.0,96.63654999999999,Excel
2.15,4.7,60.08,92.28,90.96875000000007,Excel
5.83,5.0,78.98,74.55,73.54724999999983,Average
6.57,2.19,54.16,42.77,45.326899999999995,Struggle
2.29,5.0,60.89,95.79,92.55025000000029,Excel
4.48,2.62,66.83,70.38,60.96544999999995,Average
2.2,3.41,65.13,87.33,82.34609999999995,Excel
1.01,1.67,99.29,73.97,79.32830000000007,Excel
3.36,2.02,75.04,70.32,67.62124999999993,Average
2.15,4.66,75.83,99.73,92.75134999999979,Excel
5.27,4.59,51.82,67.33,65.70599999999996,Average
4.07,2.73,97.83,83.44,78.8662000000001,Excel
1.81,2.19,58.71,85.48,79.25184999999976,Excel
1.46,3.31,8.39,74.24,75.75354999999983,Excel
5.53,5.0,66.83,70.56,70.47839999999991,Average
2.37,3.27,70.78,82.27,78.01915000000017,Excel
4.16,1.8,82.17,49.27,53.98810000000003,Struggle
3.44,1.25,83.1,59.08,61.40849999999995,Average
4.51,2.23,27.72,41.11,60.62314999999999,Average
2.62,4.7,74.98,78.04,79.7353500000003,Excel
1.02,1.0,89.52,70.74,70.16474999999988,Average
2.4,1.0,72.16,76.7,71.59770000000006,Average
1.87,2.23,58.29,63.75,67.14434999999997,Average
3.7,4.0,65.66,68.04,72.30435000000026,Average
4.73,1.83,60.62,67.28,61.3364000000001,Average
2.17,4.54,56.29,80.47,81.89249999999981,Excel
1.08,2.86,0.0,77.3,82.3729499999998,Excel
4.17,4.46,77.05,63.53,79.68075,Excel
4.58,1.59,53.64,58.03,57.267850000000095,Struggle
6.74,5.0,50.09,65.05,69.87319999999994,Average
4.63,3.12,99.65,66.96,67.61304999999982,Average
3.86,1.04,98.21,67.11,67.09490000000007,Average
4.07,2.97,91.46,78.77,72.7028499999999,Average
6.27,2.24,63.32,45.23,48.031549999999825,Struggle
3.92,3.39,28.86,67.94,55.31840000000005,Struggle
3.13,1.31,91.68,67.55,68.07809999999985,Average
2.45,4.61,52.79,74.15,84.48595000000002,Excel
2.51,2.78,60.28,52.11,59.02210000000001,Struggle
4.33,1.54,77.22,62.51,62.40185000000011,Average
5.29,1.0,58.92,49.82,50.7063,Struggle
4.09,4.0,25.69,89.32,85.69474999999979,Excel
1.0,4.0,88.86,100.0,95.05095000000014,Excel
5.58,1.0,87.79,60.34,55.026849999999946,Struggle
6.04,4.1,70.08,74.06,72.57334999999998,Average
3.04,4.6,21.2,74.22,74.40424999999976,Average
5.36,3.87,64.25,89.01,78.80105000000009,Excel
3.82,2.24,29.03,78.91,72.21304999999995,Average
6.67,1.0,83.34,40.95,39.11665000000006,Struggle
5.92,3.65,56.1,63.01,59.39185000000013,Struggle
3.99,4.74,85.28,71.36,74.15765000000015,Average
5.59,2.67,98.61,45.73,55.933999999999806,Struggle
6.71,1.01,52.18,38.63,39.35935000000004,Struggle
4.02,4.49,4.98,79.76,75.83014999999993,Excel
2.75,2.7,5.92,86.65,75.87999999999987,Excel
5.89,5.0,71.53,72.31,70.55584999999998,Average
2.14,5.0,33.93,88.25,84.93985000000016,Excel
2.98,3.23,90.35,85.8,81.92739999999976,Excel
6.33,1.0,73.69,38.89,38.78415000000007,Struggle
4.89,1.0,74.23,55.82,53.365899999999904,Struggle
3.3,1.0,85.85,50.33,53.72844999999997,Struggle
2.6,2.18,5.67,53.2,61.42330000000012,Average
2.94,3.48,67.66,59.83,78.53325,Excel
3.13,2.01,87.85,78.44,71.33585000000011,Average
2.52,3.39,89.0,91.85,88.82510000000008,Excel
5.78,4.0,50.72,67.9,69.94304999999991,Average
3.0,3.26,57.19,78.95,76.1386500000002,Excel
3.76,2.71,26.15,82.95,75.77485000000019,Excel
3.39,3.8,67.58,68.17,71.93775000000001,Average
7.0,5.0,64.57,68.8,67.59824999999987,Average
3.34,2.62,83.43,68.61,71.89895000000006,Average
1.39,2.91,91.41,75.27,80.51990000000013,Excel
1.65,3.67,59.6,92.16,86.93854999999992,Excel
4.7,2.35,47.21,61.29,62.24305000000018,Average
4.85,1.01,68.39,66.83,62.39439999999997,Average
3.68,3.92,66.83,61.16,65.98844999999996,Average
3.84,2.65,81.04,73.43,70.37350000000013,Average
1.49,3.98,94.68,100.0,94.89464999999993,Excel
3.92,2.7,8.82,40.55,50.833150000000025,Struggle
3.66,5.0,54.35,75.95,78.12470000000013,Excel
2.19,1.82,81.36,60.42,63.69545000000002,Average
1.15,4.06,7.69,77.17,80.00360000000005,Excel
2.23,2.47,58.15,60.8,64.08529999999988,Average
1.94,3.83,17.34,83.48,84.90679999999983,Excel
4.83,2.0,77.95,47.92,54.28645000000005,Struggle
2.65,3.01,30.07,80.41,77.99009999999996,Excel
2.62,1.0,99.87,77.39,73.36504999999988,Average
1.6,1.33,70.3,57.88,63.58324999999982,Average
6.81,3.09,60.61,63.37,58.24695000000013,Struggle
5.91,1.8,42.12,50.89,46.350800000000035,Struggle
2.25,3.49,62.21,62.57,77.89754999999998,Excel
2.93,1.1,47.15,65.13,63.18835000000004,Average
2.53,4.15,74.13,78.85,80.11520000000019,Excel
3.95,2.87,72.68,74.87,73.32360000000018,Average
1.09,1.0,8.38,69.42,71.16060000000004,Average
4.83,2.77,60.83,44.03,52.050399999999996,Struggle
4.18,4.32,95.22,67.64,80.98669999999994,Excel
6.14,2.13,89.57,50.16,52.40519999999992,Struggle
1.75,4.34,66.66,93.86,83.85535,Excel
6.08,5.0,59.03,66.91,66.34064999999995,Average
5.59,1.5,40.96,59.95,58.6102000000001,Struggle
1.31,3.95,66.63,72.95,80.00190000000016,Excel
3.23,2.8,77.85,81.57,77.05844999999988,Excel
2.16,5.0,52.32,88.43,85.25280000000019,Excel
2.84,3.18,72.53,80.63,76.67824999999975,Excel
3.04,3.94,54.93,80.07,77.80279999999999,Excel
4.59,4.8,63.96,74.56,72.91449999999999,Average
3.4,1.29,55.46,64.26,57.38279999999992,Struggle
6.49,3.85,31.35,41.17,47.96970000000001,Struggle
1.39,3.78,91.88,92.75,89.43445000000006,Excel
6.97,2.63,80.76,46.27,53.149300000000046,Struggle
2.39,3.92,61.37,82.65,81.98149999999987,Excel
5.82,5.0,93.59,77.01,77.87305000000009,Excel
2.77,5.0,90.04,89.07,88.76289999999989,Excel
1.68,1.89,0.52,78.19,75.79720000000015,Excel
5.94,1.57,58.03,53.89,54.052700000000016,Struggle
3.92,2.2,5.63,57.22,65.02815000000011,Average
4.62,3.77,66.83,73.15,70.09369999999979,Average
4.51,3.55,68.7,75.6,70.96835000000011,Average
3.38,5.0,4.18,69.55,73.41194999999976,Average
4.02,1.0,77.87,58.35,56.24120000000014,Struggle
4.95,5.0,94.47,88.75,86.62459999999999,Excel
1.21,4.76,79.7,99.48,94.95939999999986,Excel
4.62,2.53,95.98,62.58,64.35644999999997,Average
6.22,2.38,43.22,55.45,56.03395000000005,Struggle
1.19,3.11,84.76,93.05,92.8671,Excel
2.17,3.75,82.43,91.47,88.69179999999986,Excel
5.03,3.87,83.52,82.22,71.63080000000002,Average
3.21,1.26,82.25,58.86,63.01809999999994,Average
3.52,2.32,61.08,71.44,71.30370000000005,Average
2.01,5.0,57.18,78.27,82.39245000000014,Excel
3.83,5.0,98.93,92.92,91.14099999999989,Excel
1.86,4.3,16.01,90.35,88.71485000000008,Excel
4.14,5.0,73.39,87.8,79.18624999999992,Excel
5.43,2.05,71.25,63.25,59.196350000000024,Struggle
2.58,4.12,68.0,88.68,85.3985000000001,Excel
3.53,4.31,51.42,70.38,69.70339999999982,Average
6.47,2.49,59.77,57.39,50.319849999999995,Struggle
5.6,3.61,95.26,59.08,61.84624999999997,Average
5.85,4.07,69.77,68.59,68.6161500000001,Average
3.27,5.0,78.21,88.98,86.84429999999982,Excel
6.08,1.83,3.61,59.46,54.68699999999984,Struggle
1.47,1.0,1.53,67.13,68.49294999999985,Average
1.83,3.26,98.46,98.17,95.2123499999998,Excel
2.42,3.28,85.89,84.84,85.14740000000005,Excel
3.62,5.0,57.16,84.05,81.82764999999984,Excel
6.33,1.81,51.16,41.62,39.81669999999994,Struggle
2.65,2.08,91.26,59.84,64.98170000000003,Average
4.84,2.77,92.05,65.23,66.24939999999981,Average
5.06,1.0,87.32,51.87,52.73270000000009,Struggle
3.92,1.85,32.32,53.68,55.79865000000009,Struggle
3.05,3.1,81.99,62.48,66.38609999999981,Average
4.58,1.0,65.81,49.2,49.26520000000003,Struggle
2.73,1.0,72.53,57.08,60.18504999999982,Struggle
1.31,2.82,69.12,98.58,89.97705000000005,Excel
7.0,2.91,95.68,48.84,53.85655000000006,Struggle
1.84,3.58,61.71,75.64,77.45649999999986,Excel
1.8,4.39,41.7,92.44,91.10149999999994,Excel
6.56,1.71,68.05,62.11,50.518,Struggle
3.28,3.27,83.15,81.73,77.85904999999983,Excel
5.0,2.82,45.91,72.51,67.4500500000001,Average
3.17,5.0,96.2,93.51,88.50454999999978,Excel
3.71,5.0,23.56,76.55,78.46204999999978,Excel
2.91,3.37,61.03,78.01,72.92470000000012,Average
3.92,2.56,88.32,90.15,84.51514999999989,Excel
3.46,2.94,41.0,69.15,66.55094999999983,Average
5.09,3.71,58.29,45.32,67.94729999999998,Average
4.45,5.0,75.17,82.14,82.87054999999984,Excel
6.94,1.17,82.61,59.4,54.188999999999936,Struggle
1.59,3.62,0.83,94.01,91.1432,Excel
3.66,2.76,64.58,45.71,55.37384999999984,Struggle
4.32,4.19,90.47,63.72,68.13519999999983,Average
6.44,4.0,39.27,72.98,70.40054999999978,Average
1.63,1.0,0.0,65.97,75.8214999999998,Excel
4.83,3.77,64.1,78.2,75.21955000000024,Excel
5.9,4.0,81.96,76.33,75.60039999999998,Excel
2.64,5.0,59.97,86.67,88.63909999999994,Excel
3.92,3.05,91.37,61.55,65.07284999999989,Average
1.02,2.59,4.72,87.59,84.45465000000009,Excel
5.38,3.48,66.83,71.32,68.5057999999999,Average
6.87,3.1,95.78,70.26,65.26214999999999,Average
5.33,2.52,69.59,61.86,57.442149999999984,Struggle
3.47,5.0,61.75,85.51,83.25925000000011,Excel
1.3,2.74,9.08,87.73,76.06499999999997,Excel
6.67,4.0,78.66,73.77,68.69839999999994,Average
3.65,1.8,28.5,45.92,47.36735000000003,Struggle
1.66,2.36,3.63,66.21,73.58774999999972,Average
5.52,3.61,69.91,61.88,61.339099999999824,Average
3.69,4.14,64.56,61.65,62.96794999999983,Average
3.92,2.13,85.51,93.63,82.50989999999983,Excel
2.02,2.44,82.57,66.41,73.00754999999988,Average
1.4,5.0,72.04,93.96,93.4588499999997,Excel
4.63,3.86,69.89,52.55,72.33244999999994,Average
4.32,1.0,66.83,54.97,54.549750000000024,Struggle
4.4,2.87,37.91,51.08,53.19829999999998,Struggle
5.99,1.32,54.28,52.59,52.08235000000007,Struggle
6.66,2.03,9.58,35.79,37.07364999999997,Struggle
4.22,2.4,66.06,43.51,51.3294000000001,Struggle
1.41,3.78,2.87,96.97,91.36279999999987,Excel
5.46,3.35,88.69,56.8,60.47694999999986,Struggle
3.14,1.0,69.79,62.5,62.8526,Average
4.23,3.97,63.07,79.35,77.83990000000018,Excel
5.27,2.97,91.37,55.18,74.37939999999996,Average
3.12,3.55,66.69,79.81,78.24549999999991,Excel
6.4,1.89,93.81,45.56,46.74064999999997,Struggle
2.21,2.19,80.84,74.43,72.42375000000018,Average
4.62,2.8,4.57,74.7,70.48840000000014,Average
1.0,1.8,5.01,55.91,60.855299999999886,Average
6.7,2.87,56.13,69.34,65.24675000000008,Average
1.79,4.0,80.01,93.19,92.03645000000004,Excel
1.33,1.8,51.18,68.1,65.55540000000016,Average
3.06,2.96,84.66,90.61,87.15520000000014,Excel
3.45,2.87,66.83,58.36,65.73415000000007,Average
2.37,1.0,76.19,64.11,62.085150000000084,Average
4.69,1.82,48.84,39.7,42.97849999999992,Struggle
3.42,2.43,85.87,72.46,76.73629999999994,Excel
1.54,2.87,4.56,95.19,90.42549999999997,Excel
2.87,2.87,66.83,66.71,65.49624999999973,Average
6.35,4.15,89.3,71.21,68.1552999999998,Average
4.66,3.67,50.69,63.55,64.23874999999987,Average
5.23,3.2,66.9,65.9,64.20884999999987,Average
4.87,1.94,63.74,71.36,63.81445000000006,Average
2.93,4.0,94.4,94.67,92.08144999999992,Excel
1.34,1.0,9.67,57.52,61.66730000000016,Average
2.87,2.02,71.98,64.52,64.99910000000021,Average
6.37,3.65,50.05,62.13,58.9366999999999,Struggle
3.92,4.59,54.17,53.51,58.553050000000106,Struggle
3.62,2.87,70.8,64.62,66.87085000000017,Average
1.44,3.0,3.44,79.35,78.11534999999996,Excel
1.7,3.47,77.45,85.32,77.40764999999998,Excel
2.86,3.38,66.83,71.05,67.85334999999989,Average
4.19,4.11,82.32,73.35,73.44489999999992,Average
1.38,1.0,32.1,61.27,63.698449999999895,Average
6.39,2.71,84.7,56.1,56.87505000000013,Struggle
3.92,2.22,11.33,60.03,62.37515000000015,Average
6.48,3.76,77.44,55.49,58.78639999999986,Struggle
5.97,4.0,70.05,76.0,74.42635000000001,Average
5.34,2.72,65.16,59.77,61.11020000000022,Average
4.65,1.0,75.79,46.27,47.899450000000144,Struggle
4.52,4.36,0.55,65.08,65.7880999999999,Average
5.26,2.28,98.27,84.27,78.35415000000016,Excel
4.79,3.92,91.65,80.16,76.55019999999988,Excel
3.99,3.85,85.86,66.38,68.89939999999983,Average
6.69,3.6,73.95,40.94,48.454699999999946,Struggle
4.97,2.66,69.61,59.46,57.408999999999885,Struggle
5.19,4.85,51.63,53.94,57.53679999999999,Struggle
6.26,5.0,67.95,73.3,70.91829999999982,Average
2.13,3.38,92.42,89.67,86.027,Excel
1.96,1.78,69.2,81.12,77.42285000000022,Excel
3.57,4.57,73.08,68.91,70.98619999999991,Average
4.37,1.0,27.5,57.77,57.41360000000019,Struggle
5.8,3.25,63.71,65.48,62.883949999999786,Average
3.38,4.58,53.09,60.83,62.66149999999993,Average
4.9,2.98,80.69,83.59,77.54415000000006,Excel
4.46,3.63,72.4,62.56,65.4752,Average
1.36,2.87,6.94,64.55,81.35870000000011,Excel
4.89,3.53,77.34,71.43,65.37389999999996,Average
6.46,1.0,89.94,45.76,45.16675000000012,Struggle
2.04,1.0,87.55,71.05,70.14244999999983,Average
4.17,2.21,88.57,65.78,68.51915000000014,Average
4.12,1.96,48.04,75.69,72.26005,Average
2.16,1.0,67.69,72.05,69.5359499999999,Average
1.9,1.0,96.67,64.17,66.81430000000002,Average
7.0,4.27,52.71,46.91,48.58604999999996,Struggle
2.97,3.45,57.63,66.45,68.61640000000014,Average
2.8,3.69,70.98,95.26,87.55565000000003,Excel
2.08,3.8,3.14,74.91,79.05234999999989,Excel
5.16,4.64,50.41,64.21,63.68444999999999,Average
4.19,1.68,85.97,60.9,63.33814999999987,Average
5.32,2.04,77.94,76.95,70.98385000000019,Average
1.59,3.68,0.44,88.34,87.92335000000007,Excel
3.92,5.0,71.17,68.16,72.28444999999992,Average
3.78,2.74,75.97,50.28,56.13410000000009,Struggle
3.31,2.59,58.09,68.29,67.85355000000021,Average
3.49,2.87,66.83,72.79,70.9039,Average
3.77,1.8,37.25,51.73,51.205449999999836,Struggle
6.42,1.64,85.48,52.35,53.21330000000012,Struggle
6.1,5.0,66.83,77.96,72.24159999999988,Average
2.56,1.0,74.01,73.95,65.15284999999993,Average
6.09,3.94,78.58,73.48,69.91759999999982,Average
5.77,1.03,77.96,37.81,50.51330000000001,Struggle
6.78,1.87,65.35,60.76,47.625600000000006,Struggle
2.18,4.92,54.87,70.15,75.45819999999988,Excel
4.8,2.0,94.84,68.98,66.81509999999983,Average
3.0,5.0,80.0,90.42,88.54255000000003,Excel
6.07,1.8,84.89,50.5,50.160149999999994,Struggle
1.45,5.0,7.6,100.0,97.87604999999996,Excel
4.7,2.87,87.82,73.13,70.3411499999998,Average
2.76,1.0,79.22,67.73,64.54944999999988,Average
3.24,3.61,26.39,84.04,78.17915000000029,Excel
5.32,3.52,1.17,64.45,62.87095000000018,Average
5.75,2.26,65.28,70.35,66.18455000000017,Average
5.14,1.56,56.89,55.35,53.80120000000014,Struggle
5.64,4.2,54.4,68.21,66.53889999999984,Average
2.61,2.55,86.02,83.05,80.50254999999981,Excel
4.39,1.0,85.2,55.57,56.83249999999995,Struggle
3.99,1.6,85.01,75.91,71.12649999999996,Average
1.3,1.0,8.53,74.96,73.8932999999998,Average
3.92,4.25,67.45,60.71,66.6937999999998,Average
5.12,1.0,78.06,54.84,49.36645000000001,Struggle
4.75,1.0,80.97,48.44,52.84215000000001,Struggle
5.41,3.45,98.97,52.56,58.3025,Struggle
4.53,2.95,65.62,59.11,65.10295000000002,Average
1.75,3.73,97.82,90.16,89.20459999999994,Excel
1.51,3.81,57.44,72.48,85.46345000000001,Excel
4.6,1.79,88.2,56.61,59.91095000000009,Struggle
2.16,5.0,81.64,86.65,93.34454999999997,Excel
1.67,5.0,64.2,97.51,91.52570000000014,Excel
3.28,2.23,51.43,59.31,60.309399999999975,Struggle
4.31,3.52,22.32,71.46,66.70414999999984,Average
2.68,3.38,53.48,70.91,70.00164999999997,Average
4.84,1.85,57.56,73.39,65.74189999999993,Average
4.84,1.91,41.13,59.91,57.55014999999991,Struggle
2.92,1.8,95.31,63.58,64.81329999999996,Average
5.46,3.46,73.38,74.08,68.2964499999999,Average
4.6,5.0,16.83,72.7,74.23570000000021,Average
5.27,1.29,28.0,39.41,44.59289999999996,Struggle
3.82,3.3,66.83,51.38,56.83689999999989,Struggle
1.46,3.45,9.73,91.52,88.5134500000002,Excel
5.42,3.41,90.78,77.19,61.47924999999995,Average
2.93,4.0,99.9,88.1,86.15370000000011,Excel
6.63,1.0,70.61,36.56,37.40380000000007,Struggle
6.4,2.52,66.83,52.24,53.277049999999925,Struggle
3.92,1.0,31.72,42.84,50.880850000000116,Struggle
2.14,2.87,79.39,69.12,75.90500000000002,Excel
2.18,1.86,98.1,66.23,66.86189999999979,Average
3.01,4.0,55.18,84.71,82.55584999999968,Excel
4.16,3.91,56.08,63.35,66.66420000000016,Average
3.2,3.4,85.09,95.1,88.96770000000008,Excel
3.67,2.84,83.36,48.99,57.58574999999989,Struggle
1.8,3.51,62.53,67.04,73.71705000000014,Average
6.67,1.84,90.66,50.8,49.787950000000016,Struggle
3.92,2.35,9.92,67.86,65.60585000000012,Average
6.65,5.0,96.29,76.11,72.36465000000001,Average
6.86,4.15,60.05,42.45,45.81010000000002,Struggle
4.08,1.0,54.07,44.98,49.88364999999998,Struggle
5.57,1.0,66.98,45.24,46.17929999999992,Struggle
3.41,1.12,59.39,43.86,49.93135000000001,Struggle
3.92,2.04,76.35,69.45,67.12130000000016,Average
3.0,2.87,56.67,71.79,72.7190500000003,Average
3.11,2.9,74.55,78.35,73.31530000000012,Average
4.23,2.73,83.03,78.49,73.36089999999986,Average
4.18,1.8,68.25,55.15,55.157749999999844,Struggle
4.39,1.37,51.4,43.54,49.186400000000084,Struggle
3.92,2.02,98.7,90.46,79.74869999999972,Excel
3.11,2.89,90.97,85.58,79.83809999999988,Excel
1.55,1.51,53.67,65.96,65.96804999999983,Average
1.0,1.0,72.46,61.27,66.53365000000014,Average
2.2,1.0,81.75,53.43,59.0096500000001,Struggle
1.41,3.75,59.53,66.57,74.17639999999987,Average
1.46,1.0,66.83,62.09,64.12860000000008,Average
5.82,1.0,54.39,52.11,47.222299999999976,Struggle
1.19,4.28,2.67,76.16,90.4788,Excel
4.59,1.0,57.06,44.5,51.13920000000003,Struggle
2.32,3.02,87.95,60.46,68.07574999999977,Average
6.58,4.39,66.13,73.47,70.45424999999979,Average
3.57,1.34,62.2,71.98,67.59484999999982,Average
3.0,3.74,66.83,98.64,91.00489999999984,Excel
4.03,1.38,86.8,59.68,62.85685000000003,Average
3.76,3.51,63.82,75.84,74.56290000000008,Average
3.96,1.8,93.63,60.77,60.0889000000002,Struggle
2.02,1.47,51.24,84.52,76.0970500000002,Excel
6.97,1.32,30.28,40.41,40.1633999999999,Struggle
3.06,1.81,71.37,46.67,52.715000000000025,Struggle
2.85,5.0,63.04,89.92,84.55365000000002,Excel
5.17,3.02,40.13,58.92,58.642750000000035,Struggle
2.99,3.71,73.44,86.46,80.31569999999978,Excel
5.86,3.94,82.68,57.44,63.245600000000024,Average
4.15,3.91,66.83,61.94,65.51390000000009,Average
5.18,2.4,80.42,57.63,59.070249999999845,Struggle
1.56,2.82,9.6,89.45,85.92985000000023,Excel
6.34,4.86,6.91,51.0,56.373099999999994,Struggle
5.7,2.7,70.51,78.67,54.15735000000001,Struggle
1.85,1.9,76.6,60.31,77.5853499999999,Excel
2.07,5.0,55.15,90.39,90.9219999999999,Excel
2.88,3.12,82.7,73.07,70.84119999999986,Average
6.49,2.52,71.33,40.09,43.862850000000066,Struggle
2.3,2.04,98.72,84.27,69.5948000000001,Average
3.29,3.82,55.39,67.36,76.03624999999991,Excel
1.04,1.0,0.0,64.37,65.4876000000001,Average
3.14,1.8,66.83,55.64,55.62864999999998,Struggle
4.31,1.63,61.43,52.83,54.658699999999975,Struggle
6.8,2.44,7.53,54.46,53.93264999999988,Struggle
4.33,2.07,66.83,57.44,66.23650000000002,Average
6.02,2.39,58.87,38.71,56.93984999999994,Struggle
4.46,1.0,64.67,41.6,45.850300000000104,Struggle
1.61,4.0,3.94,100.0,94.95265,Excel
3.26,5.0,93.79,98.67,89.8536999999998,Excel
4.81,1.93,89.92,64.03,66.46265000000014,Average
6.35,5.0,24.31,72.9,68.48064999999993,Average
5.9,4.49,78.27,68.49,66.90214999999995,Average
2.37,2.08,12.87,51.81,55.80299999999999,Struggle
2.18,1.0,45.27,53.98,57.394049999999844,Struggle
1.84,4.0,90.3,99.36,96.69460000000014,Excel
6.32,2.52,66.83,55.78,55.08035000000005,Struggle
6.6,2.37,57.5,65.43,60.10140000000012,Struggle
5.5,4.0,66.83,70.17,71.32240000000006,Average
3.28,2.59,29.75,64.96,66.14879999999987,Average
3.54,2.79,69.66,45.83,53.68444999999995,Struggle
4.01,3.35,66.83,59.18,60.59280000000006,Average
2.43,1.07,67.48,58.34,63.322300000000034,Average
3.63,1.0,96.85,66.39,64.1618499999999,Average
1.65,2.44,6.77,76.51,81.54424999999998,Excel
2.07,3.07,92.14,64.01,72.64140000000015,Average
6.55,2.47,1.4,45.94,48.127399999999945,Struggle
5.97,2.87,83.06,56.0,55.54545,Struggle
3.45,3.16,74.84,60.14,65.05479999999991,Average
4.32,4.47,50.11,59.21,62.0086999999998,Average
2.93,1.72,80.67,71.22,70.63994999999991,Average
5.64,1.58,67.8,59.37,56.56395000000004,Struggle
5.22,2.75,55.89,70.15,65.77554999999987,Average
5.21,2.23,72.23,43.37,47.99685000000002,Struggle
5.27,1.0,86.78,46.01,47.91875000000012,Struggle
1.74,5.0,98.08,100.0,98.6043999999999,Excel
2.99,2.03,66.83,67.37,66.22805000000011,Average
3.84,2.07,45.28,77.28,71.8360000000002,Average
3.1,1.0,66.83,63.04,61.78720000000023,Average
5.13,2.87,66.7,66.73,58.53215000000002,Struggle
2.66,3.7,57.11,88.02,77.7337500000001,Excel
3.92,2.54,64.09,78.26,66.8488500000001,Average
3.55,1.22,94.96,62.96,64.46899999999981,Average
6.41,4.0,57.97,63.07,65.12579999999991,Average
2.4,2.17,66.46,86.2,74.09319999999998,Average
4.95,3.8,47.31,77.9,74.00244999999987,Average
3.17,1.0,92.36,59.65,60.14999999999983,Struggle
1.34,4.0,96.89,94.61,95.60875000000021,Excel
3.76,2.35,42.93,55.69,57.66425,Struggle
5.62,1.0,72.33,56.35,51.82080000000015,Struggle
3.77,4.11,58.07,63.62,63.59170000000012,Average
6.05,1.0,57.84,43.53,43.792400000000036,Struggle
3.13,3.45,63.59,91.59,69.3611500000001,Average
1.35,4.23,75.48,80.29,83.1939000000003,Excel
6.65,1.0,0.0,36.67,36.22160000000003,Struggle
2.8,2.62,1.54,74.21,75.79329999999973,Excel
4.94,5.0,89.16,85.25,82.28815000000003,Excel
6.07,3.24,91.35,53.79,58.1539999999999,Struggle
3.08,4.19,93.2,82.57,83.86599999999994,Excel
4.86,1.0,66.83,51.42,51.70500000000005,Struggle
1.38,3.64,93.35,82.44,83.82140000000012,Excel
2.79,1.95,75.5,68.3,69.1159499999999,Average
1.66,2.22,80.35,74.24,73.9314999999999,Average
5.99,1.92,87.94,39.9,44.9457499999999,Struggle
3.92,2.87,71.27,93.43,87.79270000000011,Excel
5.64,2.5,53.68,63.85,58.00370000000011,Struggle
6.44,2.8,67.51,53.54,56.00245000000015,Struggle
4.25,1.53,50.98,66.11,62.09155000000007,Average
4.52,2.16,59.62,66.15,54.195750000000004,Struggle
3.76,1.52,57.42,54.48,56.60209999999983,Struggle
3.29,1.44,64.65,64.81,63.68759999999991,Average
3.48,3.66,30.57,58.59,69.96875000000006,Average
4.85,1.1,87.17,55.44,56.03665000000001,Struggle
7.0,3.32,62.94,33.51,43.58275000000012,Struggle
6.46,3.03,66.83,53.82,53.94514999999987,Struggle
6.04,4.0,84.96,69.95,72.08730000000016,Average
5.91,2.41,67.77,45.22,50.12139999999999,Struggle
3.95,1.0,50.99,40.4,45.04179999999987,Struggle
4.99,1.0,0.0,44.19,46.87499999999996,Struggle
5.91,4.72,97.26,81.15,76.9927499999999,Excel
3.61,2.32,69.26,84.84,77.18295000000006,Excel
7.0,4.98,96.93,59.25,62.56915,Average
3.9,4.52,63.71,79.99,77.14249999999991,Excel
4.66,4.38,0.0,60.22,65.74019999999985,Average
5.21,3.93,60.71,77.15,73.58569999999985,Average
7.0,1.99,54.26,41.83,41.074900000000035,Struggle
2.37,1.8,94.82,68.0,66.97529999999995,Average
5.64,3.35,3.45,75.83,71.27759999999996,Average
4.24,2.87,97.73,68.62,69.93970000000022,Average
2.48,2.51,92.6,85.93,80.24795000000009,Excel
5.25,2.02,66.83,52.52,56.078400000000094,Struggle
3.83,2.87,59.35,70.12,70.04650000000014,Average
4.9,3.7,91.31,61.28,64.64665000000014,Average
2.92,1.0,60.42,47.67,55.8665,Struggle
4.21,5.0,69.4,78.8,77.99384999999988,Excel
4.61,4.0,66.83,82.38,81.38264999999976,Excel
3.21,3.88,93.74,95.25,89.88200000000005,Excel
2.15,2.87,83.02,88.73,87.95654999999975,Excel
3.92,4.53,91.95,67.22,78.61250000000014,Excel
3.66,1.24,73.7,69.16,67.8196,Average
5.01,2.87,85.87,48.7,59.654999999999994,Struggle
3.29,1.56,99.0,69.19,69.17735000000003,Average
2.64,1.96,57.67,58.59,60.7561000000001,Average
3.16,4.0,61.2,93.48,88.48464999999983,Excel
3.75,1.8,76.12,55.11,61.63854999999994,Average
4.0,3.69,82.16,88.91,76.03409999999994,Excel
3.87,2.09,93.89,68.01,68.0134000000001,Average
4.43,1.86,32.38,75.42,67.00945000000006,Average
1.93,3.04,34.34,60.47,65.45694999999988,Average
3.54,1.0,76.36,59.85,59.66905000000017,Struggle
1.57,4.0,50.96,87.14,88.30959999999985,Excel
1.87,1.86,74.83,71.43,74.1360999999999,Average
6.64,1.0,64.55,38.47,37.68425000000006,Struggle
4.2,2.59,96.4,57.73,61.853099999999785,Average
4.68,1.0,54.39,45.03,46.46439999999997,Struggle
3.84,1.8,72.97,56.64,56.82274999999995,Struggle
6.52,4.37,6.14,63.19,64.84730000000008,Average
4.77,2.62,55.71,67.53,54.237249999999946,Struggle
5.37,4.02,85.07,69.39,69.69654999999987,Average
2.84,2.87,79.47,53.33,59.674649999999986,Struggle
6.66,4.0,42.34,58.21,62.27894999999985,Average
6.34,3.94,68.35,68.26,58.21865000000009,Struggle
5.67,2.69,54.51,29.15,35.86019999999992,Struggle
2.52,4.13,89.31,76.05,79.28304999999985,Excel
2.34,2.08,66.19,57.81,60.2182,Struggle
2.62,4.97,83.39,85.16,84.87054999999995,Excel
2.18,5.0,67.88,83.91,80.39779999999986,Excel
6.21,4.41,47.36,72.46,64.67979999999997,Average
1.17,1.0,4.76,75.92,73.31660000000007,Average
1.63,3.63,90.09,87.76,86.47545000000005,Excel
2.68,2.87,66.83,57.22,62.04454999999991,Average
2.1,4.08,69.94,70.63,73.47149999999984,Average
2.63,3.89,66.83,73.36,77.0217499999999,Excel
5.32,2.01,53.79,32.47,40.92900000000008,Struggle
4.42,1.86,80.23,73.04,67.52880000000025,Average
1.0,2.97,9.94,84.03,86.00745000000019,Excel
3.52,3.32,52.99,75.52,72.20060000000021,Average
3.74,2.89,73.47,62.12,62.99195000000012,Average
1.32,4.41,76.72,99.09,95.02185000000009,Excel
5.5,3.99,25.16,77.62,72.06200000000021,Average
5.6,4.0,52.67,68.24,69.46609999999984,Average
5.24,3.91,66.83,61.55,63.79909999999987,Average
4.88,4.05,73.57,70.64,63.00980000000002,Average
1.29,4.09,7.29,92.2,82.79630000000006,Excel
7.0,1.0,82.06,47.95,44.25239999999992,Struggle
5.56,3.51,57.22,57.93,60.79170000000002,Average
6.84,1.85,81.67,69.26,49.97159999999996,Struggle
1.5,4.74,9.52,99.44,94.71910000000001,Excel
6.57,2.87,73.24,57.22,54.71489999999995,Struggle
6.16,1.89,90.07,51.97,52.43239999999996,Struggle
5.96,2.73,66.62,62.35,58.58144999999988,Struggle
1.62,5.0,57.35,91.54,90.54790000000027,Excel
5.25,1.0,93.67,48.66,50.858349999999966,Struggle
6.42,1.3,60.61,38.78,40.50114999999993,Struggle
5.32,1.17,25.54,58.67,53.06190000000006,Struggle
3.92,1.48,64.02,60.06,62.46674999999996,Average
6.75,1.89,84.18,42.46,53.921050000000044,Struggle
4.02,1.35,90.02,70.48,68.27999999999983,Average
4.32,5.0,66.83,71.68,77.26094999999981,Excel
3.92,1.0,67.61,47.1,52.9678,Struggle
6.69,1.72,56.29,45.48,47.166949999999794,Struggle
1.21,3.05,77.05,90.18,83.97815000000013,Excel
4.36,4.0,64.63,77.89,77.91004999999986,Excel
4.99,4.74,1.03,84.48,79.4057499999998,Excel
5.83,2.49,50.02,43.88,48.38579999999996,Struggle
4.23,5.0,32.72,79.41,81.04564999999982,Excel
5.99,2.74,71.63,37.55,42.74780000000006,Struggle
6.32,3.78,97.91,69.45,66.6270500000001,Average
1.0,3.37,94.54,93.58,88.33939999999991,Excel
3.38,1.0,99.7,65.19,65.11490000000002,Average
1.23,1.03,8.35,78.5,69.78429999999999,Average
2.52,3.12,52.33,49.14,56.55184999999996,Struggle
3.81,2.49,65.3,81.36,75.07260000000014,Average
6.45,2.87,83.79,49.24,60.102249999999906,Struggle
6.38,3.3,56.76,57.26,57.20470000000011,Struggle
1.89,2.44,65.0,59.1,65.56630000000013,Average
1.16,1.8,52.81,59.09,61.2953000000001,Average
4.93,2.97,73.75,81.48,75.57839999999982,Excel
4.61,3.81,60.45,73.74,71.5472499999998,Average
2.42,5.0,54.56,87.14,84.28489999999994,Excel
6.52,1.0,27.36,48.18,45.960450000000094,Struggle
6.55,1.8,67.56,36.27,36.08620000000012,Struggle
3.86,4.61,76.88,66.16,71.1718499999999,Average
3.92,3.78,87.45,61.14,66.5344999999999,Average
3.76,2.5,55.63,48.34,52.91400000000008,Struggle
5.12,3.73,89.56,71.53,69.66810000000011,Average
3.71,1.45,51.31,53.65,57.61374999999988,Struggle
2.02,1.0,72.16,67.92,68.5951,Average
6.85,1.33,79.37,50.52,50.49100000000019,Struggle
3.95,1.25,97.85,75.1,70.17314999999991,Average
5.77,2.91,78.7,71.64,67.1241499999999,Average
3.4,3.73,6.1,67.76,70.93090000000012,Average
1.25,4.7,9.03,82.1,85.72145000000019,Excel
1.56,1.8,69.79,61.0,61.617,Average
3.95,3.66,73.97,85.68,73.30719999999994,Average
5.05,5.0,59.85,75.46,73.19090000000017,Average
3.13,5.0,75.04,75.54,80.10500000000032,Excel
5.08,1.87,57.5,38.77,45.07625000000013,Struggle
4.84,2.95,87.2,66.6,66.47015000000016,Average
4.83,1.52,79.7,70.54,66.06005000000022,Average
4.38,4.78,53.93,78.09,73.76210000000005,Average
6.01,5.0,94.48,78.28,77.6332500000002,Excel
3.55,5.0,80.82,84.28,84.74740000000016,Excel
3.92,2.86,65.81,48.66,53.65389999999995,Struggle
1.96,3.81,25.44,86.65,85.34659999999987,Excel
2.76,5.0,81.61,82.19,84.23569999999998,Excel
1.0,4.0,8.14,92.0,89.34745000000004,Excel
4.43,1.0,95.38,68.02,65.45625000000015,Average
2.79,2.08,14.8,57.4,56.59099999999989,Struggle
3.08,3.65,51.96,67.28,68.0558500000002,Average
5.22,1.0,66.2,51.65,49.44557571428559,Struggle
3.13,1.43,98.24,69.31,70.84949999999994,Average
2.56,2.43,51.39,79.81,75.63574999999989,Excel
2.22,1.0,85.8,57.45,61.31960000000016,Average
5.62,1.4,61.07,40.64,45.36060000000005,Struggle
1.55,1.0,85.07,64.88,66.98334999999983,Average
3.92,1.0,93.44,75.41,68.39429999999983,Average
3.91,3.99,55.04,84.9,82.12889999999985,Excel
4.84,2.49,61.94,48.14,52.95439999999998,Struggle
4.71,3.18,51.2,42.17,47.61645000000003,Struggle
6.12,4.46,52.19,71.03,67.91210000000015,Average
1.25,5.0,4.59,87.06,88.31469999999992,Excel
2.58,1.0,66.83,60.02,61.07430000000012,Average
3.01,5.0,64.91,80.1,83.02960000000016,Excel
2.26,3.42,48.04,80.91,80.48114999999989,Excel
2.67,5.0,89.39,84.54,86.47620000000019,Excel
2.73,1.98,40.11,73.51,69.67955000000012,Average
4.24,5.0,47.04,81.46,81.20319999999965,Excel
4.54,1.98,50.58,39.25,43.615650000000024,Struggle
3.48,1.0,78.4,65.68,65.06205000000014,Average
5.6,1.0,56.24,47.79,46.05665000000002,Struggle
2.92,4.4,88.23,74.08,82.61309999999996,Excel
2.41,5.0,24.06,89.45,88.78475000000022,Excel
3.78,4.04,83.71,69.13,77.63180000000013,Excel
1.28,2.78,2.52,70.0,75.26010000000001,Excel
1.25,4.23,80.83,82.03,85.0467000000002,Excel
3.47,1.67,63.35,59.19,61.53540000000004,Average
6.55,5.0,63.35,64.58,65.51799999999996,Average
5.0,3.2,6.36,75.06,67.85264999999993,Average
1.54,4.34,50.64,82.51,82.46520000000008,Excel
6.04,4.65,59.08,60.05,61.694249999999855,Average
5.51,3.88,47.16,68.51,66.42675000000017,Average
4.42,3.34,90.85,75.49,74.1362499999999,Average
5.63,1.8,38.91,43.21,43.150949999999966,Struggle
3.73,5.0,82.67,92.07,90.64779999999982,Excel
2.53,4.73,48.75,88.95,85.63630000000025,Excel
4.34,2.97,53.23,71.81,65.4789999999999,Average
3.92,4.79,81.09,85.62,84.74100000000026,Excel
3.95,2.21,90.7,85.17,79.02030000000008,Excel
4.47,5.0,99.62,84.03,84.59555000000006,Excel
7.0,4.61,51.48,60.47,60.35139999999991,Struggle
6.8,2.4,83.0,43.93,48.90140000000007,Struggle
6.58,1.99,70.73,54.76,54.073100000000096,Struggle
5.35,3.12,50.49,56.93,56.72865000000007,Struggle
6.98,1.32,80.72,52.77,52.680550000000174,Struggle
3.92,4.0,56.12,86.03,82.43280000000023,Excel
2.15,3.05,68.93,82.72,80.20754999999981,Excel
3.89,5.0,63.07,72.58,74.29092499999997,Average
6.12,2.87,68.06,73.16,65.36694999999995,Average
3.76,2.84,74.63,60.07,61.18134999999987,Average
5.51,3.74,67.96,67.56,64.96674999999993,Average
2.22,1.21,77.64,85.38,82.12184999999974,Excel
2.88,1.0,61.93,65.03,62.094900000000095,Average
5.83,1.0,81.77,46.1,45.63860000000009,Struggle
1.97,3.58,92.69,95.31,81.98100000000004,Excel
3.02,3.18,61.2,70.33,70.46979999999999,Average
2.76,5.0,75.39,86.14,87.03969999999987,Excel
3.02,2.98,46.96,75.1,75.67760000000013,Excel
4.79,3.48,29.04,47.85,61.67955000000003,Average
3.43,3.15,68.28,67.72,70.0427999999999,Average
4.11,2.87,82.11,59.74,61.166949999999886,Average
1.15,5.0,51.41,92.85,91.01605000000006,Excel
5.35,1.0,68.5,31.73,36.11654999999988,Struggle
3.65,4.0,76.63,90.36,86.5904999999999,Excel
4.64,3.92,51.03,73.15,72.01549999999985,Average
5.3,5.0,75.38,79.48,77.78249999999984,Excel
2.71,2.71,51.7,77.59,73.49750000000006,Average
6.28,5.0,87.96,79.44,77.7232500000001,Excel
4.28,2.38,55.67,54.84,57.709400000000066,Struggle
3.62,1.0,69.65,59.42,59.418350000000046,Struggle
1.68,1.0,80.31,71.09,69.78850000000007,Average
6.25,2.78,68.16,73.87,65.83245000000016,Average
5.88,2.66,62.45,39.06,45.44445000000006,Struggle
2.04,2.98,78.64,74.93,74.8449000000001,Average
3.21,1.0,94.09,65.69,63.84095000000004,Average
5.87,1.95,76.03,54.48,51.677399999999814,Struggle
4.89,1.0,83.07,49.69,50.775999999999996,Struggle
5.61,5.0,67.88,71.99,70.65569999999985,Average
3.22,3.16,69.41,68.68,68.87925000000013,Average
5.15,2.87,3.4,76.46,72.27539999999982,Average
3.34,5.0,85.28,85.26,86.33734999999992,Excel
2.0,2.88,67.96,94.49,81.02310000000003,Excel
4.96,4.64,59.54,60.55,63.649099999999926,Average
6.41,1.55,68.47,53.67,52.34100000000003,Struggle
2.84,2.31,92.69,80.18,78.22955000000013,Excel
3.98,2.74,86.91,73.85,72.90050000000011,Average
4.97,3.38,66.73,68.79,68.46575000000006,Average
4.62,2.87,1.47,79.56,73.21974999999995,Average
6.19,5.0,53.74,65.59,65.34260000000013,Average
6.03,2.15,52.49,62.74,56.54074999999987,Struggle
1.13,2.56,56.37,58.52,64.99105000000021,Average
7.0,1.6,55.82,55.99,51.814499999999896,Struggle
5.62,1.0,54.39,38.19,45.473049999999965,Struggle
6.43,4.13,83.07,61.03,62.20175000000008,Average
5.31,4.51,80.04,73.63,70.76699999999978,Average
6.19,4.0,82.38,82.08,79.44754999999995,Excel
2.03,1.0,66.83,66.8,64.44629999999988,Average
3.13,1.0,87.84,59.81,62.5827,Average
6.36,1.11,0.0,34.67,38.27690000000004,Struggle
2.16,1.0,81.12,77.67,72.67080000000003,Average
1.12,5.0,79.0,94.88,96.22549999999984,Excel
5.78,4.0,0.53,80.09,75.0816500000001,Average
6.49,1.95,40.61,62.28,55.25445000000005,Struggle
2.27,2.87,52.94,85.61,78.93485000000015,Excel
6.38,3.89,82.67,51.86,55.62770000000001,Struggle
5.26,1.0,66.83,47.65,47.39110142857141,Struggle
3.97,1.8,64.16,44.38,46.674599999999984,Struggle
5.65,4.21,48.15,77.7,70.04110000000016,Average
3.24,4.72,19.21,70.86,76.64374999999991,Excel
1.67,3.59,98.0,89.06,89.23774999999999,Excel
2.88,3.16,55.5,60.24,62.86454999999994,Average
4.34,2.32,53.38,56.97,60.78754999999988,Average
3.96,4.63,66.83,82.12,76.67069999999994,Excel
5.42,1.06,71.36,42.74,45.46274999999991,Struggle
5.59,2.09,0.0,67.03,63.83520000000013,Average
4.28,1.24,87.23,64.71,62.99959999999985,Average
5.63,2.76,94.94,50.89,53.83064999999998,Struggle
1.91,2.97,63.01,80.2,78.04975000000015,Excel
1.14,1.32,81.44,75.72,75.68794999999989,Excel
6.65,3.69,23.85,57.19,54.70689999999997,Struggle
1.28,5.0,69.33,85.67,86.83214999999998,Excel
2.77,2.94,64.65,74.92,73.09005000000006,Average
5.3,4.91,61.43,67.7,67.49805000000012,Average
3.3,2.32,82.24,76.74,72.97529999999989,Average
6.58,1.15,56.51,40.98,43.40704999999986,Struggle
2.89,3.74,55.66,86.47,83.5020499999998,Excel
1.0,2.36,0.0,86.75,84.33189999999996,Excel
2.37,1.0,85.54,60.2,63.3711500000001,Average
4.72,2.61,96.77,88.79,80.8859000000003,Excel
3.21,2.98,0.0,84.38,81.01944999999976,Excel
4.12,4.27,77.58,85.25,83.31064999999997,Excel
5.91,2.53,49.42,71.29,64.58680000000021,Average
6.13,2.87,66.77,47.9,53.60034999999987,Struggle
2.9,1.03,85.78,79.77,75.02515000000022,Average
3.92,2.46,49.44,68.09,67.50240000000008,Average
3.92,2.6,64.39,70.18,66.98450000000011,Average
6.49,5.0,39.29,63.23,66.76299999999975,Average
7.0,5.0,65.51,61.78,67.55514999999987,Average
2.53,2.31,65.8,55.33,60.34274999999996,Struggle
5.66,5.0,90.3,74.09,79.52229999999992,Excel
2.77,2.98,54.95,86.22,80.45144999999984,Excel
1.0,4.18,0.2,83.3,84.74849999999971,Excel
1.43,3.94,5.24,89.67,88.44224999999997,Excel
3.6,2.87,53.66,75.27,70.50225000000017,Average
4.16,1.0,66.83,62.59,60.42410000000016,Struggle
1.3,2.29,5.05,77.87,80.81620000000024,Excel
4.77,3.7,53.26,65.52,69.38460000000012,Average
3.03,4.6,75.49,74.89,77.25614999999996,Excel
3.97,1.28,97.96,73.99,72.86479999999987,Average
3.04,4.65,78.45,93.51,89.04425,Excel
2.49,2.11,76.58,88.87,79.62970000000023,Excel
3.9,2.89,6.64,56.63,61.32234999999991,Average
2.69,1.8,66.83,56.72,61.83545000000007,Average
4.24,1.97,99.86,61.91,63.22439999999994,Average
2.36,3.83,63.71,72.1,75.76130000000012,Excel
4.28,3.97,33.86,61.33,67.30284999999996,Average
1.45,3.07,8.04,68.27,77.91079999999997,Excel
4.63,1.0,67.46,45.89,58.10625000000004,Struggle
5.62,2.04,53.57,54.97,48.8055,Struggle
1.17,2.27,62.89,75.51,75.40465000000015,Excel
4.22,2.94,53.5,68.88,66.47710000000004,Average
1.42,1.0,78.61,77.99,76.28869999999992,Excel
4.35,2.94,3.95,50.23,54.253849999999865,Struggle
2.48,2.62,90.74,90.52,73.37465000000006,Average
4.52,1.54,50.16,41.86,47.384799999999956,Struggle
4.53,3.53,0.0,70.38,67.00780000000005,Average
6.17,3.7,82.97,70.38,68.20659999999994,Average
4.57,1.15,95.4,68.89,66.83899999999993,Average
3.92,4.0,29.28,79.71,80.54539999999973,Excel
3.5,2.3,46.18,53.81,57.1636,Struggle
6.97,2.78,76.9,54.45,53.09105000000006,Struggle
5.38,3.63,93.71,59.91,61.065249999999885,Average
2.74,1.0,20.21,42.98,49.95764999999981,Struggle
5.89,3.57,71.22,56.16,58.975249999999896,Struggle
3.18,2.28,59.12,55.84,60.72085000000007,Average
5.58,3.48,51.08,52.53,54.67520000000009,Struggle
5.58,2.75,25.38,70.88,66.64954999999985,Average
2.24,2.14,98.82,62.53,69.67670000000015,Average
4.82,3.11,60.74,49.63,49.01810000000001,Struggle
2.81,1.0,62.68,76.01,68.6925000000001,Average
2.87,1.82,60.26,65.57,63.667549999999885,Average
3.18,4.9,75.66,86.11,84.55985000000021,Excel
5.48,2.57,82.73,65.41,65.40885000000014,Average
2.87,1.0,55.66,51.07,54.059649999999884,Struggle
1.0,1.84,5.25,92.81,86.21214999999992,Excel
5.49,4.34,65.93,75.39,72.72414999999985,Average
1.56,3.86,69.16,79.17,80.79510000000006,Excel
1.86,2.32,72.01,82.73,79.18484999999974,Excel
2.32,1.0,71.14,63.31,63.77104999999995,Average
3.39,1.68,83.21,61.85,63.79315000000013,Average
3.67,1.8,88.42,60.34,60.08555000000004,Struggle
1.0,1.72,9.74,79.02,76.4866500000001,Excel
7.0,5.0,8.11,80.52,74.4748000000002,Average
5.7,4.69,96.92,64.85,76.91404999999992,Excel
2.62,3.37,66.83,54.04,58.99210000000013,Struggle
3.92,1.0,15.43,58.11,57.002500000000055,Struggle
3.33,2.34,71.25,59.16,66.56184999999995,Average
5.0,2.49,79.53,74.25,70.79765000000008,Average
2.34,2.56,37.34,72.57,72.17234999999985,Average
1.78,4.17,62.97,70.4,74.60389999999985,Average
6.1,1.26,83.92,58.76,56.55470000000011,Struggle
3.92,1.8,80.09,63.67,59.57170000000001,Struggle
3.17,2.92,66.83,45.52,52.24525000000019,Struggle
6.48,2.7,94.23,40.76,47.895750000000106,Struggle
5.14,2.81,84.0,55.32,55.099449999999926,Struggle
3.52,2.97,68.13,57.23,67.11160000000007,Average
4.79,2.15,84.18,58.59,61.02710000000008,Average
1.16,3.89,9.11,84.43,86.30115000000015,Excel
5.36,2.87,73.41,64.12,63.524450000000144,Average
4.34,1.44,22.18,68.55,65.68339999999993,Average
5.39,5.0,16.33,64.52,66.32840000000019,Average
7.0,1.0,66.92,47.57,43.47159999999989,Struggle
6.53,4.0,57.54,67.71,66.80649999999976,Average
6.59,2.87,81.68,56.29,54.92175000000012,Struggle
3.93,3.4,83.7,60.88,65.09239999999991,Average
3.51,2.42,26.06,65.41,64.24819999999993,Average
3.85,1.19,4.44,42.27,50.37665000000016,Struggle
5.3,2.9,89.64,86.05,77.96074999999985,Excel
6.45,1.8,66.83,33.5,34.63100000000001,Struggle
2.1,2.16,67.2,68.28,71.84840000000013,Average
6.09,2.08,74.73,44.0,44.15410000000001,Struggle
6.2,1.1,90.93,45.4,56.249649999999974,Struggle
3.92,3.21,91.93,39.7,64.64769999999996,Average
6.63,1.0,65.17,36.68,36.89560000000007,Struggle
2.79,2.87,62.36,63.59,66.23235000000001,Average
1.49,4.27,86.01,100.0,97.36095000000003,Excel
1.76,2.16,28.08,71.72,73.3585499999998,Average
3.92,3.09,60.73,54.06,58.754349999999974,Struggle
4.9,5.0,77.36,66.12,72.2835500000002,Average
6.15,2.99,83.94,76.38,71.59544999999979,Average
6.06,2.73,52.65,34.67,41.09555,Struggle
5.18,1.92,53.0,53.16,51.43214999999999,Struggle
1.0,3.89,1.62,100.0,97.66519999999996,Excel
2.48,1.52,92.97,72.93,73.71460000000015,Average
1.32,2.84,46.24,83.52,85.08470000000023,Excel
2.71,1.76,71.44,61.19,64.30115000000004,Average
4.08,4.53,92.27,94.41,88.43479999999998,Excel
1.08,4.73,3.69,100.0,96.71309999999998,Excel
3.57,5.0,55.31,85.39,82.2597999999999,Excel
1.68,1.26,65.99,70.64,69.39039999999989,Average
4.43,1.0,59.9,55.19,54.08704999999999,Struggle
3.34,2.77,70.93,54.49,74.25895000000006,Average
3.69,4.0,64.34,77.14,76.47869999999993,Excel
3.65,3.66,66.96,86.37,80.94270000000014,Excel
6.75,4.28,75.78,45.96,52.181349999999874,Struggle
2.14,2.63,58.45,81.53,67.67184999999989,Average
3.69,1.46,90.31,53.38,59.423599999999894,Struggle
5.15,4.34,57.28,53.79,57.76820000000017,Struggle
4.02,5.0,74.05,71.86,74.50190000000015,Average
6.82,3.34,63.45,54.52,56.40995000000017,Struggle
3.55,1.43,51.69,64.97,62.59709999999987,Average
4.06,1.0,68.05,50.04,51.0439500000001,Struggle
2.0,5.0,43.93,93.27,92.62155000000021,Excel
5.03,4.36,64.8,87.9,79.3338499999998,Excel
2.73,4.0,99.52,96.16,91.89450000000005,Excel
1.87,1.88,81.56,83.97,81.66384999999983,Excel
4.69,2.2,89.67,67.84,71.15805000000006,Average
4.3,3.68,50.72,46.54,52.779750000000156,Struggle
1.25,3.0,94.02,100.0,95.30514999999995,Excel
5.25,1.36,97.7,71.9,67.56544999999984,Average
3.92,3.52,78.76,74.65,74.29649999999981,Average
2.48,5.0,87.69,84.87,93.3304,Excel
3.6,4.18,75.64,81.06,78.2881999999999,Excel
5.77,1.8,37.23,41.98,41.844299999999876,Struggle
4.66,1.0,17.71,65.04,58.507500000000164,Struggle
3.1,5.0,79.84,82.92,83.6449500000001,Excel
3.33,2.58,78.97,93.02,84.51025000000023,Excel
5.04,4.54,82.96,75.87,74.09675000000014,Average
3.92,2.45,92.8,60.33,64.14219999999992,Average
5.2,1.45,86.6,62.47,60.70489999999986,Average
1.26,5.0,36.74,89.96,90.65114999999977,Excel
3.93,3.76,73.34,73.05,74.30804999999992,Average
6.75,1.43,99.01,71.52,64.25255000000016,Average
1.57,2.97,41.75,72.73,74.27994999999983,Average
6.84,3.7,96.91,72.54,67.99925000000019,Average
7.0,3.01,90.67,58.0,58.415549999999975,Struggle
1.94,3.96,83.3,97.76,92.29889999999997,Excel
6.16,1.0,67.47,40.9,42.32354999999991,Struggle
3.6,1.0,8.47,67.29,63.61255000000011,Average
5.65,5.0,82.17,70.48,72.08744999999973,Average
3.35,1.0,7.76,50.06,52.777450000000016,Struggle
3.91,2.05,42.16,72.55,65.42010000000008,Average
5.09,4.53,88.02,66.82,67.69499999999988,Average
5.88,3.8,65.61,67.77,69.4267000000002,Average
1.0,2.93,0.0,77.46,76.10444999999973,Excel
4.19,1.8,74.73,48.43,50.65405000000006,Struggle
2.56,2.87,66.16,87.14,80.82374999999989,Excel
2.66,3.09,70.65,69.05,72.62905000000005,Average
2.67,1.8,94.77,65.83,65.31519999999996,Average
4.15,1.0,67.98,52.18,52.998150000000116,Struggle
3.14,5.0,30.53,87.98,84.26259999999978,Excel
1.49,2.58,66.83,64.38,67.73234999999978,Average
1.54,3.24,4.98,81.76,80.35014999999984,Excel
1.58,1.68,0.0,74.11,77.8764,Excel
4.31,5.0,21.99,74.7,79.08494999999988,Excel
3.92,3.82,59.03,70.66,70.80659999999996,Average
1.74,3.19,61.28,83.47,81.48029999999983,Excel
3.92,1.84,79.9,37.4,45.69894999999987,Struggle
5.73,3.52,56.25,67.69,65.64015000000006,Average
4.67,4.38,98.92,68.57,73.20774999999993,Average
5.08,2.73,66.83,84.52,72.28075000000018,Average
6.0,2.78,91.11,62.61,58.59890000000005,Struggle
1.68,3.58,88.43,89.86,88.39620000000009,Excel
4.39,1.08,85.68,52.19,54.901850000000024,Struggle
5.15,5.0,65.24,80.98,78.52814999999974,Excel
4.87,1.35,55.02,54.6,53.455150000000124,Struggle
5.86,3.21,83.92,56.15,59.11784999999983,Struggle
1.1,1.8,66.83,58.86,62.294200000000046,Average
5.1,1.39,89.29,52.58,54.49269999999998,Struggle
4.2,1.0,97.84,59.32,60.41269999999992,Struggle
3.25,3.11,95.07,67.67,70.58105000000002,Average
3.35,5.0,55.75,86.18,84.93790000000008,Excel
4.78,2.27,68.48,55.48,59.46069999999993,Struggle
6.74,4.7,68.22,60.54,63.42875000000009,Average
3.99,2.13,56.11,49.55,51.49779999999997,Struggle
5.67,3.16,54.91,52.3,45.91284999999994,Struggle
3.04,2.73,69.24,70.48,73.21094999999981,Average
1.98,5.0,99.6,100.0,98.81300000000002,Excel
1.0,5.0,78.45,99.69,98.22864999999989,Excel
1.0,3.62,81.09,84.3,83.54479999999978,Excel
2.84,3.9,73.55,83.72,78.223,Excel
2.94,2.57,83.12,60.68,65.3690500000001,Average
5.34,3.05,97.83,70.25,70.89919999999998,Average
4.98,1.0,79.43,48.97,49.52489999999996,Struggle
1.33,1.39,53.25,63.56,73.46714999999999,Average
3.92,1.0,52.08,67.69,55.700800000000044,Struggle
2.92,2.88,99.64,87.96,82.6042499999997,Excel
4.62,4.56,69.37,60.81,65.11149999999992,Average
2.05,3.8,9.99,86.88,85.77359999999977,Excel
1.77,2.06,55.33,68.8,70.36399999999982,Average
6.38,2.15,57.06,37.24,40.837449999999905,Struggle
6.18,4.74,62.21,77.07,70.93929999999986,Average
1.92,4.0,65.02,87.62,88.70335000000016,Excel
3.3,5.0,65.27,85.63,86.39989999999996,Excel
3.55,3.09,69.36,73.62,70.72270000000019,Average
3.92,3.01,98.32,78.96,76.9876499999997,Excel
4.46,3.01,54.22,74.51,66.70505000000014,Average
2.27,1.8,90.94,66.96,66.1159499999998,Average
5.8,1.0,67.08,44.17,45.03900000000002,Struggle
3.58,2.87,92.47,59.99,67.79424999999995,Average
2.37,3.88,99.59,79.56,83.06894999999992,Excel
3.7,2.69,67.43,69.71,67.9881999999998,Average
4.37,3.99,19.85,85.87,81.90960000000027,Excel
2.8,4.32,31.11,67.53,70.5183000000002,Average
2.44,3.7,87.94,88.95,84.99945000000018,Excel
2.96,3.57,57.25,76.86,76.2874000000001,Excel
3.92,2.87,7.98,65.28,66.09665000000012,Average
5.7,2.83,60.22,36.01,43.19990000000008,Struggle
1.78,3.98,67.78,79.79,82.3620000000003,Excel
1.05,2.8,5.24,79.16,82.11839999999997,Excel
5.4,4.79,0.0,86.21,80.57284999999966,Excel
5.76,2.23,65.81,60.09,59.44745000000012,Struggle
5.8,3.59,70.65,71.9,67.58664999999979,Average
3.96,1.0,80.6,69.09,64.61030000000012,Average
1.83,5.0,66.83,90.67,92.92639999999996,Excel
5.0,2.39,87.46,68.06,67.32664999999999,Average
5.29,1.0,76.03,44.3,46.45445000000001,Struggle
2.49,2.91,75.52,60.6,65.08965000000015,Average
6.28,1.0,81.57,37.74,39.91034999999989,Struggle
1.7,3.28,45.52,74.1,75.99090000000014,Excel
6.47,2.87,67.33,62.97,61.46319999999987,Average
6.6,1.49,66.52,43.43,52.529600000000016,Struggle
4.92,3.22,63.49,60.05,62.50944999999992,Average
6.2,1.96,77.44,50.01,50.59840000000008,Struggle
5.0,3.19,68.01,71.79,68.85235000000017,Average
1.74,4.99,77.02,86.67,87.41359999999992,Excel
3.33,3.1,70.3,80.36,78.00665000000012,Excel
1.35,3.9,91.84,83.74,86.63989999999993,Excel
3.58,1.94,53.66,53.45,56.31055000000009,Struggle
5.22,4.0,78.61,77.21,77.03764999999976,Excel
3.26,1.8,78.78,63.73,62.652899999999875,Average
3.41,3.76,69.19,60.03,65.27875000000014,Average
4.37,2.87,71.05,55.15,65.62509999999983,Average
3.92,1.7,90.01,65.24,65.60779999999988,Average
1.0,5.0,5.72,81.33,85.94645000000003,Excel
2.99,1.61,93.57,78.2,73.09215,Average
1.91,2.46,63.66,77.72,77.22174999999987,Excel
4.9,1.0,82.53,46.76,48.23345000000011,Struggle
2.03,5.0,88.64,100.0,98.27510000000002,Excel
4.54,4.63,80.65,61.97,64.81139999999989,Average
2.82,2.43,76.26,69.23,68.93839999999982,Average
2.29,4.16,98.33,89.49,89.57755000000002,Excel
6.19,2.57,64.13,36.86,42.66674999999989,Struggle
1.34,1.8,8.53,63.91,66.08324999999994,Average
3.6,3.42,64.37,61.68,63.373300000000164,Average
1.35,2.71,8.06,69.63,73.89259999999982,Average
4.23,3.58,28.14,55.42,58.625300000000024,Struggle
3.83,5.0,95.44,84.55,85.05934999999978,Excel
3.92,3.92,6.97,70.64,77.91514999999995,Excel
1.55,3.73,92.5,81.66,87.64845000000015,Excel
2.96,1.76,62.46,74.62,69.5692500000001,Average
4.53,5.0,6.7,79.45,80.06245000000025,Excel
6.15,1.0,13.62,36.53,41.391949999999994,Struggle
4.12,4.13,62.89,77.21,75.09819999999978,Average
4.05,3.14,74.52,69.01,67.77895000000008,Average
1.71,1.38,97.31,67.73,70.94709999999978,Average
2.51,2.87,35.46,68.47,69.99474999999988,Average
1.48,3.73,81.99,83.61,82.87360000000011,Excel
2.37,1.76,71.39,82.34,77.25920000000002,Excel
1.91,1.0,52.34,54.37,56.26260000000004,Struggle
3.66,1.14,75.18,68.27,67.91690000000014,Average
4.55,5.0,53.3,63.33,75.48099999999998,Excel
7.0,1.79,94.18,57.64,55.14279999999998,Struggle
2.08,4.0,54.01,91.83,83.60769999999997,Excel
5.19,4.0,68.93,78.27,76.89215000000021,Excel
5.43,4.48,82.01,54.71,60.76764999999984,Average
4.64,5.0,55.6,83.31,80.16149999999988,Excel
2.09,1.0,85.13,57.84,60.77130000000005,Average
2.92,2.61,91.14,61.15,66.65194999999983,Average
1.62,2.32,1.32,85.5,81.68494999999997,Excel
3.12,5.0,64.21,71.59,76.43685000000008,Excel
5.79,4.32,63.19,66.15,65.45494999999987,Average
1.35,2.71,7.14,79.36,79.97585000000012,Excel
2.08,1.3,98.39,72.52,74.68780000000024,Average
5.38,1.0,96.03,59.12,57.61040000000009,Struggle
5.64,3.41,67.98,67.87,66.99465000000014,Average
3.24,2.47,64.19,91.06,79.54674999999993,Excel
5.17,2.7,96.07,71.81,71.16319999999989,Average
3.48,2.87,27.75,71.13,67.73544999999982,Average
1.47,1.39,64.94,82.39,78.52259999999983,Excel
3.51,3.41,30.21,51.73,56.228399999999866,Struggle
4.63,1.0,67.16,61.17,58.03275000000004,Struggle
6.35,1.78,59.94,56.82,50.37894999999991,Struggle
3.92,1.15,75.35,84.96,76.61659999999976,Excel
4.5,1.8,92.17,51.47,53.13614999999996,Struggle
3.35,3.81,76.4,95.86,88.30270000000017,Excel
3.96,4.18,56.17,70.9,70.0901499999999,Average
1.0,3.64,4.35,64.11,70.34265000000013,Average
2.5,3.27,78.14,80.76,77.38480000000008,Excel
5.46,5.0,79.16,79.92,74.18629999999993,Average
4.12,1.0,78.85,53.81,52.793600000000026,Struggle
4.14,4.61,53.85,62.65,66.31275,Average
3.17,4.42,87.68,73.65,75.83604999999993,Excel
3.1,2.44,95.47,71.23,74.23064999999978,Average
3.15,5.0,42.81,84.65,82.52249999999982,Excel
5.65,1.0,85.94,55.69,52.876150000000045,Struggle
6.9,1.0,95.7,40.65,42.42499999999988,Struggle
3.78,2.87,5.85,54.87,59.96820000000012,Struggle
3.28,1.97,7.99,57.3,60.22084999999996,Struggle
6.27,2.44,86.07,58.83,58.60554999999995,Struggle
3.81,4.67,63.03,72.44,73.23555000000006,Average
4.59,2.87,58.08,56.14,58.02165,Struggle
2.39,5.0,92.11,83.07,95.26235000000008,Excel
5.75,5.0,64.81,60.86,63.925300000000014,Average
3.72,1.02,94.86,65.57,64.4103499999999,Average
6.03,4.2,81.02,65.99,70.26839999999991,Average
5.42,2.74,71.16,68.03,64.54385000000003,Average
2.06,2.87,81.16,73.12,73.04019999999997,Average
4.88,1.35,70.09,57.22,56.896649999999916,Struggle
5.49,2.48,91.9,64.7,63.43240000000012,Average
3.57,4.71,53.18,94.64,86.8053499999998,Excel
1.96,3.51,95.06,78.94,80.24590000000012,Excel
1.45,1.57,2.95,74.3,76.44829999999985,Excel
3.37,2.66,83.02,67.82,69.89424999999993,Average
2.81,2.1,0.0,59.23,62.87789999999982,Average
4.39,2.87,57.35,62.56,65.77729999999998,Average
1.98,2.11,86.84,78.0,80.0253,Excel
6.3,1.8,66.83,34.46,35.515150000000006,Struggle
2.47,2.67,91.94,79.65,74.76929999999997,Average
2.67,2.61,79.82,61.16,62.53489999999995,Average
3.81,1.61,62.62,72.07,67.4794999999999,Average
4.06,1.0,58.08,55.86,51.97845000000003,Struggle
2.11,1.0,53.74,55.58,57.399749999999976,Struggle
3.92,5.0,56.87,78.79,78.56810000000033,Excel
2.17,5.0,80.06,95.75,92.95154999999998,Excel
5.21,3.43,75.92,52.49,55.98494999999982,Struggle
5.4,2.96,58.43,51.04,53.340950000000156,Struggle
3.88,1.91,56.47,56.21,57.68289999999986,Struggle
5.72,2.77,78.2,59.42,59.265400000000064,Struggle
5.05,1.75,17.02,47.83,49.66924999999999,Struggle
2.13,1.0,93.69,72.5,72.87465000000005,Average
6.84,5.0,90.35,70.77,71.53000000000024,Average
5.96,2.31,57.09,51.15,50.40139999999991,Struggle
2.69,2.01,50.8,48.33,57.065149999999946,Struggle
2.23,2.07,25.06,76.98,74.67089999999976,Average
2.08,3.46,77.49,84.74,82.02465000000011,Excel
1.84,3.79,75.97,86.59,84.7698000000001,Excel
5.24,1.87,41.61,60.06,50.201050000000016,Struggle
4.01,3.79,67.22,70.63,71.94274999999982,Average
6.12,4.35,66.83,53.52,71.20825000000004,Average
5.82,2.37,50.2,59.41,55.24754999999989,Struggle
4.33,2.8,4.5,62.97,63.78384999999992,Average
4.94,3.91,6.62,52.76,54.83110000000014,Struggle
1.13,2.77,0.5,90.12,87.07990000000018,Excel
2.94,1.84,83.35,84.45,76.88390000000021,Excel
4.52,1.0,36.56,61.81,58.07940000000001,Struggle
1.0,3.45,4.87,79.54,80.0222500000003,Excel
1.46,1.0,3.55,76.54,75.09120000000024,Average
6.34,2.95,84.29,60.47,61.23149999999987,Average
5.44,1.81,80.81,66.53,61.92545000000011,Average
3.02,5.0,92.68,98.41,94.3532999999998,Excel
4.94,1.79,95.03,71.1,59.70779999999995,Struggle
6.11,4.39,32.56,76.73,73.62599999999978,Average
3.01,3.64,25.05,76.51,75.43295000000018,Excel
1.68,4.68,0.0,100.0,94.81604999999995,Excel
6.37,4.34,60.69,54.07,55.73674999999989,Struggle
2.84,2.85,57.36,98.04,85.23895000000024,Excel
1.84,2.43,51.14,58.75,62.43144999999997,Average
4.38,1.0,96.06,57.73,59.30529999999983,Struggle
5.93,4.92,79.46,64.72,66.45405000000007,Average
2.56,5.0,88.74,95.71,94.73199999999972,Excel
2.51,1.0,69.92,67.15,68.47674999999981,Average
2.68,1.8,99.59,74.49,71.26064999999991,Average
7.0,1.09,61.38,51.2,47.533799999999964,Struggle
2.43,3.4,63.22,78.55,76.84229999999978,Excel
4.63,3.86,25.89,47.95,53.55915000000004,Struggle
6.1,2.86,97.02,65.03,61.56395000000013,Average
2.04,2.9,66.83,94.56,87.97564999999997,Excel
6.81,5.0,83.74,67.42,68.29560000000006,Average
7.0,1.97,84.37,48.43,50.389200000000095,Struggle
6.42,1.0,93.73,57.89,53.044399999999975,Struggle
2.4,1.0,83.25,71.28,68.82600000000008,Average
5.29,1.0,78.1,63.71,49.21930000000004,Struggle
5.16,1.2,51.19,48.85,45.82040000000004,Struggle
6.7,4.85,0.0,63.42,63.18835,Average
2.24,4.06,59.3,68.44,72.08975000000011,Average
5.42,4.32,55.48,65.36,65.94595000000005,Average
2.88,5.0,1.09,84.62,83.17050000000017,Excel
2.44,1.8,68.7,52.79,65.21509999999998,Average
3.61,2.95,74.9,88.25,78.84765,Excel
5.36,1.84,80.78,69.5,64.90790000000005,Average
3.6,1.08,97.9,71.72,69.90679999999983,Average
3.81,4.16,66.54,55.95,59.834950000000056,Struggle
7.0,2.87,88.04,55.47,54.27944999999993,Struggle
3.06,2.1,76.57,63.64,65.82954999999991,Average
5.05,4.29,61.0,68.33,69.83854999999998,Average
3.27,2.17,80.77,53.85,60.459650000000146,Struggle
2.92,2.48,98.36,80.98,80.45849999999979,Excel
4.97,1.9,22.74,46.77,49.17800000000014,Struggle
6.75,1.0,75.36,33.12,43.129349999999974,Struggle
4.09,4.81,52.58,62.88,72.68630000000007,Average
5.62,1.31,66.06,57.43,49.518549999999976,Struggle
1.95,1.0,81.03,81.43,70.03475000000006,Average
2.12,2.89,58.57,64.22,66.13869999999986,Average
3.85,4.37,1.25,82.47,79.33799999999975,Excel
1.44,4.25,0.0,87.11,88.26425000000016,Excel
2.34,1.8,95.46,66.33,66.38094999999994,Average
3.68,3.84,65.14,62.83,68.87489999999993,Average
1.0,2.87,7.69,80.87,78.3191500000003,Excel
3.04,1.04,73.7,53.57,58.298249999999896,Struggle
4.51,3.23,94.93,76.44,74.44735000000004,Average
4.16,4.03,89.87,79.06,78.62219999999988,Excel
6.6,3.0,69.52,71.55,64.13534999999986,Average
3.92,3.41,60.71,49.09,54.90665000000007,Struggle
3.66,5.0,83.41,90.63,89.31849999999977,Excel
6.27,2.17,86.92,53.35,51.98890000000012,Struggle
5.26,4.0,87.12,82.38,80.35989999999974,Excel
2.52,2.09,75.2,60.54,66.07550000000019,Average
1.62,2.74,4.26,75.47,79.60334999999985,Excel
4.66,3.19,63.07,60.18,60.63515000000015,Average
4.69,1.0,28.93,50.61,52.53920000000003,Struggle
6.0,4.89,92.6,71.24,71.15804999999988,Average
3.92,5.0,92.04,70.42,75.89979999999997,Excel
5.16,1.0,55.23,34.48,39.35124999999987,Struggle
6.91,4.23,97.49,61.65,63.30530000000009,Average
3.83,1.97,59.12,61.26,61.612950000000126,Average
1.24,3.38,47.58,70.19,70.76595000000007,Average
5.79,4.0,60.76,77.82,75.40754999999986,Excel
2.1,4.0,93.02,98.69,95.31739999999992,Excel
5.7,3.77,87.47,53.53,66.59144999999997,Average
6.25,2.96,67.68,56.86,56.95145000000003,Struggle
5.12,2.07,84.09,60.78,59.49285000000012,Struggle
3.92,5.0,26.78,74.97,78.32904999999978,Excel
3.63,5.0,69.11,85.53,83.96620000000023,Excel
3.92,2.87,68.86,61.13,64.31249999999983,Average
2.97,4.0,61.9,76.08,79.62204999999999,Excel
4.66,1.99,93.82,73.09,68.25490000000008,Average
6.0,1.0,8.72,54.09,52.20940000000009,Struggle
5.29,5.0,64.0,74.31,73.91644999999991,Average
2.2,2.84,66.83,72.95,75.11125000000017,Average
4.04,3.67,50.9,54.39,59.696949999999944,Struggle
5.87,2.69,67.33,67.42,62.18075000000003,Average
3.37,3.64,76.34,56.92,66.03415000000004,Average
3.8,3.1,63.89,51.35,56.07225000000013,Struggle
5.78,2.73,53.22,84.59,46.776950000000014,Struggle
4.83,3.51,70.59,66.54,68.89745000000006,Average
3.92,3.31,39.71,84.31,76.2105499999999,Excel
6.17,1.08,96.95,52.57,55.4783999999999,Struggle
1.61,4.78,63.14,77.47,85.98864999999991,Excel
7.0,4.0,69.91,67.43,65.81755,Average
3.92,1.27,69.11,69.91,62.69839999999991,Average
1.0,1.0,2.45,62.14,63.15674999999992,Average
6.47,3.84,60.87,56.47,57.46859999999989,Struggle
2.49,3.35,65.12,63.3,65.08519999999984,Average
5.46,1.8,93.21,50.21,51.26859999999991,Struggle
5.81,4.0,88.35,81.59,78.1190000000001,Excel
3.92,2.96,53.61,78.87,72.07835000000016,Average
7.0,4.07,72.86,55.81,57.261599999999945,Struggle
2.48,4.9,75.39,86.33,84.58204999999998,Excel
5.16,5.0,5.0,67.82,71.49174999999997,Average
2.15,5.0,53.72,75.84,78.79215000000013,Excel
3.13,1.98,66.83,53.94,55.921050000000015,Struggle
3.92,3.23,47.61,41.0,52.399449999999945,Struggle
2.9,2.08,52.87,46.41,50.26549999999993,Struggle
4.07,1.8,23.87,40.79,45.429000000000066,Struggle
3.79,3.02,42.02,53.41,58.863899999999916,Struggle
4.43,3.37,68.35,59.14,62.62894999999993,Average
6.49,1.8,69.67,40.88,39.894850000000076,Struggle
1.19,1.0,6.43,61.28,64.6156000000001,Average
3.96,2.92,61.29,60.17,60.651000000000025,Average
6.43,1.89,63.08,40.96,45.127849999999974,Struggle
4.19,2.18,23.47,76.68,69.46100000000015,Average
1.38,1.83,66.3,56.1,63.84795000000014,Average
4.84,3.37,53.61,72.1,62.6770000000001,Average
3.17,3.82,85.17,96.74,90.78129999999999,Excel
2.17,4.66,69.3,86.1,84.23675000000004,Excel
5.78,1.93,66.34,63.17,54.69215000000001,Struggle
4.47,4.0,56.33,76.05,76.82859999999978,Excel
7.0,3.44,61.33,41.44,55.34789999999994,Struggle
5.58,5.0,61.64,70.9,69.95724999999979,Average
5.35,4.89,99.26,84.16,81.67664999999994,Excel
1.28,3.71,0.49,92.98,91.45484999999977,Excel
3.38,1.44,0.0,59.83,59.83014999999993,Struggle
2.16,2.98,80.84,79.39,78.13634999999985,Excel
6.06,1.62,62.8,54.6,54.42585000000012,Struggle
1.72,3.28,55.22,75.14,75.69189999999985,Excel
3.92,2.82,85.28,82.4,76.25004999999986,Excel
4.16,1.13,56.58,41.13,50.89164999999996,Struggle
2.71,3.22,72.19,65.35,68.83865000000016,Average
2.68,2.54,55.84,79.26,70.70089999999992,Average
4.63,1.84,46.61,51.83,51.10729999999997,Struggle
1.29,1.49,9.73,78.64,78.86244999999991,Excel
1.0,1.0,89.29,65.69,67.54605000000002,Average
3.61,4.07,68.0,71.75,72.27694999999993,Average
5.3,3.77,67.78,62.0,64.92845000000001,Average
4.57,2.85,50.42,45.32,48.34389999999991,Struggle
3.05,5.0,86.72,87.66,87.2189499999999,Excel
4.38,3.06,77.82,85.63,77.86024999999984,Excel
3.02,3.72,0.4,75.41,75.45114999999991,Excel
6.15,1.0,67.96,47.11,44.97599999999993,Struggle
1.61,3.22,27.85,82.0,81.15754999999999,Excel
5.05,2.12,64.83,58.91,57.932199999999966,Struggle
6.18,5.0,58.54,68.25,67.55130000000003,Average
6.13,4.79,73.76,64.09,64.80750000000009,Average
2.05,1.3,89.85,80.12,78.36825000000029,Excel
2.28,5.0,33.12,81.36,83.78750000000018,Excel
5.74,3.22,95.31,57.05,57.569149999999915,Struggle
1.27,1.8,77.24,56.33,58.75774999999992,Struggle
6.2,1.76,73.27,67.16,53.557899999999954,Struggle
5.63,1.0,89.35,51.84,54.8582999999999,Struggle
5.04,1.0,55.07,39.9,43.791949999999886,Struggle
1.57,2.98,88.69,95.71,91.30314999999977,Excel
4.85,1.88,7.22,49.42,54.03445000000005,Struggle
4.93,2.51,64.04,63.47,62.62939999999993,Average
6.22,2.67,49.65,74.57,68.34909999999986,Average
1.0,3.07,8.49,84.39,83.82054999999991,Excel
1.0,2.67,0.1,76.4,76.80864999999983,Excel
3.25,1.0,14.75,59.35,57.06180000000009,Struggle
1.93,1.8,88.83,64.37,67.35420000000015,Average
4.53,2.05,62.97,44.12,50.60035000000004,Struggle
6.76,1.8,3.14,43.37,41.63439999999992,Struggle
3.55,1.73,70.9,69.4,67.25504999999987,Average
6.42,3.88,58.78,46.76,52.233250000000105,Struggle
1.0,2.83,0.0,88.7,84.14885000000015,Excel
2.08,4.0,0.23,90.25,88.70879999999997,Excel
1.04,5.0,6.28,84.17,96.20375,Excel
3.43,4.72,64.13,73.36,76.12335000000009,Excel
6.39,2.21,59.05,31.68,38.50230000000008,Struggle
2.04,2.84,83.39,92.08,91.6666,Excel
4.91,3.25,79.0,56.14,66.84114999999989,Average
3.92,1.0,82.42,50.72,50.13880000000005,Struggle
6.62,2.87,67.19,61.06,59.23419999999997,Struggle
1.68,3.15,88.49,80.45,83.66190000000014,Excel
2.3,1.0,56.48,60.34,60.48385000000001,Struggle
1.0,5.0,3.22,96.19,95.9179,Excel
4.0,5.0,27.18,85.11,80.38059999999979,Excel
2.96,2.16,55.18,69.42,72.39454999999998,Average
6.52,1.42,66.18,49.15,47.68879999999991,Struggle
4.56,4.12,8.26,71.78,66.77990000000008,Average
4.25,5.0,94.56,74.35,77.97140000000007,Excel
4.37,1.8,87.13,50.27,52.46915000000016,Struggle
1.42,4.97,58.78,74.67,78.11950000000002,Excel
4.04,5.0,63.74,85.5,81.96505,Excel
7.0,1.0,95.97,46.78,44.375199999999985,Struggle
5.66,4.44,71.86,72.41,69.99899999999991,Average
6.46,4.0,97.06,78.85,77.11305000000021,Excel
6.13,1.0,69.62,43.42,45.911849999999994,Struggle
1.69,4.82,97.59,100.0,97.94075,Excel
2.37,1.8,56.97,76.02,55.383949999999935,Struggle
1.0,4.75,2.46,90.16,91.36789999999988,Excel
2.56,3.99,50.44,81.21,81.1532999999997,Excel
3.92,3.59,70.02,67.54,68.5522500000002,Average
3.36,1.86,95.56,85.81,79.11099999999989,Excel
5.34,3.25,73.09,76.99,72.62664999999988,Average
6.28,2.23,59.37,42.18,44.92795000000002,Struggle
5.94,3.27,0.0,49.1,53.130150000000114,Struggle
7.0,2.97,91.78,47.06,51.42175000000002,Struggle
1.48,4.9,78.89,84.73,87.36694999999978,Excel
1.0,3.91,66.83,100.0,82.47165000000003,Excel
4.95,5.0,91.33,82.12,82.69155000000019,Excel
2.44,1.0,66.83,74.16,71.57004999999992,Average
2.12,2.95,1.63,68.95,71.5922500000001,Average
3.07,1.12,57.26,54.79,56.042550000000155,Struggle
2.93,3.25,54.14,57.38,71.79250000000012,Average
3.83,2.73,96.76,77.83,74.01949999999997,Average
3.56,4.45,73.76,67.89,69.87889999999986,Average
4.12,2.89,53.22,63.07,64.73524999999988,Average
5.45,2.81,66.08,80.18,75.20635000000017,Excel
2.96,5.0,8.88,70.11,75.08920000000012,Average
2.25,3.22,59.14,82.15,79.74634999999985,Excel
3.92,1.0,86.77,65.25,62.998300000000015,Average
2.64,3.99,84.47,95.69,93.24204999999992,Excel
5.61,3.09,51.09,67.48,59.58994999999985,Struggle
5.68,3.51,66.83,78.6,74.75170000000014,Average
4.88,1.66,30.49,54.54,55.03395000000016,Struggle
2.37,2.81,61.1,80.05,69.37184999999995,Average
4.88,1.09,2.14,55.05,54.34749999999999,Struggle
4.08,1.0,0.0,47.05,49.26674999999998,Struggle
3.64,3.56,50.48,64.64,63.84199999999989,Average
4.31,2.61,78.3,83.48,75.1396499999998,Average
3.86,1.8,81.47,58.87,60.975650000000044,Average
4.46,1.15,52.52,39.68,49.681599999999996,Struggle
5.71,2.95,64.52,70.9,59.77749999999994,Struggle
2.08,2.89,92.57,73.72,77.15094999999992,Excel
5.23,4.3,55.07,55.93,59.67345000000011,Struggle
1.62,2.78,60.83,81.6,78.93090000000015,Excel
1.06,2.87,71.22,76.03,76.29730000000012,Excel
7.0,5.0,92.11,66.62,70.37160000000016,Average
6.64,2.87,62.74,50.4,54.294999999999966,Struggle
1.31,5.0,99.86,100.0,98.2138,Excel
3.96,3.85,67.76,76.1,72.13839999999992,Average
2.13,3.47,69.32,85.6,82.7417500000001,Excel
3.53,1.88,56.11,41.4,48.73909999999992,Struggle
5.92,1.0,56.07,53.21,44.2928,Struggle
6.83,1.0,62.17,38.43,37.394600000000054,Struggle
5.03,1.0,81.44,58.48,54.71894999999982,Struggle
3.27,4.36,61.16,84.04,80.02685000000021,Excel
4.24,2.67,69.39,57.47,59.70174999999988,Struggle
2.67,3.4,92.83,94.3,89.80964999999978,Excel
6.69,2.11,86.95,46.96,52.09929999999989,Struggle
6.6,3.96,19.3,39.97,46.70910000000001,Struggle
3.9,3.58,80.39,85.94,81.21355000000005,Excel
2.49,2.5,51.15,67.42,69.89815000000003,Average
2.9,3.96,54.53,77.21,76.53389999999976,Excel
1.25,1.0,0.0,75.07,72.42709999999984,Average
5.55,3.8,63.03,77.31,66.09269999999988,Average
3.75,1.3,73.36,68.12,67.82555000000016,Average
3.42,2.04,88.85,87.91,83.13089999999991,Excel
3.96,1.0,20.12,47.41,49.85674999999991,Struggle
5.86,4.57,56.17,51.52,61.210099999999976,Average
2.08,2.87,63.47,95.54,89.31030000000028,Excel
5.86,3.51,97.61,81.17,76.22585000000004,Excel
6.3,1.99,87.39,43.81,48.07080000000006,Struggle
6.71,1.0,50.97,36.69,40.669449999999905,Struggle
3.38,4.37,70.05,66.16,74.12890000000002,Average
2.72,3.29,62.87,59.14,62.12859999999991,Average
